hour,amount,is_new_payee,txns_last_hour,device_changed_recently,payee_risk_score,time_since_last_txn_min,label
7,270.55,0,0,0,0.2852482458556202,10.418107710334047,0
9,1348.55,0,1,0,0.19344033686405496,148.73452658648384,0
13,354.19,0,0,0,0.1665133828628763,58.29442531568509,0
18,163.52,0,0,0,0.04708507098008749,184.11891458124313,0
14,177.85,1,0,0,0.09924365023495266,228.4006514230855,0
6,3975.77,0,1,0,0.2199709709819204,65.324514873719,0
17,564.24,0,0,0,0.08464021063118111,20.679363166974003,0
23,101.74,0,1,0,0.27326730779693387,10.080202787581236,0
2,1248.93,1,3,0,0.10243665080656067,598.3626757757022,0
14,252.42,0,0,0,0.08517186993649914,30.000705357060422,0
13,61.8,0,0,0,0.22224652623819569,482.7543791932042,0
18,2898.45,0,0,0,0.17087559039147296,111.42537091304354,0
15,124.6,0,0,0,0.030264699765874557,78.01092616807703,0
10,1904.49,0,1,0,0.29148766940149917,171.531845890256,0
16,703.48,0,0,0,0.21576689985959613,239.47291885887924,0
8,392.82,0,0,1,0.32350723141371057,40.60656776502222,0
11,1117.59,1,0,0,0.10495432976170274,401.5227362548201,0
12,832.14,0,0,0,0.05906368024960644,96.30283042279865,0
14,410.88,0,0,0,0.040596991331549065,157.52537683317215,0
9,701.97,0,0,0,0.22985443400829778,23.030562114614984,0
4,720.17,0,0,0,0.08952603083668934,182.77325119064326,0
11,896.63,0,1,0,0.08520587218332412,197.8296066781575,0
13,226.7,1,1,0,0.05395727746918192,450.3139403196202,0
4,1857.6,1,0,1,0.9685335106552397,5.559978404330136,1
13,364.12,0,1,0,0.08073646955178329,145.32753864171607,0
5,2937.77,0,0,0,0.07032656174104203,165.34989686953213,0
18,1973.52,0,0,0,0.23531527272800318,4.478433895055327,0
14,134.05,0,0,0,0.1681194196332809,536.2072209218468,0
15,178.25,0,0,0,0.03342542566090151,243.93533507973234,0
14,1182.0,0,0,0,0.0486725435362447,43.71389236829129,0
18,147.74,0,0,0,0.07204709410070535,244.09112901532168,0
23,301.98,0,1,0,0.1465913672004269,89.02718073382744,0
0,4823.39,1,4,0,0.8906965029877443,17.106395751249547,1
16,247.74,0,1,0,0.22155146275618012,59.637064085462725,0
12,366.08,1,1,0,0.0317471205173541,41.860870889603525,0
5,154.27,1,0,0,0.07240341487210089,51.040464072542655,0
9,306.53,0,0,0,0.05614895396756884,110.14818059653183,0
16,448.08,0,0,0,0.023352600734059068,146.05948303077506,0
10,642.45,0,0,0,0.24759123871288358,493.88862809767755,0
11,73.19,0,0,0,0.05330484354668128,65.22751299825642,0
22,8974.44,1,5,1,0.9371887366430145,1.0624753335984867,1
14,160.42,0,0,1,0.2124264843872943,41.226621934150856,0
7,229.91,0,0,0,0.04045942248768487,30.60086691392043,0
14,1470.46,0,0,0,0.08841507334874173,122.55480126339518,0
7,252.53,0,0,0,0.0972553113806815,39.14478216460677,0
0,1857.6,1,5,1,0.6636888726312159,13.957821470390535,1
14,1445.36,0,0,0,0.2380372291890208,352.9783415022706,0
0,4823.39,1,2,1,0.9383523400430595,5.3603192352961475,1
19,2046.79,0,0,0,0.02145215407104853,109.4323760023047,0
2,1857.6,0,2,0,0.7934427547995655,0.5111237787115127,1
6,4305.42,0,0,0,0.07440891908063517,444.2364705576327,0
10,998.96,0,0,0,0.280461321119506,1.0,0
15,1719.54,0,0,0,0.05779327687712432,118.24115300478205,0
11,535.47,0,0,0,0.18951845108331142,409.09741006833264,0
12,415.67,0,1,0,0.08186541602004119,251.3145216386434,0
19,604.44,0,0,0,0.0410240498588837,166.97948807203954,0
10,262.09,0,0,0,0.1579536469117079,100.86195939719822,0
9,627.14,0,0,0,0.23796338978006387,54.23983679130722,0
14,1270.05,0,0,0,0.5444462045643161,44.386996784045486,0
11,159.43,0,0,0,0.17269317168280895,107.2526812633554,0
15,872.52,1,0,0,0.1463592508763932,65.79287788032589,0
23,941.86,0,0,0,0.2185056364981639,709.5274776970696,0
23,1241.56,0,4,0,0.011330351314495621,24.04587366471772,0
12,252.73,0,1,0,0.014417720252484181,352.3763546963818,0
11,703.47,0,0,0,0.1384967495845517,590.6541033018826,0
17,159.48,0,0,0,0.08616530974253661,229.23602516150922,0
13,191.0,0,1,0,0.03630248068449363,107.90449269027945,0
15,256.18,0,0,0,0.010961493984160998,54.21111553584602,0
10,391.41,0,0,0,0.03237940704278773,136.3425758976396,0
13,142.0,0,0,0,0.13900093841856245,49.8661523824442,0
20,1340.17,0,0,0,0.11336360713941632,182.4825438854583,0
15,1011.48,0,1,1,0.2340839639430009,354.4046986021484,0
13,386.6,0,0,0,0.09713970387495546,22.19092692282064,0
22,4823.39,1,2,1,0.9192658760842224,6.245662186511951,1
10,1006.98,0,0,0,0.2592834719367585,80.47205179296678,0
17,877.17,0,0,0,0.10139916574050198,282.32769382985657,0
10,277.62,0,0,0,0.23203691895355638,235.43804320011273,0
18,179.65,0,0,0,0.027373578262044937,3.5829203370940785,0
16,104.36,0,0,0,0.0017709520956673045,54.55533755515727,0
21,46.21,0,0,0,0.11381677508019533,154.50933791734482,0
12,880.46,0,0,0,0.16302628542329697,217.68984460237502,0
6,70.03,0,1,0,0.23844319479909487,37.35522885680922,0
10,329.38,0,0,0,0.08709502656026362,52.3520496931763,0
17,410.71,0,0,0,0.14274145888597203,48.100237401408805,0
17,1214.59,1,0,1,0.11030245695049848,243.2407474514337,0
14,1404.93,0,1,0,0.002415155340912619,119.18018997730246,0
14,1438.97,0,0,0,0.06627459491086078,9.137036612040616,0
6,182.98,0,0,0,0.20358196690956745,613.0406146363468,0
13,790.59,1,0,0,0.4645586734721737,21.65948014784451,0
21,183.63,0,0,0,0.2972159104720653,30.61103697288642,0
15,176.55,0,0,1,0.300542870144124,59.796300472068296,0
16,154.91,0,0,0,0.3328805339116961,28.21730792932818,0
16,323.56,0,2,0,0.1389468899172175,132.77827686392953,0
14,209.83,0,0,0,0.006937928449439771,108.134775234715,0
10,312.33,0,0,0,0.2837160818210103,627.8593359503485,0
14,345.75,0,0,0,0.2463021302769481,36.97211697129352,0
11,1085.39,0,2,0,0.038890016378703984,211.03971916762526,0
10,284.94,0,0,0,0.0844030460632432,109.66697875840853,0
19,203.08,1,0,0,0.1303474124481044,33.21972484109741,0
3,1649.67,0,0,0,0.14839609678825608,19.90068792494958,0
11,134.15,0,1,0,0.03488460404541971,225.9978699370492,0
14,1254.15,0,0,0,0.5412716910991074,6.1611208069321135,0
11,546.64,0,0,0,0.10134935117920481,27.839342187858485,0
21,549.0,0,0,0,0.1737361875856104,17.219343334712892,0
13,789.57,0,0,0,0.07005017373773292,97.03275618864218,0
0,214.44,0,1,0,0.1446450573760524,398.1333815390953,0
16,330.66,1,0,0,0.2483576367524909,645.3258232840473,0
17,979.68,0,0,0,0.18266354044496197,18.18596836005744,0
16,235.68,0,0,0,0.1594247564927596,169.20714784769552,0
18,106.74,0,0,0,0.01551722819520638,18.372033339365014,0
15,699.41,0,0,0,0.1986405926281717,307.08550445611877,0
18,540.16,0,0,0,0.2761445234465527,217.45321839337694,0
16,212.21,0,0,0,0.24371815463185498,97.09663974569806,0
8,541.62,0,1,0,0.06573132673682283,26.891382099274157,0
10,677.57,0,0,0,0.20236857267374714,129.45299086367325,0
19,1444.13,0,0,0,0.07063219606777561,552.9265801004109,0
12,856.41,0,0,0,0.2548112614737738,61.20179874363901,0
12,98.29,0,0,0,0.0677475791213211,200.81554470152344,0
8,485.53,0,0,0,0.3728438092254118,139.5553293788776,0
16,592.9,0,0,0,0.08380671063141909,365.74961639716173,0
16,758.79,0,2,0,0.27450371152021935,10.168970814277392,0
10,150.66,0,0,0,0.14746851458558294,1.9798121835213498,0
11,557.5,0,0,0,0.21199852809291267,30.140483583950093,0
9,327.18,0,0,0,0.154848413347785,22.596826275012145,0
12,265.03,1,1,0,0.09281006705329707,217.1528414293328,0
17,454.92,0,0,0,0.3634179204702866,74.41201189608913,0
9,2091.8,0,0,0,0.480523097153138,63.56221214131062,0
19,59.34,1,0,0,0.21212313839155741,151.15916455966158,0
14,1395.8,0,0,0,0.10284708442484154,279.5601754197769,0
13,419.6,1,0,0,0.27641520352090754,13.067818754423882,0
20,399.23,0,0,0,0.2267116394509774,39.851181199631895,0
10,2561.79,0,0,0,0.035479637948386156,182.07376976149118,0
5,8974.44,1,3,1,0.2525792805403873,3.9968995336798785,1
23,217.13,0,2,0,0.25999180995598437,37.79853077565949,0
13,290.95,1,0,0,0.3669097535582441,228.2822380150247,0
4,160.89,0,0,0,0.279264978562539,38.656605814475704,0
13,963.01,0,0,0,0.09394082804881095,579.2887481956491,0
9,1139.8,0,0,0,0.09444529353913717,49.21076201308306,0
20,246.41,0,0,0,0.06857096251270527,1018.7087396275035,0
9,452.58,0,0,0,0.10469054659203068,643.8091345297779,0
21,69.51,0,0,0,0.050890174507348306,74.26986874562695,0
13,179.73,0,1,0,0.16563235591618042,94.95323620425351,0
12,196.08,0,0,0,0.10477551282863581,61.62899503603951,0
3,1747.98,0,0,0,0.03386524553919916,41.5036819907273,0
16,642.69,0,0,0,0.19389689675511218,96.14669459245312,0
11,180.14,0,0,0,0.38768856589811274,511.84411752523295,0
7,224.64,0,1,0,0.07121973658216445,203.68640971046347,0
17,222.25,0,1,0,0.2187912051852357,202.5456491566006,0
10,112.33,0,0,0,0.01373554234714102,340.16480414393334,0
16,266.68,0,0,0,0.1172881018551199,99.15075908572531,0
15,1653.59,0,0,0,0.03938409263799554,69.22767483209088,0
16,404.44,0,0,0,0.01613728081524531,88.5672800815521,0
16,520.82,1,0,0,0.057752478284586024,96.30380229020274,0
1,1608.04,0,0,0,0.1064506064045262,10.900716284012226,0
17,226.15,1,1,0,0.05619218364916895,113.20318508592227,0
22,805.6,0,0,0,0.05421389411051051,79.69015200020472,0
12,218.85,0,0,0,0.11395971761749261,123.88910524503166,0
12,282.59,0,0,0,0.2901565210653014,62.06931786158538,0
16,114.64,0,0,0,0.17379559462165076,10.166733824779975,0
13,651.62,0,0,0,0.02877269921712228,188.52706311749185,0
23,785.59,0,0,1,0.04433742339291997,239.94577580706502,0
23,8974.44,1,1,1,0.7492571370218843,1.1301808791614505,1
11,1694.08,0,0,0,0.07812279436209439,6.383513777053336,0
15,401.93,0,0,0,0.09280924917293344,177.24536625829364,0
16,204.79,0,0,0,0.31304187138703865,73.1095540722291,0
15,131.48,0,1,0,0.05577530761404551,117.43386048605713,0
8,272.73,1,0,0,0.1812927120119792,107.84445530110457,0
16,304.64,0,0,0,0.13362588039978618,98.55193319680278,0
7,126.47,0,0,0,0.17392579831420224,32.12985921937476,0
12,554.95,0,0,0,0.11581191186944154,503.4290631418916,0
9,110.32,0,0,0,0.16695177774917594,173.25129262146524,0
18,70.77,0,0,0,0.1123051734364708,87.9046524897817,0
11,1153.84,0,0,0,0.0019221837619004154,122.82327421576386,0
12,361.39,0,0,0,0.1955436031851824,86.57656106680881,0
18,619.34,0,0,0,0.053411734086336794,6.254027930933875,0
20,487.84,0,2,0,0.23415027083802123,219.2587899399879,0
21,298.33,0,2,0,0.4799820278196521,128.08889687386753,0
14,1180.12,0,0,0,0.04234933927151074,52.648150161929664,0
13,688.18,1,0,1,0.16501876281089953,15.152109147992668,0
19,1206.14,0,1,0,0.03953579932072198,154.34348996366415,0
14,306.32,0,0,0,0.1671158882184963,104.77369107374494,0
9,380.15,0,0,0,0.05345041060854284,205.6592915413897,0
21,98.65,0,0,0,0.11366555889320441,508.3307097627199,0
17,199.45,0,0,0,0.1669927381636617,297.04723711438913,0
5,521.8,0,1,0,0.07705178610334432,25.98912075867983,0
8,1095.66,1,0,0,0.34083542654561994,228.36679211786404,0
15,301.84,0,0,0,0.05514038316265916,81.40381697115647,0
14,538.41,0,0,0,0.30993380973780593,56.68286113235164,0
17,118.21,0,0,0,0.10267389093320883,53.19315142573465,0
21,293.73,0,0,0,0.23738030789288253,41.704459087293806,0
8,644.86,0,0,0,0.021187124921153867,112.74295639627564,0
20,359.69,0,0,0,0.13095434386552687,248.11868535301986,0
10,731.54,1,0,0,0.2842409966517167,310.0692428425322,0
23,183.74,0,1,0,0.0896798683406003,1.197196761917699,0
8,627.06,0,1,0,0.22205365201566926,196.18157948564428,0
23,223.48,0,0,0,0.042417980110924305,53.24467650438516,0
14,173.06,0,1,0,0.1541028770511244,106.68444423255323,0
16,177.29,1,2,0,0.007395802927038711,12.41936285854309,0
9,29.62,0,0,0,0.13902790022963113,40.13174368549736,0
5,1617.35,0,0,0,0.10024567327130589,7.098288232561778,0
12,787.3,0,0,0,0.3486263486022266,316.5985253916306,0
15,322.45,0,0,0,0.09866786857280832,20.331010458316094,0
19,439.37,0,0,0,0.39450377341890785,57.43018270657616,0
10,4516.29,0,1,0,0.32818965387342414,79.10559916814374,0
3,512.69,0,0,0,0.13794458671950882,252.97110816408076,0
14,197.76,0,0,0,0.057555042568851515,114.89682687456741,0
16,277.34,0,0,0,0.1803331671060761,213.8821301423801,0
11,1831.49,1,0,0,0.12294939633874495,140.0791684619876,0
12,78.72,0,0,0,0.1417319036123548,50.80798002862689,0
18,152.27,0,0,0,0.15902883437917445,204.82941368509472,0
13,274.92,0,0,0,0.04999464649990128,26.298484783495514,0
15,152.1,1,0,0,0.30085540222332674,607.9414336517546,0
16,110.62,0,0,0,0.10534617180595618,128.95727765364813,0
19,257.8,0,1,0,0.018293813571998607,146.46175177509275,0
10,645.06,0,0,0,0.20008420918180234,153.54285886018306,0
23,151.42,0,1,0,0.14625311875334054,99.40253577861328,0
13,468.64,0,0,0,0.12233844377934994,246.7100319314586,0
21,686.69,0,0,0,0.17352127498312706,2.041944460866572,0
15,176.07,0,0,0,0.09975575429868294,146.76677086824947,0
19,128.4,1,0,0,0.298862170201574,14.108296796092988,0
17,544.51,0,0,0,0.11072619128810296,26.262275298241484,0
17,5464.27,0,0,0,0.22193175023754386,140.86994956695608,0
21,717.6,0,0,0,0.06754215382463508,419.1768089330219,0
13,226.96,0,2,0,0.1170741723595464,1.6704902534921378,0
15,430.78,0,0,0,0.22895187127263833,468.2163687658146,0
22,304.53,0,2,0,0.049246686756668545,1099.9713150662612,0
10,100.06,0,0,0,0.26318640911394753,749.8421417013628,0
18,1676.36,0,1,0,0.15051855760222316,19.51953747141267,0
13,853.23,0,0,0,0.13957686850936665,4.855544998002746,0
20,78.23,1,0,0,0.08608584501604011,149.87081312016883,0
22,589.88,0,0,0,0.01223408051129501,221.25587884850233,0
14,496.08,0,0,0,0.06057121115973599,129.50887289305697,0
17,64.37,0,1,0,0.143606280528759,504.1098925158437,0
1,1857.6,1,1,1,0.7896551717562927,10.872618646248263,1
4,4823.39,1,1,0,0.9271897731246912,8.467528968937863,1
8,274.54,0,0,0,0.1914677622487472,52.218297549973975,0
15,200.8,0,0,0,0.34434489268440555,764.7847716107233,0
4,87.81,0,0,0,0.152270583723603,93.75658670903417,0
23,1018.62,0,1,0,0.2686023142296367,10.045780376938628,0
9,2125.65,1,0,0,0.09492921470139756,287.1979975277264,0
13,187.09,0,0,0,0.046886864443640056,49.33289053884667,0
16,396.01,1,0,0,0.20045278661820623,208.9750245998313,0
13,30.38,0,1,0,0.14800772226211192,453.14990402685794,0
13,262.98,0,1,0,0.25089820380120303,48.46569547142527,0
15,72.82,0,0,0,0.12352214691639339,3.9342496718389697,0
20,345.96,0,1,0,0.03548094568346709,24.667768939580686,0
0,207.95,0,0,0,0.06871644795731223,33.35950055420739,0
11,1682.41,0,0,0,0.042162156045788,113.37541479558685,0
14,968.01,0,0,1,0.11216577974876916,43.65217301554804,0
12,225.39,0,1,0,0.18740583169438116,272.5912753731427,0
14,232.7,0,0,0,0.025132658520886027,395.7353257982602,0
13,1604.21,0,0,0,0.20378904992679775,255.07097538703778,0
4,679.01,1,0,0,0.13362685923228754,7.492630778557487,0
17,1040.77,1,0,0,0.02749690065570224,162.0657981212259,0
14,388.66,0,0,0,0.20843730682317296,85.56436149128113,0
22,223.29,0,0,0,0.3815734515564123,195.41798108486535,0
21,784.33,0,1,0,0.036529379236194204,20.748703935146782,0
11,150.27,0,0,0,0.02559629900791986,466.0777827954032,0
16,665.6,0,1,1,0.3896566337272517,543.1924786710834,0
14,960.97,0,0,0,0.194256685549598,127.86766265021662,0
11,1673.36,0,0,0,0.1663927593287716,331.1169775240321,0
13,263.3,0,0,0,0.05340374362326674,4.407282964153199,0
9,224.41,0,0,0,0.1808437166865506,175.10503303730488,0
15,213.35,0,1,0,0.02479765233423756,565.0771334322662,0
14,635.5,0,0,0,0.11323207882885371,20.30812989765806,0
12,267.91,0,1,0,0.20719096238133888,37.035056772685785,0
23,173.88,0,0,0,0.03459458869993824,377.18275948847366,0
17,136.42,0,0,0,0.22847862800545526,527.929811012793,0
16,176.22,0,0,0,0.06937735608270822,105.70959279831773,0
12,303.96,0,0,0,0.031735255685934424,195.19100713884976,0
18,890.94,0,1,0,0.054896894848889315,187.69452718324223,0
23,315.11,0,1,0,0.06521140038139989,519.1554230402098,0
8,117.31,0,0,0,0.09659034265418737,374.1063513312821,0
15,334.83,0,1,0,0.05409149942149775,5.51129479798103,0
13,339.12,0,2,0,0.1294758263741483,366.9065361847178,0
13,281.93,1,0,0,0.12722610183467634,51.39826405791745,0
23,296.12,0,0,0,0.0979446687653002,22.948599107338968,0
16,422.13,1,0,0,0.06638628990776124,128.56168351325567,0
11,1408.77,0,0,0,0.15746481290442282,21.200396827008813,0
0,8974.44,1,2,0,0.9568398670537268,5.88828850828333,1
11,49.91,0,0,0,0.07478391776492266,380.9067842694745,0
14,1049.27,0,0,0,0.09445983918538488,41.5982570978807,0
16,225.75,1,0,0,0.10083873739246256,77.31179192420915,0
11,536.84,0,0,1,0.16560900400237533,191.06607554434888,0
16,684.84,0,0,0,0.007019949575536831,178.98586931525531,0
10,106.26,0,0,0,0.2960826584651967,284.209280646154,0
11,381.16,1,1,0,0.035816404615844046,305.17886449422343,0
8,523.2,0,0,0,0.09167030876787995,9.668479471491892,0
18,94.14,0,1,0,0.390310074142,243.575868779407,0
12,159.95,0,1,0,0.1724994125942648,261.3049266079698,0
18,335.9,0,0,0,0.17304745365934412,16.042455647569973,0
10,501.27,0,0,0,0.1558377738194219,279.69692184148136,0
15,607.35,0,0,0,0.30210218073659545,133.58862026073183,0
17,407.57,0,1,0,0.1193937813377958,105.30471927628984,0
10,535.52,0,0,0,0.2211872359786526,15.041238664403261,0
21,332.54,0,1,0,0.02852294452041982,8.002081930517594,0
16,267.04,0,0,0,0.12312573661050348,100.84883552616722,0
10,69.28,0,0,0,0.1984663840320734,279.3873631244401,0
9,1337.75,0,0,0,0.027577975043402456,601.5981955181209,0
8,1071.6,0,2,0,0.23283392482272372,63.075219479246265,0
16,623.75,0,0,0,0.07913915673964898,240.61165153563664,0
6,663.43,0,0,0,0.1123558315815354,22.458572643496527,0
20,184.03,0,1,0,0.3008498478076057,81.57901804086855,0
12,148.38,0,2,0,0.16280772136511032,109.53422292969341,0
15,285.12,1,0,0,0.13044508811330813,591.3378455856927,0
16,316.79,1,0,0,0.43394382328818054,43.55715427273655,0
13,941.92,1,0,0,0.13182996371911093,110.70206304321673,0
18,373.95,1,0,0,0.30646653813589886,583.9740887456772,0
7,98.03,0,1,0,0.2598109048737648,201.669637029273,0
13,512.23,0,0,0,0.1725880785006936,189.5094136906625,0
14,266.89,0,0,0,0.1626486745083792,96.85452916032398,0
19,363.98,1,0,0,0.18556973268033383,247.963461138603,0
16,328.62,0,0,0,0.0677642312363619,553.4327547653203,0
14,258.91,1,0,0,0.06821147065266558,340.2483362381089,0
15,133.0,0,1,0,0.14814341897266575,200.61048573466178,0
22,318.63,0,0,0,0.07618511401040758,401.4418849098507,0
16,959.91,0,0,0,0.2593108329536735,463.8874719418865,0
9,317.02,0,2,0,0.1721260908704206,52.01447425882588,0
10,756.13,0,0,0,0.4168416398866646,63.440401552647174,0
15,211.67,0,0,0,0.01174284545784218,142.02409841194705,0
8,1453.07,0,0,0,0.20179033804128702,78.48511350653455,0
14,67.0,0,0,0,0.12489900791045778,65.46414170851816,0
15,258.04,0,0,0,0.07820067454846394,378.60485492077294,0
18,180.54,0,0,0,0.6789374453937641,21.604369703730676,0
23,1857.6,0,3,0,0.8003764020491858,0.1,1
18,312.5,1,0,0,0.13458123131234287,55.2330435788974,0
8,231.04,0,0,0,0.05670135310594965,113.64847769544774,0
8,658.37,0,0,0,0.18065097972933283,561.4266905724063,0
13,865.29,1,0,0,0.25023406529859604,1.0,0
12,1239.67,0,1,0,0.07264416334291036,418.40463238060033,0
13,863.69,1,0,0,0.024797844564853018,78.07278505058828,0
13,278.51,0,0,0,0.09253153960535494,29.47985512066046,0
14,1241.84,1,0,0,0.4561663565320837,33.48475043745138,0
12,627.69,0,2,0,0.344019195148528,321.90695278713275,0
11,187.71,0,0,0,0.23102378409925697,102.64509991840714,0
12,455.3,0,0,0,0.171588939748593,1.0,0
12,1357.41,0,0,0,0.008249749736734605,127.1258890518762,0
17,956.85,0,0,0,0.12204122169118457,219.8430076703258,0
17,1217.99,0,0,0,0.46968609501773406,69.76926973989045,0
15,489.37,0,0,0,0.18287681395800234,76.12377704088046,0
11,368.95,0,0,0,0.29569004042685315,134.39086654194315,0
20,341.04,0,0,0,0.2055173289426491,157.1022484928635,0
8,64.45,0,1,0,0.2576862659385959,105.14571845578968,0
13,837.33,0,1,0,0.20256483012737836,89.72691505020688,0
17,428.48,0,0,0,0.1351806514601435,8.424525383883186,0
17,1126.63,0,0,0,0.23915371340772676,690.6642334584662,0
15,404.42,0,0,0,0.23387561775620236,129.49319970310444,0
13,157.04,0,0,0,0.016464679678215983,266.0172207161377,0
10,141.72,0,0,0,0.07140982675184589,151.6636731177766,0
3,1857.6,1,4,1,0.9073083812918109,2.1494228066799965,1
14,154.05,0,0,0,0.04591553840059945,65.42018982158802,0
12,534.5,0,0,0,0.0957452423592893,85.04505959650324,0
15,167.49,0,0,0,0.004970706093704281,576.587486019707,0
3,1495.73,0,0,0,0.06270506648802927,130.53347542997625,0
17,740.99,0,0,0,0.0681305923632827,203.11469058344773,0
17,158.62,1,0,0,0.03537689229651078,473.4509604550837,0
13,76.8,1,0,0,0.2814782142869129,528.9707244111296,0
12,502.79,0,0,0,0.06088095600067231,64.71579101930574,0
23,139.61,0,1,0,0.1267616250463234,282.5680664692388,0
15,734.43,0,1,0,0.06518149598498824,113.02625345388421,0
12,1144.08,0,0,0,0.2177640126378962,73.4218847675833,0
15,420.99,0,0,0,0.2436368242901086,4.3094316783484485,0
15,107.94,0,0,0,0.1343241044689825,214.5895276693908,0
20,571.53,0,0,0,0.48090573464634095,252.83261347572414,0
10,510.46,0,1,0,0.0347935838427568,43.18896208222009,0
11,284.78,0,0,0,0.041088790053367796,579.3973737906376,0
3,131.33,0,0,0,0.3254545844018556,96.59945151640753,0
14,604.03,0,1,0,0.017230374512850692,448.28034841253736,0
18,344.2,0,1,0,0.39961848891222,1.4707200727219873,0
11,2512.92,0,0,0,0.1363077241869032,153.06168222932882,0
10,93.76,1,1,0,0.07985273073054452,363.741595429727,0
14,2628.97,0,0,0,0.13761758535592533,533.199923707998,0
13,2075.06,0,1,0,0.13263173322178162,347.67775899089634,0
8,1838.58,0,1,0,0.055200358635860404,278.85309169885784,0
11,233.79,0,1,0,0.37481500376281196,411.8224794072548,0
20,785.3,0,0,0,0.08386813014880798,287.0334001609637,0
12,866.42,1,0,0,0.0568802097307881,156.45367701552493,0
16,685.06,0,0,0,0.062112678746561505,37.62716923403498,0
22,356.33,0,0,0,0.19165336753332032,42.933416045794154,0
10,3112.98,0,0,0,0.08661666053832603,454.119165205579,0
10,315.33,1,0,0,0.07913151320774868,170.42244497641013,0
15,134.71,0,1,0,0.18276884423859568,15.097309364421605,0
12,426.52,0,0,0,0.2683586390426939,33.172289974253744,0
20,437.15,0,0,0,0.007119668473102452,54.39540239204093,0
14,635.53,0,0,0,0.01448568163211455,371.4035773115452,0
16,616.68,0,0,1,0.039029392258424916,216.69258030590305,0
11,1251.97,0,0,0,0.12590852919009693,319.9502947353434,0
20,93.07,0,0,0,0.48619513607456444,37.52119590301842,0
15,1618.65,0,1,0,0.32577978858230616,120.16995251563284,0
16,1219.92,0,0,0,0.057686494618346996,75.39149853044819,0
9,154.02,0,0,0,0.18682768180003403,271.3221835908996,0
12,277.18,1,0,0,0.05243579454641761,404.3868305942537,0
7,845.2,0,0,0,0.15466232796370868,142.31306532132643,0
21,1528.56,0,0,0,0.03745507327660698,67.64727545890959,0
18,229.63,1,0,0,0.09595851698255126,3.2083640924427894,0
10,337.28,0,0,0,0.1626299978978649,108.46615554229386,0
0,8974.44,1,4,1,0.6160100350275302,20.422754761134446,1
10,233.11,0,0,0,0.013460214966913048,156.06387121086252,0
15,494.52,1,0,0,0.09753724124503743,36.58167150488882,0
17,434.94,0,0,0,0.07505003969988548,526.8621505827984,0
13,529.35,0,0,0,0.2174317679785831,140.2587938298703,0
16,502.71,0,0,0,0.07086864326238541,149.00184819586087,0
14,420.49,0,0,0,0.14519933331279805,367.1921389202587,0
21,648.1,0,0,0,0.01507947768476649,19.511256771269633,0
14,2515.05,0,0,1,0.11722096832554264,163.10536801443936,0
16,551.63,0,0,0,0.3546949701216449,1.2861417052970174,0
17,1925.52,0,2,0,0.21620729610633435,31.923569144742824,0
16,2310.79,0,0,0,0.2369919550070376,28.5600126491419,0
11,303.05,0,0,0,0.08549044246261724,323.8995069018097,0
22,891.79,0,0,0,0.024113248711335546,20.644500685951684,0
1,8974.44,1,3,0,0.8542084235284227,23.49832018759351,1
13,4129.5,0,0,0,0.45517332920404435,192.458086538633,0
13,1202.18,0,0,0,0.1270950392512416,118.85996632698745,0
10,688.81,0,0,0,0.2677039471458256,257.5341826967734,0
10,157.2,0,0,0,0.07272596304017787,7.3912681419160124,0
9,207.49,0,0,0,0.27376375816923665,12.12583073743626,0
13,453.06,0,0,0,0.09886039650094333,263.52910662566956,0
5,8974.44,1,3,0,0.6316421587371788,6.980299983019969,1
17,2109.28,1,1,0,0.18880143333694277,180.35265733040748,0
22,1030.49,1,0,0,0.11262307532478318,497.40141660011705,0
22,181.17,0,0,1,0.021417645623262507,181.6517341517165,0
14,1110.77,0,0,0,0.10486812859881192,32.33676609486573,0
18,5173.73,0,1,0,0.13134468447857556,216.7277483103952,0
11,712.92,0,1,0,0.09974875517895575,51.74819886533268,0
22,4823.39,1,1,1,0.967093663485963,2.3983048314109507,1
12,298.54,0,0,0,0.08829384677547018,464.6726311713708,0
22,4823.39,1,2,1,0.6322622824522282,18.52390529330591,1
5,8974.44,1,4,1,0.7571499114515805,2.8215686772781137,1
8,427.01,1,0,0,0.5022945297208788,74.68914794966156,0
15,274.27,0,0,0,0.11887617650204114,47.174519603415995,0
10,414.29,1,0,0,0.18933966156934057,272.7683252221358,0
11,301.02,0,0,0,0.11062548160686286,8.72189745351622,0
9,114.05,0,1,0,0.13154372589987048,54.94667128813302,0
17,551.24,1,0,0,0.06786267995511898,25.570040114675116,0
9,374.13,0,0,0,0.13506518908149653,143.46004682539564,0
15,465.81,0,0,0,0.061979574164087205,71.80676979256529,0
12,354.88,0,0,0,0.10129752851735392,465.58101081768706,0
5,4823.39,1,6,1,0.6787362984040626,3.766046091339903,1
23,282.98,0,0,0,0.22392540502514272,175.2672640603264,0
13,19.73,0,0,0,0.1774754026398682,7.165456071964743,0
21,4202.17,1,1,0,0.1802278788703437,67.216853338413,0
20,84.18,0,0,0,0.3034000633146868,114.92606114484131,0
13,412.77,0,0,0,0.16844621892144343,48.10602480826362,0
5,4823.39,1,2,1,0.9100458617691185,4.726080844169645,1
12,353.62,0,0,0,0.06732151783441283,110.61621245622499,0
21,134.22,0,0,0,0.06704804254343279,119.16343441494254,0
11,4795.87,0,2,0,0.2029009123499887,19.693311408496275,0
22,4823.39,0,4,0,0.9191747783636828,5.5065363675160235,1
11,101.91,0,0,0,0.12489425226999229,842.2714512042768,0
15,151.63,0,0,0,0.29617037608557073,281.97085097096056,0
14,1390.81,1,0,0,0.21873770025369377,103.60324348168879,0
12,194.04,0,1,0,0.33062460719691905,166.55599754263255,0
15,200.37,0,0,0,0.3842155928769307,68.37214256990134,0
17,632.71,0,2,0,0.1998296608899416,23.906952481914562,0
15,277.68,0,0,0,0.08494056714258796,44.11316041596278,0
14,654.55,0,0,0,0.12756634007342285,134.72827165565056,0
12,259.1,0,0,0,0.055718282961704405,7.326573432100233,0
23,679.0,1,1,0,0.27716854165575644,117.5713394889229,0
15,767.07,0,0,0,0.3586149081120639,7.199653410056062,0
20,1060.86,0,0,0,0.1445678717753916,145.50584492246836,0
11,875.3,0,0,0,0.021022089551833954,14.56753286484907,0
0,4823.39,0,3,1,0.6097712521194256,10.43177810284986,1
10,291.17,0,1,0,0.1385343632983109,362.8647801136416,0
10,449.04,0,0,0,0.16458380343805032,49.39758325657529,0
8,189.05,0,0,0,0.10232853682216829,147.1416577901196,0
14,1289.59,0,1,0,0.19101033389606076,209.67863331616738,0
21,280.08,0,0,0,0.1756957285586882,114.50849464243623,0
4,2311.77,0,0,0,0.06907632022314629,14.772071935588874,0
15,116.21,0,0,0,0.32303192499467215,128.54209159761888,0
11,153.98,0,0,0,0.19476492813765134,271.901376770656,0
11,1446.76,0,2,0,0.1897369750216643,152.5885772719032,0
9,1660.03,0,1,0,0.15230072634412603,159.83732026240966,0
16,572.31,0,0,0,0.12725530046589192,110.08175675189133,0
12,463.33,0,0,0,0.06982953919888796,119.8256998464663,0
8,272.33,0,0,0,0.08806062688207417,1264.9201771725297,0
20,108.21,1,1,0,0.16012803625505612,20.704618382994664,0
11,139.23,0,2,0,0.2812344271010972,122.42828289032805,0
15,2503.83,0,0,0,0.19668740747951444,286.2473655715479,0
16,378.86,0,2,0,0.17508594514830295,243.9099863320953,0
15,1190.09,0,3,0,0.1781122848416701,50.95848445578632,0
7,95.8,0,0,1,0.058534592706463114,110.78426281036863,0
10,287.75,0,0,0,0.3655904316610838,382.7390475465948,0
13,448.33,1,0,0,0.03566202410135203,400.9671333958852,0
8,193.27,1,1,0,0.32365774731139313,886.062796902271,0
15,1250.09,0,0,0,0.03237149948391779,201.06643373578908,0
17,193.96,0,0,0,0.07254199206795707,1.0,0
23,1434.87,1,0,0,0.02699439391099767,407.0759351670016,0
10,139.85,0,1,0,0.055730975452648226,143.61850149631292,0
12,587.94,1,0,0,0.22562616021445758,399.08276993899517,0
18,1717.49,0,0,0,0.1892787281562237,153.62539637537967,0
16,311.46,0,0,0,0.38569372549205183,8.017236018985912,0
18,716.18,0,0,0,0.19711636396274299,82.78578498807737,0
1,8974.44,1,3,0,0.6439995222506949,11.043175329071476,1
16,40.76,0,0,0,0.01972177955899612,8.687479374656082,0
11,416.43,0,0,0,0.1039117461969828,72.44811175364458,0
15,262.56,0,0,0,0.03968761529717104,124.53713567400138,0
14,5186.69,0,1,0,0.1197255370894008,77.07544794690597,0
12,200.37,0,0,0,0.030064427053291234,139.1520990163376,0
12,3312.93,0,1,0,0.24922922412222703,16.310218354153573,0
13,2766.15,0,1,0,0.3265527351822833,320.23781349270683,0
3,4823.39,1,4,1,0.8695164412425423,17.996206524746636,1
21,2545.93,0,0,0,0.046472276787219345,115.33042892302407,0
17,310.49,0,1,0,0.08656013340311348,22.44609931498887,0
5,124.31,0,0,0,0.3117818768393208,998.476439304256,0
7,109.69,0,1,0,0.06704238684674052,175.7755893257977,0
18,156.55,0,0,0,0.3237316164837517,79.84379182482324,0
11,560.62,0,0,0,0.10341158536488115,260.0797568007097,0
11,638.15,0,1,0,0.1823088046500742,800.9286295906825,0
10,265.96,0,0,0,0.12710565303755636,349.11803290484585,0
21,381.95,1,0,0,0.04097449911593937,77.4798815827813,0
13,71.89,1,1,0,0.10628925703096971,32.79500126095143,0
4,561.15,0,0,0,0.12096220102881398,36.02383083939559,0
23,141.58,0,0,0,0.30035465957886637,125.41614712541414,0
8,244.93,0,0,0,0.12245778140415522,72.88228968869778,0
14,132.47,0,0,0,0.01588742301153598,402.16664278605174,0
17,804.25,0,0,0,0.180816901569251,232.25278963789233,0
19,3910.68,0,0,0,0.3436422688884318,183.79843043915753,0
3,1121.0,0,0,0,0.2643104562768085,714.8816430315663,0
11,319.0,0,0,0,0.17218548895849645,361.7533900208236,0
19,275.57,1,0,0,0.04947788896788246,381.4656842944689,0
13,1055.07,0,0,0,0.17974890651479525,505.06877469187947,0
10,351.39,1,1,0,0.05196601176265163,132.92618745185197,0
7,1606.37,0,1,0,0.10172127546224936,10.14545917743202,0
23,695.78,0,0,0,0.0779533422435816,588.8511978495319,0
21,372.79,0,0,0,0.2610830538299795,21.222087474400297,0
14,5876.85,1,0,0,0.022300776800105306,159.64262721589205,0
1,1857.6,1,2,0,0.6335497121831162,5.089197199803524,1
10,600.72,0,1,0,0.01956411292049882,20.39775967029778,0
15,103.37,0,0,0,0.26324361279132424,165.25753638706718,0
14,353.63,0,0,0,0.1005211307836547,94.77019985157062,0
20,1201.41,0,1,0,0.10414428629212684,154.66403133800654,0
8,434.1,0,1,0,0.18516584452476606,284.24053562876736,0
15,122.52,0,0,0,0.2659790369398449,451.03680690269755,0
16,66.64,1,0,0,0.3840002519895798,136.7848146566105,0
21,261.68,0,1,0,0.2557220449215091,61.20748804185285,0
13,647.51,0,1,0,0.5123298375756764,1.0,0
5,8974.44,1,1,1,0.7652105797612395,1.635577403354074,1
17,410.17,0,0,0,0.1271774729083855,273.1681469636869,0
8,145.83,0,1,0,0.16999489819863295,95.02088376959652,0
9,139.8,0,1,0,0.36999126906987206,157.84461763555265,0
9,166.21,1,0,0,0.1312275144597868,22.33035734211838,0
15,1637.28,0,0,0,0.06287146406479435,238.52938683433783,0
9,1141.76,1,0,0,0.10616268741026735,182.62831902811192,0
21,163.35,0,0,0,0.19728633946322804,37.79898474981434,0
11,186.66,0,0,0,0.1333924362152508,144.6389621554915,0
9,530.49,0,0,1,0.07376304120735565,404.20281408962063,0
12,1230.32,1,0,0,0.10346870002920101,94.85282952916218,0
14,241.95,1,2,0,0.2900542795704856,187.75577542438847,0
13,568.08,0,1,0,0.0018425914895904179,28.4833830314273,0
17,195.19,0,2,0,0.0723857557080484,59.31303702623637,0
23,1193.9,0,0,0,0.06929417328909736,2.0178728389289615,0
6,790.58,0,1,0,0.3382389956653783,140.86190554945313,0
8,91.16,0,0,0,0.16779752723929378,62.52412549674989,0
19,354.35,1,1,0,0.20226493624204533,211.3649854254776,0
16,231.55,0,0,0,0.03626853075114464,229.55945006007542,0
2,132.79,0,0,0,0.28785777401268786,483.4325639634538,0
21,215.32,0,0,0,0.06359163201125646,276.49229998762775,0
11,584.59,0,1,0,0.08155394789658439,83.70052876638626,0
23,4823.39,0,5,1,0.4801576672557524,28.502268580452053,1
23,227.77,1,0,0,0.06491707397389201,90.46146639399221,0
16,222.91,1,0,0,0.29225287750266493,52.26811643172223,0
19,671.31,0,0,1,0.04421875823719119,172.59445021915047,0
10,1222.86,0,0,1,0.3036560405180286,39.23155141085864,0
13,1284.23,0,0,0,0.3431141459894856,444.5225271516066,0
13,326.61,0,0,0,0.06299632194360512,291.471493066892,0
12,72.05,0,0,0,0.13810238234803032,591.5157611172581,0
20,103.73,0,1,0,0.08044541924762971,15.12496794721481,0
22,1857.6,0,3,1,0.932411537560188,11.995996628534423,1
12,213.8,0,1,0,0.015970953026643878,162.32360313333257,0
16,223.91,0,1,0,0.16597950919627436,101.69577467576397,0
8,333.4,0,1,0,0.09855797115469149,153.91621055850675,0
17,601.28,0,0,0,0.1467498238514377,166.05239391669605,0
4,682.17,0,1,0,0.08214889301447631,290.10717075727445,0
6,80.94,0,0,0,0.11047447928211292,41.941438904076286,0
15,206.29,0,0,0,0.32357553990367927,32.652879248061005,0
21,218.83,0,0,0,0.27679312444436505,2.035945698758189,0
5,398.75,1,1,0,0.05222270869229165,265.2163281996244,0
13,1923.95,0,1,0,0.0883786597778062,69.12352199007647,0
1,4823.39,1,2,1,0.8427650740606738,2.2210610151750263,1
23,1857.6,1,4,1,0.8950597789910286,0.1194226795955182,1
21,204.09,1,2,0,0.22357137323694407,55.78222816584393,0
14,130.36,0,0,0,0.09703277494485174,68.11172511770701,0
23,483.02,0,0,0,0.01691713224085088,42.739603681374916,0
11,747.86,0,0,0,0.23504384131662412,267.75949074027386,0
13,261.63,1,0,0,0.06928015293394421,66.1677992276038,0
10,261.68,0,0,0,0.18303985370986767,104.4981666467169,0
13,314.06,0,0,0,0.2346131972746024,311.75007907085933,0
18,136.63,0,0,0,0.08746158011524664,358.7931929729362,0
13,142.45,0,0,0,0.21182898721325366,20.902233338745248,0
10,845.63,0,0,0,0.26738974332762117,169.90449043069066,0
7,247.78,0,1,0,0.15131910328196727,63.5490221607365,0
7,335.53,0,1,0,0.18220123384604742,132.7504112215479,0
16,599.11,0,0,0,0.22780791273784132,256.4821444223211,0
23,371.48,0,0,0,0.26360664482616,259.04826632840036,0
4,428.95,1,1,0,0.27318488620016157,330.6969105906722,0
11,3222.83,0,0,0,0.07267312558317228,38.00930156130689,0
3,1857.6,1,1,1,0.9169410221097015,1.202031753626647,1
12,252.61,1,1,0,0.10563072315175806,105.55156127076094,0
14,247.44,0,0,0,0.3880323443000817,14.484321343233804,0
9,777.43,0,0,0,0.10659135917953116,79.97315972241094,0
14,849.46,0,1,0,0.18301134757731102,153.3070020481049,0
19,790.24,0,0,0,0.033731878983808875,52.85852864289855,0
8,301.74,0,0,0,0.007097174706652356,6.613774762862572,0
23,4823.39,1,1,0,0.7939860668220176,0.29975829836089274,1
7,1832.1,0,1,0,0.26506363862836063,53.89649147191544,0
19,1435.83,1,1,0,0.08094267409847394,5.117196486179591,0
13,149.02,0,0,0,0.017799144471092217,43.49864177096827,0
14,7060.45,0,0,0,0.09548376760613998,62.77095858554359,0
10,304.55,0,0,0,0.21298457423330547,8.16193105601995,0
18,281.57,0,0,0,0.14182136781900195,31.654190717257965,0
22,894.01,0,0,0,0.06474484345445956,251.11489613660123,0
16,204.57,0,0,0,0.053041583028511106,59.91760655103979,0
11,377.05,0,0,0,0.1151569849207213,13.82617407016195,0
21,110.73,0,0,0,0.11557127236167555,640.9667424030209,0
23,850.13,0,1,0,0.22436826647320837,62.64237289350396,0
2,1857.6,1,4,1,0.7718807134345375,4.372492438168864,1
15,1956.11,0,1,0,0.09611261580294553,37.26363518342757,0
8,342.33,0,0,0,0.416355384373311,343.9868133766817,0
14,326.25,0,0,0,0.09070584006787231,593.4930463045566,0
10,286.56,1,0,0,0.03334986180675303,228.08900467975536,0
11,1770.41,0,0,0,0.05362228510532164,264.3671782637814,0
17,1995.34,0,2,0,0.23177188728117495,113.23965234265,0
17,427.57,0,0,0,0.167263244478325,41.21185394139827,0
16,449.93,0,0,0,0.16130144568920116,753.1929839732004,0
23,92.16,1,0,1,0.058272281858640786,48.44509350099785,0
22,500.93,0,0,0,0.15462215245030395,134.4925039953878,0
15,339.9,0,0,0,0.29252819270094466,425.63682084852195,0
10,67.59,0,1,0,0.15785169667033022,78.36847404693562,0
14,176.48,0,1,0,0.18083106739553842,161.42911712939593,0
12,1761.65,0,0,0,0.12813372349558647,15.689349734069005,0
15,1124.28,0,0,0,0.18164988296457255,68.30115569766483,0
20,2614.51,1,0,0,0.2774921163222097,2.0889910328554935,0
12,884.74,0,0,0,0.4657491375494683,59.03728132776521,0
5,1734.75,0,0,0,0.37283402388713904,10.647285446333473,0
8,114.06,0,0,0,0.16592152680398795,113.41397046394874,0
7,124.51,0,0,0,0.28775276320480514,607.9698218025213,0
17,736.26,0,0,0,0.4429427654814488,84.07837158947315,0
18,560.54,1,1,0,0.28369946498444426,165.39324950113095,0
9,685.85,0,1,0,0.07032450975766975,94.96764092800211,0
13,466.2,0,3,0,0.06272364683817817,4.518154970060724,0
8,173.27,0,0,0,0.17060213218135098,404.49757786887227,0
6,759.55,0,0,0,0.13382997106647176,250.6705586678063,0
13,64.32,1,0,0,0.08549207993100938,231.918765622481,0
18,233.76,0,0,0,0.043158380856009655,14.865123072362943,0
22,1426.46,0,0,0,0.004343749079244955,367.7867769594559,0
14,4124.93,0,1,0,0.06276322333524266,165.4083611067007,0
9,292.49,1,0,0,0.08467105358043879,43.545382625821624,0
20,424.89,0,0,0,0.3228425334292199,205.56696599600556,0
23,222.01,0,1,0,0.14372173691320017,49.87920076008464,0
13,937.78,0,0,0,0.004985451009475024,121.18599010541195,0
7,325.54,0,0,0,0.050904621855149566,462.0765671773383,0
19,1117.71,0,0,0,0.04853724590390515,53.22286744558197,0
17,96.77,0,0,0,0.22759503405108478,57.11120927559,0
19,168.14,0,1,0,0.11995254689731108,309.76894826728017,0
7,413.23,0,0,0,0.28926414326115807,194.3466417917482,0
20,298.49,0,0,0,0.17450223497539735,418.3276646872067,0
17,130.5,0,0,0,0.08745214604222822,428.8392846507282,0
7,1690.09,0,0,0,0.10458544466093181,64.74795230067555,0
12,584.72,0,0,0,0.3424933307143328,121.09615730053962,0
12,530.05,1,0,0,0.08407410642510214,23.375775494798425,0
23,574.5,0,0,0,0.05731628875809301,263.96342638507184,0
23,441.42,0,0,0,0.30373717315525606,210.93405758938695,0
18,337.35,0,0,0,0.015609128180045168,345.9104297142793,0
17,368.15,0,0,0,0.4880369676530405,1187.95853065626,0
12,725.97,1,0,0,0.13706941904708414,1.4602551321702877,0
10,277.66,0,1,0,0.1358974599724857,220.05977629437862,0
13,501.99,0,1,0,0.035650715721086176,667.0541155494786,0
11,142.96,0,0,0,0.1163167988568735,580.5633068262113,0
20,345.31,0,2,0,0.02943169992577737,265.55346760927563,0
4,8974.44,1,3,1,0.9048270091338317,1.0841064155956257,1
17,2263.68,0,0,0,0.12478644673663383,30.485422543337716,0
17,126.99,0,0,0,0.21950721025559547,111.54416062436982,0
14,782.28,0,0,0,0.1467636379707344,43.52036390874362,0
11,171.16,0,0,0,0.1118745512091607,78.1832866758672,0
12,4828.4,0,0,0,0.24553768793231082,326.89966026996206,0
4,1841.38,1,0,0,0.15241703956361705,56.40640156445353,0
23,95.64,1,0,0,0.16449845933031923,43.06246656574865,0
18,112.6,0,0,0,0.45408955621506086,273.51616294980647,0
23,4823.39,1,2,1,0.9267353092313569,2.1638023315646526,1
11,443.59,0,0,0,0.31397264632629557,10.842039553029231,0
18,215.74,0,0,0,0.1734648455460055,13.713005549611813,0
22,1857.6,1,0,1,0.9426903870904504,14.080138057676242,1
22,1136.49,0,0,0,0.09491987518982731,19.026493578884462,0
17,381.51,1,2,1,0.20419111015148583,47.657562957864634,0
4,219.24,0,0,0,0.10634682560780884,31.30755835191226,0
3,549.49,0,0,0,0.3396365953722966,245.9267134262056,0
10,439.85,0,0,0,0.21110957482854548,353.68481854809085,0
17,638.72,1,2,0,0.2706270492582654,36.11156970939982,0
13,330.24,0,0,0,0.11669481524801643,113.62213394851761,0
17,393.84,1,0,0,0.05071227175329023,16.807574762713376,0
15,725.61,0,1,0,0.3489165931908172,182.6237402226878,0
7,196.19,0,0,0,0.23851297055489937,94.41804313201962,0
21,164.37,0,0,0,0.11495816889653009,252.12041945609047,0
18,418.25,1,0,1,0.12031364620592742,332.41354785290554,0
16,562.2,0,0,0,0.060317153416666935,94.71820085392191,0
10,432.51,0,1,0,0.18816593579022897,42.95473776955949,0
17,562.38,0,0,0,0.08827565009805824,64.86548613286276,0
4,411.68,0,1,0,0.3481803634224099,33.2094941975864,0
8,319.89,0,0,0,0.11826912248020494,61.75868162829928,0
9,384.71,0,0,0,0.0921067865509761,512.2459008823275,0
10,262.35,0,0,0,0.26468290937687766,216.06498044798585,0
16,83.82,0,0,0,0.32304755093926957,77.16422469123826,0
13,568.84,0,0,0,0.05403859757211042,327.8783429392141,0
12,216.75,0,0,0,0.08970551279883497,719.7282096519039,0
21,308.89,0,1,0,0.2623929319510344,55.11092499895902,0
15,1324.82,0,1,0,0.026573632742158612,73.77574247254573,0
5,1130.24,1,0,0,0.1406371654602121,84.23564000036694,0
9,1632.48,0,0,0,0.01842985225155053,111.5284031045074,0
16,225.5,0,0,0,0.22534167026216048,53.68979309179574,0
23,370.36,0,0,0,0.03112545110487988,38.84671675996893,0
11,497.34,0,0,0,0.1882957388061739,640.5853870320998,0
20,997.02,0,0,0,0.24280704276447032,58.716864981127856,0
14,901.3,0,0,0,0.014232085056451555,562.3868997656707,0
15,413.25,0,0,0,0.11929297796844471,189.92968609182446,0
8,79.38,0,0,0,0.12957182256086036,90.24061049209453,0
10,827.69,0,0,1,0.22475905065808655,323.63653343659604,0
23,1567.44,0,0,0,0.46583881736545685,168.5191513446246,0
13,255.61,0,1,0,0.051634067623450366,128.23270695148267,0
11,1100.35,0,0,0,0.09993610631848543,1.0,0
0,205.55,0,0,0,0.2656585335252004,10.376413122211767,0
13,239.69,0,0,0,0.09099015108941307,6.654806749731805,0
7,254.2,0,0,0,0.14396623938722117,379.5886101896844,0
13,291.88,0,0,0,0.14663568135930402,191.71492970180327,0
18,310.93,0,0,0,0.1186900427471356,77.54867563710447,0
12,99.64,1,0,0,0.1578002583086617,107.47229415441335,0
15,383.94,0,0,0,0.2547632593850599,92.64483336654025,0
8,837.7,0,0,0,0.5198062559198583,199.56453187909588,0
5,402.76,0,1,0,0.05383146485375468,316.90242061266326,0
12,528.87,0,3,0,0.023479033734580646,34.169064257069635,0
19,588.23,0,1,0,0.13061760260437982,295.56464718029457,0
23,3533.78,0,0,0,0.32272922683391353,3.6747244444630898,0
8,464.3,1,0,0,0.24259746002480737,209.18265582506902,0
13,554.93,1,0,0,0.2803477826163452,143.44840319349748,0
15,6014.74,0,1,0,0.11106752954892687,39.549494835507154,0
17,2362.07,0,0,0,0.14822932867178581,165.47818176736777,0
16,1757.71,0,0,0,0.06645535505859138,5.577665608973006,0
17,93.91,0,0,0,0.06888944404943276,213.73458379681983,0
15,153.17,0,0,0,0.06812450789205507,145.49125399185908,0
1,141.8,0,0,0,0.16228830726137988,6.3894560978795525,0
9,302.3,0,2,0,0.08413517844895743,3.744979136449218,0
17,170.26,0,0,0,0.11391619922832326,57.715917132455644,0
4,187.29,0,0,1,0.10283682870002019,91.6670406309892,0
13,381.29,0,0,0,0.036963578588814064,213.9771163847831,0
2,64.25,1,0,0,0.15749487409145393,62.62695617024844,0
14,146.91,0,0,0,0.10781778846038839,124.04191232841671,0
9,227.06,0,0,0,0.03732984906915697,247.4232118542119,0
21,509.32,0,1,0,0.1095705849340725,228.22460801587386,0
17,513.74,0,0,0,0.05098186989304276,6.402732152340354,0
7,590.77,0,0,0,0.05451754364343289,626.345283622771,0
8,1125.96,0,1,0,0.3057580551308692,125.78551941312348,0
2,927.11,0,0,0,0.14531046952840215,243.95627789605248,0
6,325.08,0,1,0,0.10973898610710137,160.30383308378305,0
23,4823.39,1,2,1,0.7301922175527173,0.3808673130555844,1
13,750.29,0,0,0,0.09544641942897805,51.09336272449383,0
15,357.81,0,0,0,0.1557432864665133,42.22275625338948,0
13,215.03,0,0,0,0.01293505300841725,111.88047730573801,0
3,135.96,0,0,0,0.10934400657705268,2.769023720558827,0
8,1570.54,1,0,0,0.1011512288258972,260.84331216842924,0
14,687.99,0,0,0,0.13384809931792094,6.788369114120599,0
7,1284.56,0,0,0,0.11930668597516945,120.04379479634133,0
5,48.69,0,0,0,0.14552224208480638,355.7956653445492,0
7,58.21,0,0,0,0.18407520134572247,242.69688335690753,0
16,471.74,0,0,0,0.297105285977678,369.3011229779722,0
12,2689.47,0,0,0,0.17749068016964265,27.287032519966385,0
21,521.15,0,0,0,0.32865781426536433,1043.194652050398,0
21,329.11,0,1,0,0.07135375322534632,168.2450105695004,0
10,877.47,0,0,0,0.17839185094654242,198.39142289977679,0
23,866.59,0,0,1,0.33377261430947575,14.68326367791552,0
8,85.71,0,0,0,0.24168479636234821,107.4675089776025,0
15,390.13,0,0,0,0.2364582998724178,162.0072896879367,0
8,199.41,0,0,0,0.08791504277121118,68.94159881215087,0
16,2398.9,0,0,0,0.01598769161098677,108.71548357440149,0
5,140.76,0,0,0,0.2980054554066228,254.26788984566312,0
8,1905.84,0,0,0,0.15524643426755483,288.34026889467407,0
15,1093.42,1,0,0,0.116237572095702,354.4486474188815,0
13,215.49,1,0,0,0.025541305103293045,387.2496951381,0
20,681.27,0,1,0,0.005827609693423269,129.521707723063,0
4,264.19,0,1,0,0.16815748006086065,17.242597887832844,0
19,138.41,0,0,0,0.13556864616854172,19.054152648072865,0
15,53.37,1,1,0,0.1360708186108883,161.94859358757665,0
4,1184.59,0,0,0,0.14267459874048097,802.1245381828054,0
5,486.83,0,0,0,0.12182577416853133,6.433220416389267,0
8,524.19,1,0,0,0.12304940981598908,234.41198461650237,0
12,1490.48,0,0,0,0.02920482262636504,243.41452494018077,0
18,259.04,0,0,1,0.0029969249880779465,368.64514543719775,0
10,901.53,0,0,0,0.1134087215991841,19.216049098630876,0
22,134.37,1,0,0,0.11078361751012016,207.7031388811553,0
8,120.86,0,1,0,0.085222843775042,84.33375802174703,0
9,1677.14,0,1,0,0.4580150738089021,216.75825159503984,0
10,646.6,0,1,0,0.19662792497009454,104.02396926175386,0
16,838.18,0,0,0,0.039663616881062604,123.07377922076705,0
23,4823.39,1,3,0,0.8400028161877258,19.076172492414535,1
12,403.45,1,1,0,0.09625488268778326,130.2271242082598,0
14,170.52,0,1,0,0.15459050464253277,127.40914968931743,0
11,762.35,0,1,0,0.25326269197192686,523.7300374301515,0
23,1857.6,1,3,1,0.906576481287369,0.5524484889413851,1
10,1899.18,0,0,0,0.24091362283556536,22.430738982392498,0
18,480.65,0,0,0,0.05321235899266446,46.15621051499916,0
20,400.97,0,0,0,0.19542880543188637,74.00839165737327,0
11,308.04,0,0,0,0.30336242951304293,352.1865684213879,0
12,1466.13,0,0,0,0.09284282221274918,320.3308532167465,0
15,492.64,0,2,0,0.26889331335808664,90.27119467055238,0
11,1321.96,0,0,0,0.10739062014642538,112.54945038378327,0
16,180.78,0,0,0,0.059604250467552466,458.081980050202,0
6,986.9,0,1,0,0.1393563702573476,37.18757774949627,0
23,568.61,0,0,0,0.29723365737760477,72.71982229820925,0
8,527.38,0,0,0,0.16842625368962913,131.96271586612258,0
16,525.26,0,0,0,0.19811145943866532,102.9709665315586,0
21,359.74,0,0,0,0.022820559382407162,1.2615292061118557,0
19,1367.51,0,0,0,0.23096133389942333,267.80752872366264,0
14,484.74,0,0,0,0.21584756552648401,18.114635420418505,0
8,216.42,0,0,0,0.14780832755430492,21.148626385921787,0
15,154.1,0,0,0,0.13894974029204363,240.17659067615938,0
21,188.5,0,0,0,0.07280814436716723,13.684512592064511,0
13,66.51,0,1,0,0.11439843550026126,104.82338806816888,0
13,421.95,0,0,0,0.33908324356808334,123.93491454355436,0
16,1939.13,1,0,0,0.2650923027018375,39.445625332526824,0
16,182.32,1,2,0,0.1415138018461901,214.87862140958242,0
1,1857.6,1,4,1,0.9577877324412735,10.856175894528121,1
8,468.08,0,0,0,0.31451679293526447,294.4004066139081,0
13,108.43,0,1,0,0.038554274797454276,5.971485873361938,0
9,700.23,0,0,0,0.3907188234457488,336.1195824599047,0
14,1366.88,0,0,0,0.07962999032873384,68.62019887208754,0
7,208.29,0,1,0,0.02577626993331391,181.92119605514858,0
14,500.87,0,1,1,0.09840071255841767,127.89367503178885,0
12,1483.25,0,0,0,0.3296432595229321,195.96482386811147,0
11,427.09,0,0,0,0.08546011157240702,547.8526441179104,0
19,2868.23,0,0,0,0.09266278591333986,8.490508411182306,0
12,325.98,0,2,0,0.12601319037816514,12.932827641136013,0
14,349.56,1,0,0,0.18141130044640696,450.4427780953475,0
15,4434.26,0,0,0,0.011195193981991841,275.07631535197237,0
14,2849.5,0,0,0,0.03430259933977234,206.56137640787438,0
5,151.74,0,0,0,0.18069503049931618,7.51290756853818,0
13,9192.77,0,2,0,0.35807324778386185,140.22318563267015,0
20,623.38,0,0,0,0.2006223102064194,207.41408828778881,0
10,319.69,0,0,0,0.10037770238470718,106.13614933310299,0
16,460.89,1,0,0,0.13175830101228267,327.7619539951379,0
18,573.42,0,0,0,0.24462507274788015,483.6925093218631,0
8,2560.73,0,0,0,0.04745863216235769,261.2501551974106,0
16,399.83,0,1,0,0.040138116401450416,24.085845158604243,0
7,947.39,0,0,0,0.34027903671050225,50.28364809758929,0
17,3628.93,0,0,0,0.22787777414901125,79.85900185031277,0
17,284.93,0,1,0,0.07966684782212452,104.30985830842218,0
17,201.83,0,0,0,0.23665114841856288,58.62962705300538,0
16,436.76,0,0,0,0.32345827678988204,62.39398820225893,0
11,1146.21,0,0,0,0.13933535435384023,144.69902952569956,0
1,8974.44,0,3,0,0.6410183618884849,2.811171991576575,1
10,114.54,0,0,0,0.4554627816283784,119.19208576063299,0
13,16.04,0,0,0,0.09582287475203446,215.42747681409904,0
11,580.64,0,1,0,0.035825507524947335,265.1098160644759,0
12,2732.96,0,2,0,0.1789736125840611,228.42308685761887,0
12,1393.78,0,1,1,0.019962173065726896,62.47814239447915,0
13,2230.27,0,0,0,0.19770533451723307,208.22208878232257,0
10,967.53,1,0,0,0.6721761503133402,106.12423264589697,0
23,8974.44,1,1,0,0.9412475046392005,2.5016167042084994,1
18,210.71,0,0,0,0.29006828899816633,145.51685857359283,0
12,260.05,0,0,0,0.040016268502117654,84.132467216598,0
15,1446.29,0,0,0,0.07277742529048926,285.8816689412034,0
8,829.99,1,1,0,0.04750923766222626,18.17040330436343,0
14,367.28,0,0,0,0.03983172545774162,53.981571931998566,0
10,2384.99,0,0,0,0.06717438127040551,675.9210512013923,0
16,89.96,0,0,0,0.1135955067589339,247.83920388579983,0
17,499.87,0,0,0,0.15863807633317317,32.802527048905276,0
3,308.79,0,0,0,0.05896080303979995,69.37791202413034,0
11,1205.26,1,0,0,0.31059636874725394,342.1281938163113,0
5,206.23,0,0,0,0.08778537332893901,829.2542173018221,0
13,247.28,0,0,0,0.14124237589544536,35.53562138273519,0
19,890.26,1,0,0,0.18279750021850297,58.64311545602479,0
15,683.76,0,0,0,0.40002904361744024,209.2337541886237,0
18,1328.62,0,0,0,0.10552778060067859,502.14978811366035,0
13,421.51,0,0,0,0.5231015036869131,116.98977766386456,0
9,112.75,0,0,0,0.01657061403985219,456.49560859952766,0
10,198.37,0,0,0,0.07078124862829475,458.7684257777691,0
18,637.6,0,0,0,0.17374393060900198,40.997884741239915,0
15,541.45,0,0,0,0.19179665112083819,24.794393630449637,0
11,680.25,0,0,0,0.07107525667611751,193.28577180387526,0
17,178.28,0,1,0,0.16169722777494022,30.52838188065989,0
16,522.77,1,0,0,0.26162245465460615,159.95812014437666,0
11,428.67,0,1,0,0.14348144659005396,139.68647737703625,0
13,1654.28,0,0,0,0.060438442362967554,91.25433441647775,0
6,1056.77,0,1,0,0.16471886699241947,836.5783378418984,0
22,536.78,0,0,0,0.09941387631375109,13.223661726237307,0
11,1031.87,0,0,1,0.14233929132077838,54.36931197094164,0
21,337.79,1,0,0,0.03751287141060028,264.4195154797616,0
22,431.28,0,0,0,0.08261386581852254,148.27004964184633,0
12,442.52,0,0,0,0.035386501342982275,116.77190867190984,0
3,8974.44,1,4,0,0.30574710411217604,1.6753645364957994,1
15,698.56,0,0,0,0.03683622590482881,54.10413465568797,0
11,50.73,0,0,0,0.12690331851606287,141.26791864468592,0
10,902.12,0,1,0,0.09864027992157161,84.40068482985346,0
6,377.09,1,0,0,0.04217814448865013,100.18313446951105,0
7,383.61,0,2,0,0.3355218362005195,473.44386060470487,0
9,457.59,0,0,0,0.08102883654308414,632.3615921672865,0
1,4823.39,1,3,1,0.7949510413773732,5.033448494855095,1
2,8974.44,0,3,0,0.7203301882971858,8.85905713448504,1
17,479.38,0,0,0,0.16609937538631986,476.5462748831899,0
2,1857.6,1,3,1,0.6931972798027978,10.990503418223344,1
16,331.05,0,0,0,0.06832914038810582,73.10065371334612,0
15,111.18,0,0,0,0.04673191451605348,662.4566794047371,0
17,319.54,0,3,0,0.17389300440709363,448.1568736727295,0
14,1299.6,0,0,0,0.07229321887190368,215.470998252177,0
15,47.81,1,0,0,0.15894494872069714,944.3076096782341,0
10,1557.83,0,0,0,0.19748765140581706,98.96684491709351,0
17,1512.1,0,0,0,0.131453200789402,75.38750024909254,0
7,573.41,1,1,0,0.07356281882173031,93.99261417768552,0
16,208.39,1,0,0,0.13274494621244895,972.4725627574427,0
16,386.7,0,0,0,0.2753407030481884,1.9527588819353925,0
18,83.63,0,0,0,0.4510354120834486,207.13614044832238,0
8,368.36,1,0,0,0.14928637345506746,9.446128443332647,0
13,147.23,0,0,0,0.05194858876930654,368.9382346168784,0
15,639.24,0,0,0,0.22106008328816626,173.371488572768,0
10,850.53,0,0,0,0.1480530675269821,323.4454144505677,0
12,336.42,0,0,0,0.07283985992923735,824.781478813359,0
23,212.33,0,1,1,0.07700076731544613,130.05788563173343,0
9,9886.66,0,0,0,0.10462919353129005,108.17625880015402,0
16,643.99,0,0,0,0.15703719756252416,86.76409836880336,0
17,165.62,0,1,0,0.02285372734545982,412.75136941239936,0
3,310.59,0,0,0,0.2127294406599006,119.36456718868762,0
3,8974.44,1,3,1,0.7982312048595277,9.486473054512208,1
8,317.18,0,0,0,0.09190075487468666,274.8668692349866,0
18,620.97,0,0,0,0.2645021022190404,257.30235786602134,0
19,243.41,1,1,0,0.03869898287651451,59.709274819760374,0
12,109.83,1,1,0,0.218316004441604,87.44931077635613,0
9,3019.9,0,0,0,0.12836079445469425,143.30616858294977,0
5,567.26,0,0,0,0.10373519807271601,13.913768398876664,0
15,349.28,0,1,0,0.2703968345000418,3.3938238981259863,0
20,177.81,1,1,0,0.3017852149267839,433.7949390356321,0
16,795.52,0,0,0,0.2324576496214652,23.256935967836178,0
7,520.92,1,0,0,0.3009017162442446,257.9151553573712,0
23,362.09,0,0,0,0.1308500091377068,78.68474774281802,0
17,707.26,0,0,0,0.18864754287041924,13.065433796386687,0
9,267.52,0,2,0,0.08493951029320013,485.96747424352003,0
22,1857.6,0,1,0,0.673495699992232,3.098683830835892,1
13,484.78,0,0,0,0.16592058474019866,289.5220128953784,0
12,2160.88,0,0,0,0.20229783763601392,573.25299378364,0
18,1020.73,1,0,0,0.06912682345864586,433.2922615162071,0
9,534.6,0,1,0,0.0029197732588908294,133.47891883757052,0
13,258.0,1,1,0,0.19882907932019064,16.014602475327113,0
20,353.22,1,0,0,0.09664027300143124,520.1729625833208,0
12,577.41,0,0,0,0.11768953128192512,148.2043269314883,0
19,1491.77,0,0,0,0.18944893367887752,5.891631034182664,0
9,1002.64,1,0,0,0.07414412065736309,472.671255622064,0
17,1220.66,0,0,0,0.05908099177924841,99.633806805479,0
18,184.0,1,0,0,0.034674829763633085,24.43178223955575,0
10,279.51,1,2,0,0.23478804151728502,276.6090022654971,0
15,507.15,1,0,0,0.06358049974895304,33.18069569419382,0
14,3362.48,0,1,0,0.05564461217952984,286.1952339374572,0
12,170.07,0,0,0,0.2377967683366709,104.51796927296151,0
22,4823.39,1,4,1,0.7659331265212892,15.524518608168965,1
19,286.1,0,0,0,0.351336348170255,29.157510192076398,0
3,776.49,0,2,0,0.04710359547182438,41.75171816932501,0
23,129.49,1,1,0,0.15998535442909237,74.9212592707982,0
11,300.54,0,0,0,0.13727651527186646,237.95979150081618,0
19,130.04,1,1,0,0.11913639273314142,38.48408191134731,0
20,207.33,0,0,0,0.12607103140927944,422.2180369250433,0
4,8974.44,1,2,1,0.23890802957846113,28.716875895308423,1
17,75.06,1,1,0,0.18898542958447642,192.24891637706182,0
19,699.23,0,0,0,0.10196255586563273,151.4362129452538,0
22,89.49,0,0,0,0.20526475119739418,288.08578358759166,0
13,240.47,0,0,0,0.059597226103588974,203.24981802059213,0
15,216.95,0,0,0,0.09126635990826654,116.80430609974898,0
13,40.43,0,0,0,0.2899983362556302,552.6619636354471,0
14,435.31,0,0,0,0.17556632301833808,10.605238475769509,0
18,449.36,0,0,0,0.07784263138276334,73.01977094405248,0
11,31.61,0,1,0,0.23002228081578785,9.4927512752212,0
16,292.0,1,0,0,0.2453989752479969,454.3677705390119,0
3,1857.6,1,5,1,0.6570083952057589,1.9082528765809412,1
11,268.89,0,1,0,0.1780807202573735,185.3058079644016,0
11,96.72,0,1,0,0.11136461486887533,241.72981017070808,0
10,180.94,0,0,0,0.04357184109752719,116.14173688731864,0
4,4823.39,1,2,0,0.4297582003514958,4.767962627458468,1
12,254.05,0,0,0,0.1950527057556282,107.59059698063339,0
13,666.9,1,0,0,0.1151751571295095,58.91446165069947,0
17,787.44,0,1,0,0.002848764645827532,279.8529751980291,0
14,170.02,0,0,0,0.1863668187050551,685.6924012294086,0
2,1857.6,1,5,0,0.9536406205707425,9.720778666419667,1
19,614.01,1,0,0,0.1069671881323091,295.09837471097205,0
7,2062.6,0,0,0,0.054269326046950075,68.4024736579278,0
15,131.97,0,0,0,0.4469336004395562,92.02047077583406,0
10,25.22,1,0,0,0.17942006189292284,20.19404903993215,0
16,72.27,0,1,0,0.049921957158682674,58.525974533243826,0
21,759.91,0,0,0,0.10506349249357018,59.452045666728075,0
14,674.88,0,0,0,0.20408190788994524,87.8557070612922,0
13,619.3,0,1,0,0.14425239358012243,149.79939912068374,0
14,157.57,1,1,0,0.09352382928350354,71.93380205950204,0
21,477.94,0,0,0,0.1678721683807486,12.273868101946501,0
14,875.14,0,1,0,0.012285179213682077,276.758986971793,0
14,253.97,0,0,0,0.24737287974248817,40.29857312023545,0
12,288.95,0,0,0,0.38678010336069535,147.00914033306924,0
23,375.01,0,0,0,0.08459577024573263,508.7311515560607,0
18,569.02,1,1,0,0.07553814452579495,44.12428215195264,0
12,1509.49,0,0,0,0.2869983562978345,233.52083170985452,0
23,538.81,0,0,0,0.07486963963068523,12.771147364478647,0
12,921.06,0,0,0,0.33783630767364964,1228.0326589067572,0
6,3181.78,0,0,0,0.15836533623152507,127.78535301345974,0
10,148.16,0,2,0,0.023846644070042635,90.65334038258038,0
12,247.63,1,0,1,0.22669011123969626,283.6139918646922,0
13,212.21,0,0,0,0.1995524606648397,274.87283863913234,0
11,209.38,1,0,0,0.02135995732014956,71.40534571401041,0
11,1290.8,0,0,1,0.2035964673102314,193.2997737929,0
6,218.69,0,0,0,0.17273051995993527,30.253674477086335,0
6,225.47,0,0,0,0.16452422226044072,99.00485788958866,0
22,1857.6,1,1,0,0.9000454470569248,25.6022482214097,1
22,347.21,0,0,0,0.018525589131381245,14.660862397848579,0
12,199.85,0,0,0,0.33972570501819094,209.8073026796208,0
17,749.84,1,0,0,0.30642135303768214,203.14262653739573,0
8,264.09,0,0,0,0.18737351058143273,95.69782041504989,0
9,1120.23,0,0,0,0.157522795346552,95.76560862447842,0
1,4823.39,0,5,1,0.6333680542481506,27.377912320355087,1
4,458.31,0,0,0,0.37280808216503963,414.6311721055298,0
12,260.74,0,1,0,0.23029692858337847,95.43458840808411,0
12,508.39,0,0,0,0.060860034417757794,212.69034945079838,0
21,1844.79,0,0,0,0.28857937051189353,14.216879298100922,0
6,308.52,0,0,0,0.30237498472073626,128.8395145660483,0
12,582.22,1,1,0,0.18286120942236558,21.92675982630581,0
14,58.59,0,0,0,0.012434550314402115,565.3722169221171,0
14,2774.8,0,0,0,0.17027181620285942,118.7427289830633,0
15,106.14,0,1,0,0.23324485769946895,49.352744550800146,0
18,814.9,0,0,0,0.04554520489483553,451.4277021246282,0
17,410.31,0,0,0,0.1053148552565848,14.55656079407214,0
21,52.27,0,2,0,0.11662076132892789,75.38228918418415,0
18,256.68,0,0,0,0.009000787081234966,67.61640186770722,0
23,147.04,0,0,0,0.003426461294284364,15.440651655427176,0
15,823.42,0,0,0,0.053915582635471304,180.51497738457408,0
16,69.17,0,0,0,0.31766740785488273,198.26625414047055,0
11,69.54,0,0,0,0.1785056033693888,251.7703474740737,0
14,187.6,0,0,0,0.04508646876486761,134.39071140530322,0
11,101.64,0,2,0,0.21713523610049695,63.662163383686455,0
11,690.16,0,0,0,0.03438525379388778,80.63622129246832,0
23,285.57,0,0,0,0.07633975856683264,47.128715287230975,0
10,426.65,0,0,0,0.046561426777186256,38.49546627241023,0
12,308.91,0,1,0,0.068553358025644,7.82827681984312,0
12,584.37,0,0,0,0.22279483919874357,443.6477437844192,0
9,770.1,0,1,0,0.025134387771691025,163.5923838097492,0
7,1259.19,0,0,0,0.3536499083831106,268.0952298027602,0
16,337.08,0,0,0,0.17969155808938578,416.54633906493615,0
11,355.77,0,0,0,0.03310701432561706,102.80299809178948,0
9,493.71,0,2,0,0.25864002313627943,49.486921954177596,0
20,759.46,0,0,0,0.2619441808625223,1.0,0
19,231.71,0,0,0,0.10343899902638473,12.108415347100246,0
9,1119.37,0,0,1,0.1601239309574688,18.291811647747913,0
12,537.54,1,0,0,0.2130313760572054,187.44856752845772,0
17,45.71,0,0,0,0.20188357719288913,223.8507408573474,0
4,178.46,0,1,0,0.15506815995318554,227.2523313551633,0
19,495.78,1,0,0,0.12225258671805869,359.6957032071167,0
10,162.12,0,0,0,0.11201656886235786,80.77211396060065,0
2,8974.44,1,5,0,0.8791692051729868,8.941395132017393,1
23,594.19,0,0,0,0.13652327361135802,291.8479140563496,0
8,413.41,0,0,0,0.20068244530527363,60.66835136167562,0
22,389.92,0,0,0,0.045626151079318854,321.59348480358744,0
13,698.22,0,0,0,0.163846872048,80.79612698847907,0
11,1127.58,0,0,0,0.45150076892078256,21.598743613448825,0
0,783.98,0,0,0,0.09613847832335226,4.086605604938362,0
6,546.92,0,0,0,0.008609572270024122,88.21739527198817,0
23,346.37,0,0,0,0.18319835580912333,119.95000052737532,0
13,1080.58,0,0,0,0.12244427695543092,45.576012830116454,0
12,626.67,1,0,0,0.06494381459757911,14.228383504979872,0
22,956.77,0,0,0,0.5093990786661095,176.13132878300937,0
10,46.67,1,0,0,0.2558416730155167,130.6081777527076,0
11,34.48,0,0,0,0.04890987823463708,144.69589114781886,0
8,547.8,1,0,0,0.019419468115236895,23.26279982517265,0
17,472.91,0,0,0,0.06229581795619362,439.75661809236493,0
10,129.68,0,0,0,0.04073875735117719,29.166986709170384,0
16,33.36,1,0,0,0.18125475285543588,62.87422033276357,0
10,534.7,0,2,0,0.3752914628722062,42.96979746257313,0
7,131.57,0,1,0,0.36565383110244976,80.7074542103419,0
10,129.9,0,0,0,0.0341983470697338,174.95561050195482,0
23,228.91,0,0,0,0.21358928052109233,222.0731995599558,0
2,1292.77,0,0,0,0.33289983182029664,181.76543226489144,0
5,466.73,0,0,0,0.0313774410359844,273.65775974473866,0
10,448.33,1,0,0,0.35583353663111056,191.0706030352467,0
11,553.62,0,0,0,0.17257964800964012,35.40694971578259,0
2,1857.6,1,3,0,0.8671121326643262,6.216283339262041,1
14,176.83,0,1,0,0.0652384532895539,405.93889106683764,0
15,94.94,0,1,0,0.15492087592851067,142.46106242533062,0
21,594.28,0,0,0,0.11917863782634779,20.909533660052343,0
9,119.77,0,1,0,0.055808736172631185,38.82743262902105,0
11,1353.37,0,0,0,0.009820111039897024,55.214210444558404,0
13,243.32,0,0,0,0.2419824152168858,349.03291582387374,0
3,8974.44,1,3,1,0.8440169522722332,9.070791520784418,1
14,1627.97,0,1,0,0.09202465110672386,91.64718517326925,0
12,209.34,1,0,0,0.15998948679107874,79.49731156894934,0
14,335.97,0,0,0,0.03948042246931965,599.4123091585159,0
6,758.48,0,0,0,0.044458457796493246,95.76221148737064,0
13,199.48,0,0,0,0.17754168304274448,50.9230298172672,0
11,171.1,0,0,0,0.04350987386653025,64.45002246369735,0
12,81.2,0,1,0,0.2512043491439393,361.7091718557476,0
10,230.71,0,0,0,0.09944349665689353,93.65990655127771,0
8,206.46,0,1,0,0.17374139484597648,160.30828296133834,0
15,461.08,0,0,0,0.07968359708950604,103.8559706770655,0
23,606.79,0,0,0,0.07115312645557584,197.03630973541146,0
7,429.46,0,1,0,0.20184250600763012,31.5702097519249,0
10,1147.67,0,0,0,0.13749210088263555,13.150261055584913,0
14,453.61,1,0,0,0.11728270276293053,69.33530945939863,0
8,466.35,0,0,0,0.024336492126939054,88.32068168554875,0
13,329.21,0,0,0,0.1850887607133687,154.34435897554064,0
22,430.36,0,1,0,0.053868812970551655,170.754631954624,0
12,1050.11,1,0,0,0.17480753412091377,233.10714894777303,0
21,100.76,0,2,0,0.049188988718451176,75.22941244464084,0
8,127.14,0,0,0,0.129569090031517,253.82580072968207,0
23,325.94,0,0,0,0.23056654434702176,208.7583662465624,0
12,312.03,0,0,0,0.14018846292041243,36.95342339632113,0
14,80.89,0,0,0,0.17457211363149994,97.17083152142474,0
8,319.73,0,0,0,0.008546173898486957,28.331440214490332,0
9,215.48,0,0,1,0.05350285855083803,133.30951812304457,0
20,112.24,0,0,0,0.13298772741526055,571.2086147298864,0
0,8974.44,1,1,1,0.8974495622711501,9.231925554513142,1
12,76.61,0,0,0,0.009753572320101003,552.2549351796739,0
16,113.39,0,0,0,0.11028633581081783,12.192719718042804,0
19,158.71,0,0,0,0.23557998298100102,199.8302980097811,0
15,328.79,0,1,0,0.07204639764757899,238.8606818563946,0
18,584.43,0,0,0,0.24967151838454404,275.329493583356,0
9,1401.09,0,0,0,0.2439783671177393,174.2215621141077,0
21,252.55,1,0,0,0.190072518656136,85.36171937199374,0
11,236.12,0,0,0,0.28417379274616583,307.87404489183814,0
17,760.82,0,0,0,0.07553013728209389,107.26135996938085,0
14,444.76,0,0,0,0.05661488039041087,31.015776110980138,0
15,112.9,0,0,0,0.15321812121640954,156.79273059142074,0
15,1494.7,0,0,0,0.11772429994116389,165.70720669899464,0
11,189.58,0,3,0,0.054357053200352806,171.3188909187095,0
18,85.99,0,0,0,0.0228504916131869,58.48688243893774,0
12,105.54,0,0,0,0.280866823342382,284.1610046738597,0
14,1996.68,0,0,0,0.04965960291269174,57.93673261994882,0
23,90.89,0,2,0,0.14363137132119888,151.2974655730804,0
3,568.71,0,0,0,0.3354244108458753,215.43698224116955,0
20,325.35,0,0,1,0.055263286737116,27.676230962666974,0
3,1857.6,1,2,1,0.8016439742370842,28.894797409505998,1
11,768.34,0,0,0,0.1400631403205738,27.444371577100025,0
7,469.76,0,0,0,0.19248374320762174,343.19076445902203,0
12,68.67,0,1,0,0.10635237464183954,94.82089298575178,0
11,779.21,0,0,0,0.28432943177987724,93.79045022783514,0
15,183.41,0,0,0,0.026783315834531064,161.0835554304721,0
7,149.45,0,1,0,0.18211311607701772,217.09302047871847,0
12,321.98,0,0,0,0.015670064266287666,341.44854269509887,0
14,449.33,0,0,0,0.033790920666047525,75.87904559813431,0
13,403.46,0,1,0,0.09543824582319799,155.1579243315334,0
14,314.48,0,0,0,0.08621409427130591,129.14513161560745,0
13,147.14,0,0,0,0.2297034416642596,60.17952224902261,0
7,104.11,0,0,0,0.1872675024214623,274.311092274478,0
13,71.13,0,0,0,0.14249558086681272,55.682713886408095,0
17,1154.85,0,0,0,0.2197150123658585,85.13515710770524,0
13,2579.13,0,1,0,0.013434060049635096,25.020496018411112,0
16,38.21,1,1,0,0.10540357468961348,267.67508832168534,0
13,584.97,1,0,0,0.09108698997191515,152.34840435162272,0
8,508.38,1,1,0,0.5237523381983219,32.63215828867758,0
15,202.79,0,0,0,0.2169892633545842,54.77825804729685,0
14,1059.57,0,0,0,0.1684024385634942,8.33072990563986,0
10,3570.75,0,1,1,0.1356171781939022,96.12184049315344,0
19,345.43,0,1,0,0.06599693010152419,62.889736533065744,0
14,846.91,0,0,0,0.10058292690378896,44.664595543461935,0
18,244.23,0,0,0,0.20892318727915932,11.21826847094229,0
14,226.7,0,0,0,0.05750641535514828,75.96992943359774,0
6,159.53,1,0,0,0.0675644438421468,75.70656869460949,0
14,678.45,0,0,0,0.07029724516804933,116.14421959312546,0
11,479.46,0,1,0,0.04817843928777161,25.196993966959756,0
17,239.04,1,1,0,0.08867884825789514,49.77747800092992,0
16,674.36,0,0,0,0.16119964188481892,169.44571499604535,0
13,220.16,0,1,0,0.6133104756408947,133.62530368439673,0
15,966.01,0,0,0,0.0345086375056654,165.60975887092377,0
23,172.69,0,0,0,0.24644762866533987,143.6076656133833,0
13,912.57,0,0,0,0.07957587257917402,5.102165183775465,0
2,1857.6,1,8,0,0.6688313087380704,4.019206055579496,1
8,198.06,0,0,0,0.1368434597470786,301.065830659111,0
10,1297.88,0,0,0,0.09540021404685486,2.4945492220741095,0
7,449.75,0,1,0,0.15866303807982512,205.24961709122303,0
18,407.82,0,0,0,0.11452444246473445,85.68952444820917,0
16,1389.02,0,1,0,0.28231798567149563,497.31900041364185,0
10,284.28,0,1,0,0.15924074127447924,30.98237086325068,0
18,422.12,0,1,1,0.07745780604142619,138.28038409770426,0
19,67.38,1,0,0,0.12281702971637068,1.8955946913384434,0
13,509.0,1,0,0,0.10563748782532018,51.829093920190296,0
21,181.51,0,1,0,0.07387340443639605,45.71097212174535,0
22,358.26,0,0,0,0.33606393859232536,64.93261941690218,0
16,381.36,0,0,0,0.10780905867863916,95.82337269096784,0
18,8478.81,0,0,0,0.16964187963214636,70.66103009592494,0
15,231.73,0,0,0,0.058174559045040354,654.758366400387,0
12,247.79,0,1,0,0.30220507145145453,281.53356476151515,0
14,1327.23,0,0,0,0.08432726202707277,27.64228619896025,0
15,176.9,0,0,0,0.10933749189424968,10.14779996842434,0
11,84.66,0,1,0,0.31802656328331336,360.60324132551057,0
20,316.11,0,0,0,0.1268459865520305,154.47201954962097,0
12,218.86,0,1,0,0.24767182922434153,216.1232605617144,0
17,1900.08,0,3,0,0.06757153903274732,286.43788607235655,0
15,240.88,0,2,0,0.12268028477932902,566.2201971915985,0
9,81.51,0,0,0,0.062253203711657275,193.71377931479276,0
22,268.99,0,0,0,0.1820728733994029,270.62077151489353,0
18,5883.04,0,0,0,0.08880816148037249,184.61735364694337,0
14,195.57,0,0,0,0.26557531637393306,264.9744785397923,0
17,217.9,0,2,1,0.031248264855851277,102.0884103173345,0
16,623.1,0,0,0,0.2951775111575809,85.2863824608881,0
15,4813.28,0,0,0,0.057791951949225914,23.511208992808072,0
15,446.06,0,0,0,0.20043659502962566,100.21027000358639,0
18,273.05,0,0,0,0.08695820509319399,213.28674402713486,0
17,936.06,0,0,0,0.056715267435699164,199.153936161279,0
16,291.38,0,1,0,0.10094827896917863,88.26865270953617,0
13,2387.76,0,0,0,0.0888876953034918,208.77844480923486,0
19,767.84,0,0,0,0.0199099972379754,12.923789965222431,0
15,578.8,0,0,0,0.22526510871872663,713.3044759298806,0
14,267.59,0,0,0,0.03419816897790127,106.4999042241245,0
15,237.76,1,0,0,0.06804982266940227,11.053727679196836,0
19,680.09,0,1,0,0.07756456472545409,299.53989696080515,0
13,297.36,0,0,0,0.18074093704935784,279.9915830367329,0
15,135.43,0,0,1,0.018453486133569563,233.08421684517958,0
11,153.73,0,0,0,0.26382986574740447,314.6173916327387,0
19,144.49,0,0,0,0.404439363371564,347.8512766823988,0
22,1857.6,1,3,1,0.8372816600757705,0.8957354028714872,1
10,1172.42,1,0,0,0.31116186938736007,105.99049029338131,0
15,889.59,0,0,0,0.19378781221085917,238.5052188068203,0
14,81.37,0,0,0,0.08000399825793784,18.00531623106107,0
11,480.11,0,1,0,0.03212207400999286,128.68303818177748,0
14,407.47,0,0,0,0.13039739660557498,336.31344115749664,0
11,244.1,0,0,0,0.25891324253988374,416.1527653870789,0
10,441.32,0,1,0,0.11694164681335571,74.81472300606909,0
16,360.61,0,1,0,0.02383720404432363,354.44469969481565,0
12,137.33,1,1,0,0.12977141768601394,38.6621535100027,0
4,4823.39,1,5,1,0.8025229360645615,9.4534883702963,1
5,422.87,0,1,0,0.3203444620977302,140.4324523499858,0
4,1009.46,0,1,0,0.26847624549729726,324.09006122575204,0
14,1656.17,0,0,0,0.10855464611180134,134.12133546056262,0
19,540.3,0,0,0,0.12796771741422946,37.87091590048925,0
5,1857.6,1,2,1,0.5133319157743742,4.279573814628857,1
18,1274.85,0,0,0,0.23937028840738858,358.9593743123071,0
10,282.07,0,2,0,0.169546467803254,71.40849521361282,0
16,85.06,1,1,0,0.08755623886507861,374.967885377859,0
21,573.7,0,0,0,0.0029137720933604407,13.686484921857513,0
12,204.37,0,0,0,0.02169344279040964,22.142460893112407,0
17,1674.16,0,1,0,0.15236863361610387,282.2154772802124,0
21,1891.36,0,0,0,0.26134863658578367,109.93216826244522,0
5,1857.6,1,1,0,0.8880649513708363,6.558910585207274,1
5,3328.58,0,0,0,0.17978384967643632,255.91912544850115,0
15,574.69,0,0,0,0.20477184250855063,6.798223054462219,0
17,227.39,0,3,0,0.42269026157301726,77.79295022879812,0
9,812.37,0,0,0,0.05805296940154358,18.034798958870965,0
5,592.37,0,0,0,0.04440977245671454,74.56541011776415,0
15,390.16,0,1,0,0.030024079206196142,124.2548481754243,0
23,1680.71,0,0,0,0.18267469920738724,94.25852451033776,0
8,783.52,0,1,0,0.14998557788916814,428.5229360747509,0
16,197.12,0,0,0,0.3463380066587842,50.49120824355429,0
23,142.78,0,0,0,0.07727605612490528,784.7251375043412,0
21,165.7,0,0,0,0.21757171108105497,119.57218197414795,0
12,134.15,0,1,0,0.23711293177671236,218.18293771011912,0
18,1432.55,0,0,0,0.15095935656326234,258.9832685827443,0
14,368.1,1,0,0,0.28155893311277147,3.6007371266646446,0
0,1857.6,1,7,0,0.8905439087792033,4.973671287964981,1
16,392.05,0,0,0,0.13441693114824327,111.03980661156864,0
14,711.55,0,1,0,0.1652442707493019,19.74619676905954,0
12,261.31,0,0,0,0.053685187858269735,53.051849981618005,0
12,652.79,0,1,0,0.252325603715549,495.9197830932547,0
10,485.55,1,0,0,0.23946872343479766,50.38051018844258,0
11,296.58,0,0,0,0.1397779890908081,293.6014360448948,0
20,317.11,1,0,0,0.030846706329402448,308.1792093362155,0
11,453.8,0,0,0,0.12119382576461846,196.2721205171472,0
11,416.29,0,0,0,0.2113756260403365,784.9325991901395,0
20,182.4,0,0,0,0.28537713138422244,32.86525281456443,0
12,445.4,1,0,0,0.002819570729578976,129.89566087849565,0
13,168.35,0,0,0,0.10828975574738064,32.97687481240454,0
21,461.79,1,0,0,0.029857338260692763,311.91001941911014,0
15,197.57,1,0,0,0.26191289092237297,371.81294882333214,0
11,31.93,0,0,0,0.2326302176792379,44.91682401339393,0
9,2664.57,0,1,0,0.17270879199822126,52.370690756273355,0
23,779.26,0,0,0,0.12853653431798773,116.22755793618039,0
10,437.63,0,0,0,0.26724294872408855,42.72059886539547,0
14,407.21,0,1,0,0.20121104898710485,13.747422677607004,0
5,4823.39,1,2,1,0.6505758649093315,2.711429211560732,1
23,1132.71,1,0,0,0.1324955510938484,608.4193288610608,0
14,668.51,0,0,0,0.17199308985761383,160.73745946016538,0
17,430.79,0,0,0,0.08948733991497455,208.83015083294387,0
15,237.57,0,0,1,0.3453840720512535,216.1023025370518,0
12,153.66,1,0,0,0.2849745844890079,19.140750906075713,0
14,317.31,0,1,0,0.11365516094893731,1.0,0
0,8974.44,1,5,0,0.6311680695989994,1.1827383061841932,1
9,224.09,0,1,0,0.2056093206265559,289.4942533903287,0
11,477.31,0,0,0,0.21973469231893916,246.4763264470882,0
0,141.28,0,0,0,0.1395432051963661,55.070234619565,0
14,530.06,1,0,0,0.545780168165485,11.156437058079966,0
5,8974.44,1,3,1,0.942372990836269,1.7957460363453384,1
18,139.93,0,0,0,0.09025503066823927,714.8701001981217,0
11,255.05,0,0,0,0.027534370608911347,408.19426379080966,0
9,243.66,0,0,0,0.02596991131272886,447.3425183970313,0
20,135.57,0,0,0,0.2906589613671704,602.9607091745172,0
11,1278.96,0,0,0,0.03762143202414832,17.394047742632736,0
13,95.87,1,0,0,0.015299988533055453,538.1256059495245,0
10,130.93,0,0,0,0.09681902794820621,123.98673583893586,0
3,8974.44,1,4,1,0.9043689190000604,11.903947784657928,1
19,281.18,0,1,0,0.04307157749895583,41.660890106591744,0
12,188.65,0,0,1,0.1799154911151641,263.46654869131993,0
22,119.48,0,0,0,0.22164619156157658,18.069227915400795,0
12,1146.0,0,0,0,0.16084547179677383,845.5621708325566,0
19,770.26,1,0,0,0.33667056960070424,122.82016910579485,0
15,165.92,1,0,0,0.4295134799088472,54.16689679992258,0
8,1193.16,0,1,0,0.05844076111519794,11.560300321520547,0
19,165.53,0,0,0,0.13436992661332173,118.44440253504966,0
23,283.66,1,0,0,0.07628721904190604,85.08001969540506,0
6,1398.84,0,2,0,0.19088009804176412,147.47124348343155,0
9,2929.53,1,1,0,0.19870722790710169,23.771740154568977,0
17,501.59,0,0,0,0.16723518307597057,112.42678189949285,0
23,807.31,0,1,0,0.3086468495791672,210.82145440150498,0
11,1389.31,0,0,0,0.24852032411328148,147.31345557167728,0
20,267.35,0,0,0,0.31385533887618616,79.4187679848254,0
22,1857.6,1,8,1,0.7190575027746067,2.4122051003033347,1
14,144.88,0,0,0,0.34494058537992106,119.08685617583649,0
13,262.64,0,1,0,0.21866835621775466,22.167858720930205,0
12,600.76,0,0,0,0.0504306955975176,79.86689466710031,0
13,184.5,0,0,0,0.1226436083778074,144.8033929761141,0
19,837.38,0,0,0,0.04990504702340101,54.54229782307972,0
1,8974.44,1,2,1,0.6934121542994227,9.681086888044998,1
19,145.74,1,0,0,0.03854513975962649,134.8233583878818,0
22,123.98,0,1,0,0.09540828498220698,215.12913773633474,0
8,501.89,1,0,0,0.05942358785877197,113.86315922230362,0
20,777.81,0,0,0,0.19201728713466315,137.16923510122263,0
15,236.33,0,0,0,0.025549445078973106,8.741193287670663,0
7,66.39,0,0,0,0.16015087948002507,414.1592727509547,0
12,144.86,0,0,0,0.36380435252508436,104.63895044069432,0
18,210.05,1,0,0,0.13720429163640901,198.80681968723403,0
17,1786.09,0,0,0,0.008009104812570453,385.7535966527538,0
12,286.1,0,0,0,0.2374049999000377,232.0760255248255,0
2,8974.44,0,3,1,0.620275024452276,0.1,1
10,1871.92,0,0,0,0.10402844996815216,237.52377766881574,0
20,262.5,0,1,0,0.21557075456544508,113.21360293558827,0
18,49.58,0,1,0,0.25119557446234436,27.79047908677996,0
16,557.22,0,0,0,0.07859509449826663,188.76554893736449,0
23,226.41,1,0,0,0.20416185853132585,303.94210714674955,0
9,411.1,0,0,0,0.13763565508889544,198.0858095799941,0
12,1842.88,0,0,0,0.2139775888471787,319.16145672632877,0
6,471.25,0,1,0,0.15702309030066244,239.9395806321316,0
13,583.81,0,1,0,0.03328844243642628,83.29929017438283,0
22,458.14,0,0,0,0.07570445312636967,121.32611754713129,0
9,250.76,0,0,0,0.1057040295235728,119.59648803875439,0
10,224.45,0,0,0,0.3065557390515009,601.4127352428726,0
4,2538.66,0,0,0,0.296553262668193,25.422902182867254,0
13,162.6,0,0,0,0.10056442066553609,304.15992941500144,0
11,114.44,0,0,0,0.4633161089079412,374.65803770066987,0
13,2060.12,1,1,0,0.12254086980634976,50.429876076003254,0
6,83.67,0,0,0,0.10651309862394127,1038.711079791718,0
11,408.52,0,0,0,0.2857039404203314,15.128841066650285,0
22,414.44,0,0,0,0.2803005038445868,1.141592211021359,0
16,231.83,0,0,0,0.07260728824414765,68.89276966410524,0
19,318.91,0,0,0,0.22596937136003534,778.9437937264137,0
22,4823.39,1,2,0,0.7416928789743908,10.144394728515062,1
12,104.36,0,0,0,0.25992042405000254,154.36084552063824,0
9,500.45,0,1,0,0.48526267051762734,555.1395427857503,0
16,185.97,0,0,0,0.11023663327624397,20.97670914184081,0
19,63.01,0,2,0,0.11709573392467629,523.7233722678815,0
10,527.35,1,0,0,0.5377077598232564,53.46075130294354,0
14,66.7,0,0,0,0.056177234194857165,16.78550433367455,0
19,230.3,0,0,0,0.1921992092146332,59.377383094563214,0
17,3681.97,0,1,1,0.22990606398142008,2.1114602439821404,0
19,582.69,0,0,0,0.0980312744885712,110.0762206857097,0
14,233.65,0,0,0,0.07251686385345352,83.89066707718145,0
11,670.15,0,3,0,0.1976998692164425,11.332644250104382,0
11,1763.5,0,0,0,0.2640884171198422,44.469515223248315,0
8,399.25,0,0,0,0.1576771956270336,101.61817193768722,0
17,171.12,0,0,0,0.2538677989952915,75.54062143513279,0
16,311.25,0,0,0,0.20306080866137968,12.79978919441906,0
12,229.44,0,0,0,0.19690950983425448,172.91149152158695,0
7,151.28,0,0,0,0.012677592250061421,157.53163734138576,0
10,291.16,0,0,0,0.10749788295425777,333.7804573724607,0
19,176.75,1,0,0,0.3452329264905283,58.47413549659101,0
10,176.97,0,0,0,0.043331303952884835,331.48390583157556,0
12,1412.3,0,0,0,0.020052836816506502,400.34765429067033,0
17,605.81,0,0,0,0.2628823301064357,185.0026000564091,0
10,1152.57,0,1,0,0.24582764291233664,92.67456927641565,0
15,323.05,0,0,0,0.09583559876345557,343.98544385931666,0
18,517.15,0,0,0,0.11455043652428211,128.09127559707443,0
17,2159.04,0,0,0,0.03734378327046886,466.9106823290167,0
5,865.12,0,1,1,0.09990469977266737,79.1381108294796,0
22,797.52,0,0,0,0.09713020204529098,76.30874400433372,0
23,247.99,0,0,0,0.26423335920400737,36.14699352595588,0
14,342.24,0,0,0,0.17514522498378296,17.872079872966317,0
13,206.2,0,0,0,0.19240718311284818,769.3380417098684,0
10,893.04,0,0,0,0.25476042510867797,123.4033738158315,0
15,76.86,0,0,0,0.16157457471691092,390.33428448506425,0
10,788.48,1,0,0,0.2708547369762148,174.49260962062257,0
4,92.89,1,0,0,0.37141438493449225,128.70338047401896,0
9,548.43,0,1,0,0.08368866261843845,220.85057441621063,0
17,103.95,0,0,1,0.1252985109644746,300.37624276131174,0
1,8974.44,1,2,0,0.8931746382954411,4.243186248395678,1
4,1070.33,0,1,0,0.06838827956451073,322.16701573777203,0
19,70.57,1,0,0,0.22957278633067355,573.6168247009032,0
14,254.21,0,0,0,0.14301515323068642,482.551516227215,0
14,492.66,0,0,0,0.28796566536175777,14.305688215407697,0
4,314.59,0,0,0,0.2776026565001229,207.86345438854215,0
19,354.6,0,0,0,0.20031988386929914,115.34115129455715,0
13,78.35,0,0,0,0.14967394065813816,111.90367446606224,0
7,188.65,0,0,0,0.15582198231957525,24.499686990494432,0
4,82.43,0,1,0,0.006614740037571751,15.574446202824737,0
12,169.8,0,0,0,0.12612584828264434,54.87668241515089,0
6,129.98,0,0,0,0.2190302193629494,82.40605469142521,0
6,64.1,0,0,0,0.41585683691253517,184.26203142063292,0
10,81.69,1,0,0,0.1499374515111683,123.30069688648763,0
22,4823.39,0,3,0,0.878838056002102,8.389575157169382,1
16,1202.58,0,0,0,0.1647338596243921,100.7999304130289,0
13,486.93,0,0,0,0.3418051164430878,175.38934952002347,0
10,491.78,0,1,0,0.13158765703771996,191.53510419739854,0
8,258.92,0,1,0,0.08144743759505106,9.299657401604144,0
12,939.93,1,0,0,0.29807953483349,47.248039542572386,0
1,1211.26,0,0,0,0.26368188722393804,60.759357670002416,0
13,301.02,0,0,0,0.07144547945860735,25.726589057674254,0
20,930.94,0,0,1,0.09149883959151532,180.1977089172757,0
22,4823.39,1,5,1,0.942448265082477,1.8327491751687641,1
10,368.08,0,0,0,0.09084061850880311,52.8190031725828,0
16,300.88,0,1,0,0.29972105722980724,2.9782009239947915,0
9,205.91,1,0,0,0.2205015268822372,15.56338236173686,0
20,850.79,0,0,0,0.22314615937003462,152.65957400680102,0
14,912.83,0,1,0,0.11587598713731746,119.40850005226001,0
14,5292.38,0,0,0,0.012880100035966994,222.74218261613396,0
16,152.93,0,0,0,0.01998775318873877,125.49646710401144,0
2,4823.39,1,5,0,0.3853536475454879,4.977837477874933,1
9,1939.63,0,0,0,0.055398741493924236,25.487143199017424,0
14,292.43,1,0,0,0.16713691468772698,45.279569712749726,0
13,3986.72,0,0,0,0.018747130059201932,289.79551127407404,0
17,413.39,0,0,0,0.12689041993633218,529.4399842773369,0
19,3477.95,0,0,0,0.23957959323714123,80.40795722111348,0
17,785.07,0,0,0,0.3742473358904515,10.443133000689132,0
15,665.93,0,0,0,0.2085256169792461,70.15786719357934,0
16,532.49,0,0,0,0.05827301451913609,143.65786203354597,0
10,235.31,0,0,0,0.07419300944531873,142.16427023219808,0
9,427.83,0,1,0,0.020980002607087125,77.59883919313356,0
15,878.26,1,1,0,0.13059681349645205,28.533292755868786,0
14,286.0,0,0,0,0.3999747397934927,30.892552614951896,0
15,335.14,1,1,1,0.09795604380901377,113.12704887331472,0
15,187.47,0,0,0,0.25153042773090684,474.3061484487533,0
1,4823.39,0,1,1,0.8389021961070827,10.108765421676036,1
9,186.2,0,0,0,0.0728642904896134,190.91712276572895,0
15,641.02,0,0,0,0.5302541809766481,54.06451143104044,0
19,205.25,1,0,0,0.30678496494213514,10.634884578325963,0
13,1015.43,0,0,0,0.41787831407402815,77.1091062650211,0
17,626.48,0,0,0,0.11795502114956294,200.7492116729555,0
12,201.73,0,0,0,0.2261728583205014,234.75136550935562,0
13,2264.33,0,1,0,0.24099631758153403,144.83414827723797,0
11,189.09,0,0,0,0.27676431529823275,383.3501255668646,0
4,108.1,0,0,0,0.31324825266124134,564.0978586988297,0
9,297.46,0,0,0,0.05623471024288505,216.312538863971,0
15,169.25,0,0,0,0.398606998592541,55.84281528934696,0
16,239.15,0,0,0,0.16109646702760683,17.15480739241317,0
7,213.97,0,2,0,0.29864930948123686,318.86798671570716,0
11,674.38,0,0,0,0.1664233228102517,95.32683374378027,0
16,515.24,0,0,0,0.11750001340279677,76.79910332992962,0
11,554.92,0,0,0,0.15008505885308815,93.83351328046778,0
11,567.66,0,0,0,0.03076730669147478,276.8545750118134,0
19,476.29,0,0,0,0.47284223332010455,128.42717389957627,0
10,164.4,0,0,0,0.06793719591632842,28.184913782298576,0
9,213.6,1,1,0,0.07911315310061834,252.0424984422112,0
4,151.57,0,2,0,0.13976626149657184,87.53867362974023,0
15,1611.48,0,1,0,0.27514505048638416,104.91631848395826,0
13,260.07,1,1,0,0.20540263505736625,78.97314472189132,0
17,37.88,0,0,0,0.0028405429079536543,328.1380156602739,0
15,2038.78,0,0,0,0.07542440558069134,380.3384377135219,0
14,472.99,0,0,0,0.04900868741684223,204.09608765817407,0
14,801.92,0,0,0,0.08347740455949523,77.71832340425613,0
10,160.01,0,0,0,0.15235153849739536,20.67302063651283,0
7,401.93,0,0,0,0.1751580707259283,300.4293850974169,0
11,886.58,0,0,0,0.17910120382483097,142.07256204946188,0
19,173.74,0,0,0,0.2597475357961856,274.0762419870116,0
11,491.26,0,0,0,0.1878253061087754,735.7841035337708,0
3,338.93,0,0,0,0.13328573670463634,279.0581486231599,0
8,138.55,0,0,0,0.018086091209353995,643.8964459013658,0
9,2081.67,1,1,0,0.060684921408395466,169.24384255049068,0
16,153.56,1,1,1,0.12049207485003763,282.07285616008613,0
12,333.12,0,0,0,0.1906872165384723,192.59825569393962,0
22,378.97,0,1,0,0.13121133390051007,15.48461873771604,0
13,159.44,0,0,0,0.06829920941325072,139.488820895023,0
18,339.0,0,0,0,0.10316315079401205,95.4814434517253,0
14,1356.16,1,0,0,0.0716844373409967,280.46882140356996,0
14,265.83,1,1,0,0.49213875668369567,25.967774631873457,0
11,363.51,0,0,0,0.0916338295177004,76.67555718367505,0
16,80.64,0,0,0,0.0853466369577714,107.83503220537395,0
6,290.43,1,0,0,0.18411245311497415,45.37171474387396,0
14,191.7,0,0,0,0.13986254949300175,243.36886436644306,0
13,123.11,0,0,0,0.024145817524529017,28.83692956127961,0
16,569.15,0,0,0,0.223415595644019,108.90259144445048,0
9,131.32,0,0,0,0.169778262475818,74.47735291156305,0
20,570.58,0,0,0,0.07492816281863278,98.42745587839065,0
7,553.89,0,0,0,0.025549815851446146,493.6363358536389,0
13,17.82,0,1,0,0.06498255523232957,596.1465201948629,0
12,1259.69,0,1,0,0.2962971968896221,200.32827893693144,0
17,56.26,0,0,0,0.2308146182554157,208.5883648168118,0
11,168.5,0,2,0,0.0780384623979105,22.168940382190375,0
9,787.46,1,0,0,0.09389904594125345,373.9395633278743,0
6,145.04,0,0,0,0.2182693846963689,512.6315785795396,0
10,334.59,0,0,0,0.13855607216820864,76.92933122114559,0
23,1384.88,0,0,0,0.12234861721907676,1183.481904425024,0
13,1100.05,0,0,0,0.10483462284528089,881.5307973687645,0
16,2195.57,0,0,0,0.5285160063778962,597.8412523306346,0
13,1266.8,0,0,0,0.32178406611211147,451.2208488223002,0
2,4823.39,1,3,1,0.6397243727844129,7.565252510547732,1
18,542.11,1,0,0,0.1650197424048398,231.68275024913402,0
6,176.36,0,0,0,0.18378861981448047,141.95840354308987,0
21,954.47,0,0,0,0.29175431979544264,139.32377738076954,0
6,204.43,0,0,0,0.034164039937870164,41.15961270692694,0
16,4934.1,0,0,0,0.13846675648501644,663.4036507853219,0
11,128.32,0,0,0,0.12304392295864915,211.43678812373003,0
14,377.65,0,0,0,0.03993462335056042,561.0802426948273,0
12,897.91,0,0,0,0.33572726804817615,13.742599312245252,0
17,2706.65,0,0,0,0.3331408186614594,411.0328634656259,0
15,133.13,0,0,0,0.3136973982449492,186.1202372322028,0
18,1881.19,0,0,0,0.005680055646816886,53.83671510544234,0
18,339.28,0,2,1,0.06345486949319278,211.2814781989434,0
22,298.41,0,0,0,0.2331108114025109,101.07776245002881,0
15,293.68,0,0,0,0.0610499509180761,254.4244225238803,0
15,613.26,0,0,0,0.08780739844858271,79.4968108130561,0
11,216.84,0,0,0,0.14190921425960515,377.7946575286027,0
7,266.34,0,0,0,0.012762968681285906,374.48513449245286,0
10,285.83,1,0,0,0.023223007368186423,118.74378052013164,0
12,515.23,0,0,0,0.1318059739878841,47.18439970912423,0
21,776.52,0,0,0,0.2565544923798914,149.94169759738213,0
18,134.31,1,0,0,0.27563901323819134,380.65199133334664,0
22,261.44,0,0,0,0.08992171630199247,40.01821735646579,0
14,123.25,0,0,0,0.16938615849078523,100.5871095514356,0
0,578.76,0,1,0,0.18152215989183504,181.82047311351278,0
12,382.49,0,0,0,0.1259940624881497,485.9947196190792,0
12,1522.01,0,1,0,0.07209341161654999,64.99278842477624,0
15,1477.12,0,1,0,0.13386442239864377,83.23660767817844,0
5,684.02,0,1,0,0.21468118091536376,644.957803460262,0
11,209.26,0,0,0,0.14116490517914457,72.62699538807479,0
5,8974.44,1,4,0,0.7280174082693133,22.586705898725516,1
14,505.61,0,0,0,0.2387024561952032,5.691590621467487,0
12,771.28,0,0,0,0.07262221020313343,109.4842458473799,0
19,797.58,0,0,0,0.15867346510785255,356.41164338470975,0
11,7772.4,0,2,0,0.15020965343336395,29.126610763345617,0
5,160.78,0,1,0,0.17376448269599867,314.7089147389339,0
17,1692.2,1,0,0,0.05483356654730223,177.3019177190643,0
18,1755.92,0,1,0,0.006460537835590298,102.98024320888021,0
16,21.24,0,0,0,0.1540854873472354,116.9839637072137,0
20,2238.75,0,3,0,0.2148556823639177,71.0653023815715,0
12,548.18,0,0,0,0.19514804483195586,58.17603003038563,0
11,315.33,1,0,0,0.07107286370017486,49.82325234801409,0
14,78.16,1,0,0,0.021640347818141645,362.7994278778009,0
14,396.84,0,1,0,0.14022482423238367,558.5271301406351,0
16,2576.68,0,0,0,0.23556478767745473,45.557516180535636,0
8,313.57,0,0,0,0.4846579248487379,316.95013808308863,0
17,686.72,1,0,0,0.10547037644216717,316.724950503722,0
4,3943.69,0,0,0,0.09920878758385253,32.94478564297003,0
8,179.14,0,0,0,0.12288172237713092,77.93030517792485,0
14,287.75,0,1,0,0.4640402249575727,2.901455382254306,0
14,478.1,0,1,0,0.2652792758128212,26.453309050156225,0
16,768.75,0,0,0,0.08132053413152197,263.329153845947,0
17,113.9,0,1,0,0.08542258108564112,43.69461673556633,0
21,914.09,1,1,1,0.1663343581479426,84.4204301262893,0
7,96.94,0,0,0,0.35171927422290294,92.12284398085569,0
2,1857.6,1,4,0,0.8186180481959137,1.6826858292139517,1
12,208.28,0,1,0,0.07759351534938758,167.488777413476,0
8,730.07,0,0,0,0.047475915871705396,258.6635437984959,0
3,277.65,0,0,0,0.07795604625629664,9.749484315056653,0
14,518.14,0,0,0,0.12568702622746994,48.75268365657889,0
9,347.77,1,1,0,0.0488938355313764,579.432794519411,0
13,430.72,0,0,0,0.0816858798181089,283.0968589107275,0
18,123.7,0,0,0,0.1311623332015506,88.3240951679065,0
12,2853.84,1,0,0,0.11773832095891246,253.58755299643448,0
10,237.26,0,0,0,0.07829885006297481,67.7010589443621,0
14,1307.14,0,1,0,0.04026431472480629,61.81267084360945,0
20,1048.06,1,1,0,0.2104110984249122,492.7100103625972,0
17,164.27,0,0,0,0.2554217620926703,1030.560472551691,0
23,212.53,1,1,0,0.036391964782359815,628.8148756766334,0
12,138.2,0,0,0,0.14259301864453855,83.44853404751797,0
1,263.65,1,0,0,0.30363863549246906,339.01527265907384,0
21,232.53,0,1,0,0.17440324045892827,4.242327959736213,0
16,241.12,0,1,0,0.12455813958850159,39.14898596880761,0
13,185.42,0,0,0,0.20296817676938467,101.06161072941069,0
0,236.13,0,0,1,0.15741283884792948,429.7271331339625,0
11,178.39,0,0,0,0.09301475084839818,82.68008777635413,0
13,49.84,0,0,0,0.2099858913051653,42.31340027294813,0
5,1939.1,1,0,0,0.38660138388617327,352.97514005110025,0
14,120.12,1,0,0,0.14258828406651353,81.29482387239908,0
11,178.38,0,0,0,0.12092746869721642,166.97052358916665,0
21,418.67,0,0,0,0.23073720121119828,13.195217134208352,0
17,737.08,0,0,0,0.08554210049218529,31.21927390559691,0
21,275.36,0,1,0,0.06488910120568284,118.06103936177244,0
5,1457.5,0,0,0,0.1178780832591638,180.0867152416135,0
13,248.08,1,0,0,0.032072330099990574,88.90533714889321,0
6,667.87,1,1,0,0.3246941170070184,825.7383154955656,0
16,772.88,0,0,0,0.1924090871169488,89.83216671728667,0
19,2610.96,0,0,0,0.11805684469985339,31.446864752336822,0
22,1846.36,0,1,0,0.17114640424069794,75.34421638432886,0
7,274.09,0,0,0,0.03188919903302879,2.7909008470108487,0
11,455.19,0,0,0,0.08673792106385357,302.1377869307862,0
10,213.73,0,0,0,0.17894988949502905,57.43018262908621,0
5,4823.39,0,6,0,0.8343032720135053,13.56105738049351,1
9,357.81,1,0,1,0.6361449630455746,17.785029189932988,0
17,229.44,0,0,0,0.07511188598793692,33.82841603206866,0
12,160.47,0,1,0,0.09512518097190013,293.5030845812843,0
11,358.86,0,2,0,0.15976538905400098,232.16270226080786,0
12,569.92,0,0,0,0.22593548233360805,27.687728284975055,0
9,182.36,0,0,0,0.15626777380633122,49.57374264903137,0
10,335.12,0,0,0,0.2930267720154334,124.46834820722532,0
10,336.85,0,0,0,0.34332879083929757,39.91108045800377,0
10,378.85,0,2,0,0.07611775085100175,13.308906422188764,0
19,1244.43,0,1,0,0.23381323198366563,81.0901402874773,0
4,4823.39,1,0,1,0.9269427733002779,0.1,1
13,402.26,0,0,0,0.10745602614627937,63.12986776479787,0
13,331.57,0,0,0,0.10887699800553512,266.32071112097475,0
8,281.27,1,0,0,0.1029452193116985,16.781574232542212,0
15,344.29,0,0,0,0.1277379514264919,27.9010130191325,0
6,157.11,0,1,0,0.2844215224076095,45.34511606752884,0
19,3205.24,0,0,0,0.0563704927498456,312.73952465625376,0
15,521.04,0,0,0,0.03700337407764399,506.0268188430591,0
12,515.71,0,0,0,0.11851344748183762,336.3246680924309,0
8,2676.28,1,1,0,0.07038164864986653,561.8264476622761,0
2,2120.77,0,1,0,0.12181673030573617,200.34708717635993,0
14,133.33,0,0,0,0.15154268134834264,171.47178220408185,0
13,265.32,1,2,0,0.10400859337140543,36.41664460346642,0
10,117.56,0,1,0,0.12757705791393062,127.04122339103263,0
4,432.42,0,1,0,0.20169215248119685,84.07465846197954,0
15,250.68,0,0,0,0.31037402410452153,115.85147147442456,0
7,715.18,0,0,0,0.04363066989677888,66.87242768929613,0
7,1021.04,0,0,0,0.21264328497076335,107.57321333830592,0
1,1385.21,0,0,0,0.19491095531863187,130.42777683549804,0
11,50.71,0,0,0,0.273975279320795,296.9360517246857,0
15,1178.53,0,0,0,0.059257783829733485,85.2377876892266,0
14,118.35,0,0,0,0.08509767930762287,148.79347545923406,0
20,640.41,0,0,0,0.07922743159323113,293.7399827309255,0
16,1259.79,0,0,0,0.00719260605106156,110.1845699361781,0
21,690.35,0,0,0,0.05917605896781661,181.91942481184037,0
18,151.68,0,0,0,0.13440991909247604,156.27803320851584,0
15,67.57,0,0,0,0.14566019245290257,112.1268280861779,0
19,1209.7,0,0,0,0.19933250672435815,46.67631329392565,0
17,290.63,0,0,0,0.1066862509888872,170.41883459194614,0
7,309.01,0,0,0,0.2167706009232503,37.83766149239704,0
15,443.01,1,0,0,0.14220171843027435,84.81941179410886,0
15,402.12,0,0,0,0.06852142510073887,618.4506720371264,0
0,98.3,1,0,0,0.038350223082870796,78.05350218922146,0
15,128.68,1,0,0,0.21793708753374721,610.1850927199641,0
13,926.63,0,0,0,0.11014817652878157,48.22373710611876,0
13,1081.38,1,1,0,0.005157066909594095,46.767398009573256,0
9,98.96,1,1,0,0.0775955146010428,94.88877187268925,0
3,1406.09,0,1,0,0.0752392081249103,30.116870791678345,0
23,445.9,0,1,0,0.20144593973378727,8.73880661572768,0
8,278.07,0,0,0,0.2805805666843535,514.4651967491313,0
15,317.84,0,0,0,0.17010576492243995,82.43178724868093,0
23,994.44,0,1,0,0.2005834026528027,56.03804088955646,0
0,486.47,0,0,0,0.06324615751655384,491.3448530323044,0
3,485.91,0,0,0,0.045629826679492246,357.69337951131723,0
21,201.54,0,0,0,0.18750862726486126,86.625974283157,0
5,1458.59,1,0,0,0.038580695174614765,213.39429285619488,0
13,5381.3,0,0,0,0.04248426916955204,105.71919813990738,0
11,242.27,1,0,0,0.1232299665494726,25.202657738112027,0
14,188.41,0,0,0,0.20368844277475345,222.76914384746013,0
12,445.09,0,0,0,0.1037087998183073,331.11023125991323,0
15,1194.55,0,0,1,0.15953101668061526,9.862336162424874,0
0,8974.44,1,0,1,0.6463662078075809,19.44296603225409,1
11,1383.58,0,0,0,0.14138642261790998,160.13434613221025,0
10,77.77,0,0,0,0.04632467013281767,108.81661209225474,0
17,120.66,0,0,0,0.10109128731685914,84.83445711580843,0
13,431.56,0,0,0,0.11240690084952565,367.37486865136134,0
12,205.49,0,0,0,0.5324447077584173,26.49582885718328,0
19,582.56,1,0,0,0.024883866016154117,121.97566152207334,0
14,77.61,0,0,0,0.03330195489845696,213.4360691366702,0
9,2302.44,0,1,0,0.04137112766817832,210.21249599984952,0
15,1222.47,0,1,0,0.0788937933420263,168.78061177487027,0
11,142.37,0,0,0,0.3084480765693866,39.34592852161773,0
0,3532.36,0,0,0,0.23632870902971106,477.03222853902975,0
23,242.93,0,0,0,0.3144046424308637,100.81950667915547,0
17,1104.85,0,0,0,0.17868821249897918,98.28982703732753,0
10,903.27,0,0,0,0.07014671075046515,290.17479914876895,0
21,140.1,0,0,0,0.1015142922323683,23.796031152803128,0
16,591.52,0,0,0,0.040962753229761166,359.02734860784494,0
18,498.01,0,1,0,0.013354836278692921,55.722715901943424,0
15,317.0,0,0,0,0.10136418379004714,51.380694572997655,0
19,613.04,0,0,0,0.12819619435270557,22.27054760783379,0
13,2381.25,0,0,0,0.3860024892846425,107.32942414788046,0
9,1855.89,0,0,0,0.08602666560297795,37.60247518204325,0
21,419.79,0,0,0,0.16929491618977932,86.52275087108714,0
15,241.64,1,1,0,0.189959427966485,337.13687569314345,0
4,4823.39,1,4,1,0.7577555503459705,2.0081314526653853,1
7,475.6,0,1,0,0.13347993229234623,5.695035453340063,0
18,443.75,0,0,0,0.0946314452148047,124.94506727108057,0
16,399.83,0,1,0,0.14099982986970638,325.32684757403695,0
4,1148.29,0,0,0,0.03187500344608981,280.4329797938805,0
8,1028.35,0,1,0,0.43513848220208956,203.60337513394666,0
17,91.26,0,1,0,0.15785328624610123,56.95464021512369,0
13,393.76,0,0,0,0.19293220081729795,6.88735082642635,0
13,364.04,0,0,0,0.042150012844182,35.68313026298792,0
12,203.8,0,0,0,0.10195752071208819,23.41436473749934,0
3,223.92,1,0,0,0.12467936796099685,199.35470446803805,0
8,771.21,0,0,0,0.46343742798760196,441.3216102342777,0
16,2529.78,0,1,0,0.16671729118130635,454.3338487491791,0
14,1223.94,1,0,0,0.28118409346579365,91.61308782516717,0
11,217.61,0,1,0,0.011033876441182583,359.0708916964842,0
8,298.24,0,0,1,0.13226702005964547,40.678793058128555,0
6,818.26,0,0,0,0.4260571075867504,25.499144699559867,0
18,3718.32,1,0,0,0.0026573720160604415,94.55226936096317,0
14,1678.55,0,0,0,0.05001775843504636,184.5098087735106,0
4,282.14,0,0,0,0.11195708201379845,13.678753497607842,0
14,8644.93,0,1,0,0.054981965240179294,216.0865439230238,0
4,8974.44,1,2,0,0.6208206529869055,0.7753106958436459,1
2,1857.6,1,4,0,0.6727801500838263,8.60160238927164,1
14,61.82,0,0,0,0.36768447588283276,24.974196563548762,0
13,189.61,0,0,0,0.2421458688440396,1.0,0
10,1024.72,0,0,0,0.1684489383185742,234.10185382451124,0
15,847.2,0,0,0,0.10857013769700527,481.8821180551439,0
9,215.26,0,1,0,0.01886096275198275,119.62817730567636,0
2,1857.6,1,1,0,0.4946779225372439,11.137105076204035,1
14,195.7,0,0,0,0.34618191252528274,132.40126128146136,0
8,242.45,0,0,0,0.0923520621379307,214.1083623564849,0
7,341.47,0,0,0,0.5453645806070706,64.47536692124514,0
16,678.65,1,1,0,0.08786391949698845,231.71202108419604,0
9,224.03,0,1,0,0.16454464158454923,47.356387456383786,0
8,1372.12,0,1,0,0.22795711903038215,280.48026849728615,0
23,4823.39,1,1,0,0.9426593817437171,14.559965002145775,1
9,553.95,0,1,0,0.051958417449470266,147.26583661132616,0
17,656.51,0,1,0,0.16387327959493075,148.00067534416917,0
9,2953.33,0,0,0,0.09492011965787261,426.7944563748671,0
15,435.19,0,1,0,0.2066016516757842,518.2665297317234,0
10,172.29,0,0,0,0.303212708506849,141.97712734613057,0
13,1283.92,1,0,0,0.14034375686274303,155.54393984570765,0
14,339.78,0,1,0,0.1215366635301966,18.09710808854947,0
18,194.27,0,0,0,0.021523529767437537,11.89311815408421,0
20,427.27,0,1,0,0.16110618521391018,595.9680080170116,0
13,361.32,1,0,0,0.05583921872092572,491.7969578087302,0
22,70.3,0,0,0,0.2510810918788847,253.79225749529482,0
15,2632.7,1,2,0,0.08045385193110367,99.85834831418785,0
14,71.05,0,0,0,0.024926714255901344,252.9267040584161,0
19,3273.08,1,0,0,0.0838398457619843,184.25029183630915,0
13,257.59,0,0,0,0.13908936284578496,391.5598684225934,0
0,8974.44,0,2,1,0.8031516468593107,22.4747142979066,1
2,4823.39,1,5,1,0.8872685189144609,16.04033765341863,1
15,2905.45,0,0,0,0.052456133999633635,177.87915478232094,0
12,23.09,0,0,0,0.006689372894490806,4.352490426267344,0
16,181.66,0,1,0,0.04536019417659208,311.4042251152324,0
6,502.76,0,1,0,0.04484280716763215,486.99711326025823,0
23,316.14,1,0,0,0.14588453857501643,582.7879436096459,0
11,129.55,0,0,1,0.12990708575147353,60.54936282370356,0
10,580.99,0,0,0,0.2598178656669758,818.9819865713857,0
6,377.28,0,0,0,0.04411987768445064,100.47958056524439,0
11,234.5,0,1,0,0.17117852311505802,105.2226544106525,0
11,505.7,1,0,0,0.17107107655200487,187.2683490144069,0
16,38.37,0,0,0,0.09981334419698423,779.5468366674224,0
22,506.48,0,0,0,0.2822924711864134,70.94939360551035,0
12,516.73,0,0,0,0.10251874207462805,138.5930776703986,0
4,8974.44,1,2,1,0.7291637480044578,10.362089887723805,1
3,3707.61,0,0,0,0.18398059760417118,139.35533502403172,0
6,291.39,0,0,0,0.035480777542681634,85.18637862172673,0
11,862.07,0,1,0,0.079128440950566,23.944549794228216,0
12,1540.8,0,0,0,0.1912404182909338,274.85364931132125,0
12,1385.05,0,1,0,0.050007632753076584,402.16518603390404,0
15,151.01,0,0,0,0.08404546450554236,187.91437183852378,0
12,1252.87,0,0,0,0.16754530094570058,65.52043446515925,0
11,228.78,0,0,0,0.15599462864272878,124.98421018679035,0
16,861.6,0,0,0,0.08762300131528802,68.32252967170366,0
8,702.07,1,3,0,0.216479053255892,11.095405201894955,0
2,8974.44,1,3,0,0.4845553852686539,5.732102067290737,1
16,211.36,0,0,1,0.24178800686984203,153.01339787202127,0
23,1104.74,0,1,0,0.14209900208836262,440.41802594065814,0
8,599.53,1,0,0,0.11901881649939336,117.78159676049653,0
10,198.63,1,2,0,0.05743211770162059,33.644957478203324,0
11,227.93,0,0,0,0.1987478721900324,383.14269051195805,0
18,232.74,0,1,0,0.08556169942316008,68.65880255068573,0
15,781.08,0,0,0,0.027488642382998026,20.121337015380032,0
1,1883.41,0,0,0,0.049396987395857406,348.42601146399574,0
23,2418.24,0,0,0,0.18325595311411755,45.446458752446446,0
17,1516.69,0,0,0,0.06306016025923773,17.033212629442662,0
23,2032.27,0,0,0,0.05266668381145641,270.4027541373377,0
17,166.56,0,1,1,0.03375085285636892,308.7131716969808,0
2,1857.6,1,4,0,0.3414832992755531,6.469834752447151,1
23,1857.6,1,6,1,0.836324858104069,5.940620232815037,1
22,243.19,0,0,0,0.47105571052975903,19.05957834983693,0
16,362.31,1,0,0,0.1227612267476059,143.6009164057413,0
23,210.54,0,0,0,0.029921931367079376,586.251229420437,0
4,4823.39,0,1,0,0.5647125778235115,3.299440614937668,1
15,204.02,0,1,0,0.06479894792331868,155.7315527716922,0
8,189.36,1,0,0,0.1916878646232996,225.6411005394301,0
21,605.23,0,0,0,0.13769451151876375,18.54751347696228,0
14,545.29,0,0,0,0.14000067925823684,134.08121580954142,0
12,205.94,1,1,0,0.11531279274730305,287.9778034825058,0
5,344.05,0,2,1,0.14755859730271756,250.55675159570862,0
14,521.67,0,0,0,0.051764387967637875,38.585494995065204,0
13,2365.6,1,0,0,0.3501120712014527,14.793254829064692,0
20,951.14,0,0,0,0.1463648934905872,57.64991293667299,0
8,219.59,1,0,0,0.01643187631155906,975.6264893798696,0
12,387.09,1,0,0,0.20225865049734826,12.199496896113974,0
16,154.72,0,0,0,0.36244795132676666,12.198966480501563,0
10,259.57,0,0,0,0.04444751650727081,196.14985647648905,0
17,1181.01,0,0,0,0.053718010408170376,129.69009981650794,0
4,1093.21,0,0,0,0.02096255654320756,469.5248945415729,0
12,702.3,0,0,0,0.42180455809478606,176.19855268411024,0
19,135.02,1,0,0,0.011671370968184536,119.34872087693832,0
18,141.37,0,1,1,0.4109184586467224,335.31144633727513,0
12,283.21,1,0,0,0.1410752672983667,557.9194977597358,0
18,397.13,0,1,0,0.22108345332153528,64.72413266456994,0
15,720.38,0,2,1,0.2961398208089446,42.40823906224627,0
15,222.61,0,0,0,0.2005734247798148,1.0,0
15,126.09,0,2,0,0.253501158824088,323.89978778470834,0
11,650.31,0,0,0,0.060026671513029595,28.723488558312628,0
10,75.89,0,2,0,0.19512486957207,13.249118931214992,0
17,127.98,0,0,0,0.06799495664066464,294.1721404697731,0
11,1631.14,0,0,0,0.054435869319557996,99.4394324266718,0
6,213.79,0,0,0,0.08579008810386919,106.72113434817511,0
12,409.36,0,0,0,0.07531154597526334,105.93903837016278,0
10,747.92,1,0,1,0.3611597429543077,174.65905744995976,0
15,827.31,0,0,0,0.0552219213375564,132.91640538148323,0
14,1203.8,0,0,0,0.0976425268930555,208.82531476735969,0
23,1857.6,1,1,1,0.857065500895197,4.048992671561075,1
14,92.85,0,0,0,0.14666006376996818,119.4495997021524,0
21,1066.2,0,0,0,0.042573430049764965,74.61545817273885,0
13,113.93,0,0,0,0.12039678958618857,285.6562819154068,0
3,1857.6,1,3,1,0.7997183716954195,0.4698599529164259,1
12,325.39,0,0,0,0.28161101559677626,136.54223823231322,0
12,948.25,0,0,0,0.10401165884905172,313.2031085728572,0
15,562.34,0,0,0,0.03620451905741998,393.79028721066186,0
4,181.71,0,0,0,0.055018859463687404,912.643963073752,0
15,448.97,0,1,0,0.09806999650998678,98.1248143973916,0
16,409.64,1,1,0,0.09453925307198927,788.0939946490096,0
14,617.34,0,1,0,0.05638775027772563,41.73787595492319,0
17,188.24,0,0,0,0.1259521318953569,199.6444981811804,0
23,338.43,0,0,0,0.09645757244632386,102.31601178030382,0
15,1020.98,0,0,0,0.2041553186673479,116.09515704651282,0
17,163.03,0,0,0,0.2862161669058249,39.393544773104715,0
16,379.18,0,1,0,0.5164331507650708,284.6555885384213,0
18,145.42,0,0,0,0.24233929370165277,367.41526071208443,0
13,141.3,0,0,0,0.26658771064624653,514.0260602028676,0
15,229.39,0,0,0,0.2511160483181174,82.27400417617717,0
8,758.89,0,0,0,0.275953927612675,84.84933459071767,0
11,146.95,0,0,0,0.2669199208500424,55.37492900245806,0
6,815.89,1,1,0,0.21809024313471925,320.93754109113996,0
21,326.66,0,0,0,0.029482490822959347,164.66257120183062,0
6,821.59,0,0,0,0.11398922770629945,174.18748326983072,0
10,159.14,0,0,0,0.053374313062470445,46.01645517920088,0
21,103.78,0,0,0,0.12763272351764657,36.663200793853655,0
22,671.33,0,0,0,0.053089725683009736,46.629597450982345,0
11,100.41,0,0,0,0.261576526961873,175.22348115517372,0
18,544.22,1,0,0,0.17266590934708187,138.54232035917184,0
18,2997.29,0,1,0,0.023609299419647345,40.39592560763653,0
14,93.12,0,2,0,0.6025670006728426,127.30968049250318,0
21,972.4,0,0,0,0.10002898792296318,623.107402332191,0
13,426.86,0,2,0,0.11382869974560068,76.46347989687891,0
14,243.66,0,0,1,0.1734179209359892,13.265395276305009,0
16,525.49,0,1,0,0.022327844708403505,85.66573325945735,0
14,300.75,0,0,0,0.005043724616768905,134.4409258448048,0
15,57.58,0,0,0,0.18858589177280355,125.36909007085427,0
3,1857.6,1,1,1,0.7551596690969622,1.2778675629530936,1
22,4823.39,1,2,1,0.7978259831218346,12.00688830940034,1
21,752.26,0,1,0,0.17956372128699793,18.416050617370463,0
0,2030.94,0,1,0,0.1071910314249904,47.62703392560305,0
11,331.19,0,0,0,0.15830546523707767,342.1546217847136,0
6,305.46,0,0,0,0.07635491820027765,85.16854100980773,0
19,285.17,0,1,0,0.04858767481454139,366.5651457689245,0
12,267.52,0,1,0,0.29949596005764206,101.88645465588877,0
21,234.2,0,0,0,0.010592211937927946,144.33981924348177,0
0,4823.39,1,3,0,0.6604279105944191,13.678187270659304,1
17,688.04,0,0,0,0.2583951581725071,91.83923407708578,0
15,182.87,0,2,0,0.17977314846808554,69.17428631390334,0
22,370.0,0,0,0,0.1161515937068088,59.89703716344607,0
7,256.67,0,0,0,0.10685339858963856,482.0750140514825,0
10,223.34,0,0,0,0.07544469127262898,96.36231124227874,0
9,387.11,0,0,0,0.10794094582794349,40.54947727809628,0
13,1307.39,1,1,0,0.11203189512409267,513.4096482061685,0
13,774.74,1,0,0,0.04304004477010461,147.54000225154832,0
9,154.78,0,0,0,0.22970486074166702,543.3283058726131,0
23,1124.26,1,0,0,0.026302082645946166,24.71127939011571,0
23,1704.6,0,1,0,0.03435595437598625,312.17758921205893,0
8,933.36,0,1,0,0.25365381741407494,38.010953783759255,0
14,191.76,0,1,0,0.08404528049841425,193.0874081309438,0
9,379.38,0,0,0,0.18946722931548415,100.09541089466492,0
23,349.66,0,1,0,0.3406452895200583,8.389575353028174,0
5,171.7,0,0,0,0.1330616417674929,106.4398958230573,0
6,2504.23,0,0,0,0.0603005211379576,92.62648368834556,0
12,1174.61,0,1,0,0.19869290974540074,519.1965061191449,0
2,4823.39,0,4,0,0.45297003961513194,5.452188719593793,1
13,556.43,0,1,0,0.3399275127355856,1098.3421305994705,0
13,305.18,0,1,0,0.10702907909119493,228.72299343298062,0
7,1280.37,0,0,0,0.25405621905223935,81.82285934438475,0
10,1440.19,0,0,0,0.17589269511857084,425.8792904424939,0
13,273.62,0,0,0,0.141004666109944,363.9277399596469,0
17,638.0,1,0,0,0.06570238110356133,461.4920210916757,0
11,613.7,1,0,0,0.07994738557228952,197.09070677130234,0
17,3047.86,0,1,0,0.07391896450043527,66.96499803206635,0
17,99.23,0,1,0,0.10361459064825368,10.38605648375347,0
11,956.17,0,0,0,0.3061078539895669,2.8425999089088507,0
5,1857.6,1,6,1,0.9739260855430029,20.9165201366527,1
16,210.03,0,0,0,0.1263709478511896,81.14148172586897,0
9,85.76,0,0,0,0.12036326577892122,99.02207136452719,0
10,548.87,0,1,0,0.06773643138774788,140.11970129864625,0
14,427.63,0,1,0,0.07988419236240757,20.40778007744417,0
11,51.9,0,0,0,0.015184796902043133,84.85306749340938,0
8,60.72,0,0,0,0.2612296593270341,106.41027402833937,0
23,4823.39,1,0,0,0.460721726667531,9.152379964846167,1
9,296.66,0,0,0,0.1811735502409477,336.8430377046746,0
7,2932.22,0,0,0,0.03957883217327845,300.70716582803385,0
15,386.12,0,0,0,0.018851226138852165,109.13029260379953,0
9,119.25,0,0,0,0.24257264673139198,76.96257684315556,0
13,110.12,0,0,0,0.050623147352130006,149.66184444607208,0
16,107.31,0,0,0,0.12701742810187502,117.43587588369765,0
21,302.68,0,1,0,0.06977190351475969,180.89799648092526,0
10,579.87,0,1,0,0.03970718052480488,16.872267474427918,0
17,204.49,0,0,0,0.2654654241236519,3.04427280825484,0
18,886.84,1,0,0,0.04754058874962262,179.29538087970334,0
23,975.02,0,0,0,0.12760504837017184,66.0481559554232,0
4,1857.6,1,4,1,0.6603469065777842,4.782431814257542,1
21,252.64,0,0,0,0.08348775658397686,16.895459932231642,0
9,164.38,0,0,0,0.07684535059318279,26.20908795350692,0
19,139.52,0,1,0,0.32237140103020173,156.68624770669874,0
13,444.86,1,0,0,0.13172928922621946,294.68755804153267,0
23,264.15,1,0,1,0.04734236182995611,8.768505748234894,0
15,1443.43,0,0,0,0.15805197033383483,304.8515673351438,0
17,387.14,0,0,0,0.19530285421787832,121.75096349193049,0
19,392.31,0,0,0,0.4785993779454059,145.91195625636195,0
15,779.26,1,0,0,0.16460248160015128,69.50216729346384,0
9,17.57,0,0,0,0.1191086374053006,143.0551268297426,0
8,163.35,0,0,0,0.15297001636512725,522.07445914863,0
10,374.58,0,0,0,0.3052768490385895,199.92906350781823,0
12,51.07,1,0,0,0.20035980405963508,64.18704780558957,0
8,517.14,1,0,0,0.09373374968232065,535.8950644472473,0
17,916.11,0,0,1,0.39737143871922126,439.57796165017265,0
13,353.76,0,0,0,0.24796963720423254,59.12666732117158,0
14,43.26,0,0,0,0.4245662844802655,67.21777634594629,0
20,4469.85,0,1,0,0.3082662928210568,26.791058715664995,0
15,415.49,0,0,1,0.1462729715969063,173.3920730258933,0
7,1491.64,0,0,0,0.08630355008834352,111.3394344233804,0
5,824.38,0,0,0,0.2588853750526307,53.82744050461618,0
14,3341.03,1,0,0,0.054563927593666635,105.76038568905348,0
13,606.55,1,0,0,0.041535293384368746,367.15524340244,0
19,457.87,0,0,0,0.10272269675881959,253.0614420433382,0
12,376.34,0,0,1,0.052116614073615904,68.56535391603234,0
23,674.28,0,0,0,0.5315979098307114,82.74320275236967,0
9,515.3,1,0,0,0.1735858017138282,33.42185340903605,0
15,305.89,1,1,0,0.19192459642352408,167.16682437255713,0
11,115.72,0,1,0,0.04427770136536112,87.90256070587344,0
13,2573.93,0,1,0,0.03004308911933733,83.87327239378071,0
13,535.8,0,2,0,0.20161353303108437,531.7647241307737,0
12,491.39,0,1,0,0.10800040140068302,189.52944892202868,0
21,188.82,0,0,0,0.12610213408660415,215.6401361217963,0
23,376.91,1,0,0,0.34542494909900545,1.9851884130234931,0
18,947.69,0,1,0,0.0848769184748296,243.96208615700712,0
8,838.88,0,0,0,0.017923587957747754,225.5560705546695,0
11,163.76,0,2,0,0.029796627914172057,146.00954670983307,0
13,279.3,0,1,0,0.21007399389166512,94.16913927654844,0
15,818.57,0,0,0,0.29287146041249035,62.997378346471336,0
14,315.03,0,0,0,0.21339232051206114,8.229196407008978,0
5,466.33,0,2,0,0.23724213558004514,30.891796901702286,0
11,199.23,0,0,0,0.0610871096955053,99.01446502074297,0
9,1091.13,0,0,0,0.10827749973390517,254.92312414536838,0
12,541.73,0,1,0,0.10143581333434143,136.39102864850807,0
15,344.05,0,1,0,0.038440893843784255,101.17381282709907,0
10,959.37,0,0,0,0.19225296913796677,227.2881292813308,0
20,240.58,0,1,0,0.14104699283313474,29.6554858502351,0
13,77.54,0,0,0,0.10379067198755404,144.16983523346084,0
9,142.62,0,0,0,0.07861009589509714,484.0644343344774,0
23,1857.6,1,1,1,0.6192274583811284,10.383857783125691,1
11,398.0,0,1,0,0.08837326690575427,497.3969463158878,0
13,247.02,0,0,0,0.0230236760500584,54.76084555023182,0
2,1857.6,1,2,1,0.6344265333611789,4.7086373314634224,1
17,1378.44,0,1,0,0.24520779260933492,37.15210697896255,0
10,1060.78,1,0,0,0.07968974395842217,82.22518332533232,0
14,420.8,0,0,0,0.3455809644957906,165.6143105640401,0
11,642.18,0,0,0,0.2981109174285002,142.03552689869855,0
9,262.61,0,0,0,0.21555303842363038,53.93046092967734,0
15,1754.13,0,0,0,0.08142222206380084,73.89999537124537,0
8,510.13,1,0,0,0.08779223663744157,6.132048353976126,0
10,590.39,0,1,0,0.22175878616386469,84.95324058455968,0
3,365.62,0,0,0,0.04898771828531484,124.31560287204242,0
4,186.47,0,0,0,0.09853197040443487,465.0062883686232,0
16,150.56,0,0,0,0.02206671289020579,194.51838804677385,0
21,156.91,0,0,0,0.2826906783828235,98.86923335891943,0
11,1069.22,1,0,0,0.26513091518909215,42.62096678069339,0
13,2796.44,1,0,0,0.15536785851858037,381.81843294616175,0
3,4823.39,1,0,0,0.7209092736725872,20.45565147786732,1
16,355.72,0,0,0,0.40761020378394924,22.152218222416654,0
10,141.3,0,0,0,0.17088399687452027,286.33012161489336,0
11,360.05,0,0,0,0.10965379554590009,4.820122424426082,0
21,1127.91,0,0,0,0.05584991818851514,193.84877868200823,0
12,1225.48,0,0,0,0.1024439275473024,148.5115588209864,0
17,3023.41,0,0,0,0.21629521784090702,96.9923269133745,0
18,2263.35,0,0,0,0.14038528999835126,51.955454462836315,0
18,1042.77,0,0,0,0.12696793583159433,267.2416007890328,0
16,844.71,0,0,0,0.10177589681487637,57.26441070166716,0
10,80.96,0,0,0,0.1482303809657332,81.51586668322807,0
8,1620.59,0,1,0,0.5310928599156804,22.556933431083046,0
11,1987.35,0,0,0,0.07081078498130253,59.914166934159326,0
13,437.12,1,0,0,0.035856244989628,272.52033130573477,0
8,208.75,0,0,0,0.14017983154425878,1.0,0
10,47.94,0,0,0,0.2991132435368547,3.2645071130082584,0
12,474.13,0,0,0,0.038539529880584684,173.420891603656,0
20,657.87,0,0,0,0.10569762193334195,668.0272805427252,0
8,155.26,1,0,0,0.4604553636473093,104.11684527270474,0
15,716.71,0,0,0,0.02167502402811815,40.96942106756913,0
5,188.15,0,0,0,0.020682042462425106,508.9493049956517,0
3,236.1,0,0,0,0.0752672847577759,293.2529521832024,0
13,443.99,0,0,0,0.3214962701712724,115.94284288308458,0
14,1188.47,0,0,0,0.21144491812533078,202.2396848885942,0
3,8974.44,1,2,0,0.7855783634729457,6.5446168782454155,1
13,103.19,0,0,0,0.1746851297679247,373.4680513392011,0
17,224.03,0,1,0,0.06159437781533849,44.625114785537654,0
19,1734.09,0,0,1,0.09538149261760485,40.12011470516089,0
13,461.55,0,0,0,0.08310517923162036,74.67448519527235,0
16,642.52,0,0,0,0.11427986165171074,244.05493536391552,0
10,95.8,0,0,0,0.3008098777220942,52.83094502138022,0
11,268.58,0,1,0,0.12544360039891395,17.13593504770636,0
13,2686.39,0,1,0,0.0171817229213829,27.27876306587095,0
13,56.44,0,0,0,0.08002089203315857,244.56636680347185,0
10,1872.41,0,0,0,0.36903375608741074,7.5188083719656795,0
13,675.87,0,1,0,0.18599780588410017,130.18896791511435,0
20,87.47,0,0,0,0.1629182238922198,9.076802235477876,0
10,87.23,0,0,0,0.19153403784196804,43.308826712821215,0
14,954.22,0,0,0,0.06759068228049472,181.6313133405626,0
14,551.15,0,0,0,0.08556784094362378,156.3188658520586,0
12,380.56,1,0,0,0.0558638251272013,221.47078654889603,0
10,900.05,0,0,0,0.32717197986865904,160.6991325025445,0
18,611.09,0,0,0,0.02882705550228894,1.4286170914114105,0
10,78.42,0,0,0,0.19061524024830206,289.967274210715,0
14,457.44,0,0,0,0.2042572908414277,38.793525583596015,0
5,8974.44,1,2,1,0.615533600695966,2.6730526712570497,1
14,517.04,0,0,1,0.1469257747773028,199.1365507330818,0
15,264.95,0,0,0,0.1473542560989339,22.07321755321985,0
15,511.32,0,0,0,0.10872378967850665,351.7497091630158,0
21,194.34,0,1,0,0.3262869985747906,160.85072502608435,0
3,344.53,0,0,0,0.2750805838798368,178.12537380670256,0
19,334.32,1,2,0,0.12399206232354792,289.0029772631053,0
19,247.21,0,1,1,0.2401038851381361,61.19364550173014,0
16,1144.81,0,0,0,0.20517590948459064,211.58063249205307,0
13,439.6,0,0,0,0.12267975314592607,16.78383343116004,0
10,32.98,0,0,0,0.27101297944498864,88.5874573008182,0
12,215.81,0,0,0,0.10758045670820336,120.72728691671706,0
11,1271.75,0,1,0,0.040046442441715444,22.452887540152606,0
18,720.4,0,0,0,0.2231191416276041,211.85649164158434,0
15,114.47,0,0,0,0.20358664268571966,89.1925682031903,0
15,719.96,0,0,0,0.14347303440879886,35.68369741357786,0
18,2248.02,0,0,0,0.21608760539986768,135.15536881265544,0
4,8974.44,1,4,1,0.9324126886280892,13.444437834568939,1
18,157.76,1,1,0,0.08365440799196687,585.5145910905019,0
16,146.01,0,0,0,0.09153202918893551,1.0258934785851113,0
23,1857.6,1,4,1,0.8804889236279293,4.12542726401637,1
19,773.76,0,1,0,0.1829531042519412,63.90511399538845,0
14,378.45,1,0,0,0.06351112345514526,185.88652665187294,0
18,772.2,0,0,0,0.19203510526684514,100.36819050783423,0
20,252.61,1,0,0,0.1312531571353294,482.7480838597386,0
7,542.5,0,0,0,0.054324453422669075,374.8583632224317,0
14,619.24,1,0,0,0.08529035797303311,12.775286330711646,0
15,269.17,0,0,0,0.1254744862762161,364.8698049386925,0
11,173.12,0,0,0,0.06944288415132874,22.171919414028007,0
11,144.09,0,0,0,0.1062560730092764,56.811348846176685,0
13,1741.74,0,0,0,0.24757918431401593,169.35802566391635,0
14,292.24,0,1,0,0.03826795328807945,106.71118961352325,0
14,541.45,0,1,0,0.18295051247288718,284.71982032100783,0
13,327.78,0,0,0,0.05018241581153903,276.5828382139986,0
11,467.03,0,1,0,0.10659459503471433,397.5488259957709,0
6,839.08,0,1,0,0.036633290043168475,12.782538788103217,0
10,1037.34,0,0,0,0.38739587749911536,102.65379581656542,0
13,291.66,0,0,0,0.19876321953967127,18.63097544121159,0
23,319.07,0,0,0,0.030526950626987497,114.18505658831585,0
22,648.45,0,0,0,0.14100449637816886,193.65817975418756,0
17,500.14,0,0,0,0.23988296894052957,332.65180765368916,0
6,446.59,1,0,0,0.056270089638084525,23.743702689022165,0
13,91.44,0,1,0,0.13134801041830352,35.6080784337344,0
1,514.38,0,0,0,0.13217958049192227,22.61116559132617,0
14,966.75,0,0,0,0.15008570315020506,82.6975747225869,0
17,706.38,0,0,0,0.17160139060491864,19.862748283261027,0
19,670.46,0,0,0,0.13400996576729862,111.31769216075075,0
16,317.13,0,0,0,0.49193195772768766,169.52256386869308,0
15,1192.92,0,1,0,0.11415894151493441,966.0454612303371,0
6,173.78,0,2,0,0.22893903017059933,140.68237542753855,0
13,1181.96,0,0,0,0.20666953155834966,170.8893109457156,0
12,310.62,0,1,0,0.14135504254248019,229.74649201469543,0
22,3091.14,1,0,0,0.023337228519380915,319.8863696916841,0
18,316.67,0,0,0,0.3911450099015697,14.37482513018239,0
15,149.96,0,1,0,0.41908562739041366,119.8931061901024,0
14,87.4,0,0,0,0.08953404016973576,249.00965895983188,0
13,2562.4,0,0,0,0.3274358628192926,85.72819500117765,0
12,335.47,0,0,0,0.23020129828641037,212.12937562048057,0
18,498.57,0,1,0,0.024873290257987055,72.93430039119896,0
17,2971.93,0,1,1,0.2258657642532016,329.3895905818879,0
17,37.26,0,0,0,0.04886153647308333,926.5373766289644,0
10,1216.85,0,1,0,0.1022945315416598,254.23896828921755,0
5,1474.34,0,1,0,0.08468193013996897,4.196079467581484,0
14,437.98,0,0,0,0.0588692250262948,75.25896534879422,0
11,632.4,0,0,0,0.12584955950963592,179.5918403187758,0
13,474.26,0,0,0,0.20361728568596257,221.89479647095285,0
11,573.47,0,0,0,0.31996054302130056,48.654896583901866,0
13,2298.8,0,0,0,0.14667920351930686,58.56150539202589,0
3,710.39,0,0,0,0.37030980489983645,57.33753459677054,0
12,331.81,1,2,0,0.07106558904653988,610.2249018467174,0
13,454.7,0,0,0,0.05897663077873659,96.01702984744166,0
4,120.17,1,1,0,0.15557206105270638,354.2965836684222,0
20,828.45,0,0,0,0.050405235171814604,346.09111434196666,0
8,1007.34,0,1,0,0.0419303547970154,40.11320432824585,0
13,233.43,0,0,0,0.34072947968555395,21.035942116872175,0
23,378.4,0,1,0,0.4546807992922545,50.46765537847675,0
7,544.35,1,0,0,0.15523942248290107,40.91739851386456,0
10,1540.99,0,1,0,0.09803566591211892,373.2219075104976,0
17,516.87,0,1,0,0.07714248321366869,1012.4573649481736,0
15,238.78,0,0,0,0.2770622045206597,275.026095018943,0
10,547.14,0,0,0,0.0229221232992068,573.515998776644,0
7,376.73,0,0,0,0.22261847127167742,179.51701697794334,0
15,382.59,0,0,0,0.001562238534581369,299.64189514649837,0
14,87.0,0,1,0,0.036678410073776826,440.3551662818796,0
15,217.66,1,0,0,0.2277519216511613,254.84399909516327,0
18,84.06,1,0,0,0.05475494582108602,426.87506148078467,0
20,1144.49,0,0,0,0.3863235402355999,323.1728176840683,0
6,681.24,0,0,0,0.13965882068707466,275.61725423902135,0
19,1315.85,0,0,0,0.23373966187992062,122.64260806279609,0
11,222.66,0,1,0,0.12140831186276993,380.79325026455973,0
21,317.03,0,0,0,0.17560280342937126,71.63454299324235,0
14,924.41,0,1,0,0.2456258891228227,40.98219436923155,0
17,128.12,0,0,0,0.3245504175949813,357.9274126873729,0
22,133.29,0,0,0,0.4269440517266222,76.34836024651753,0
7,145.97,1,0,0,0.029403366128114995,48.582434954232994,0
16,257.55,0,0,0,0.07132383071705171,95.21384473974851,0
7,332.08,0,1,0,0.05819326982885459,81.78508511802421,0
12,638.9,0,1,0,0.027743996427625168,32.09058139485528,0
10,262.9,0,0,0,0.09517342094990278,359.3452771614347,0
7,263.54,0,2,0,0.05308607880941922,161.8341035058258,0
16,891.56,0,3,0,0.028038515855481137,14.307166304719535,0
7,266.39,0,0,0,0.0457955068092347,530.032059469808,0
7,364.17,0,0,0,0.08777737075814895,431.31028164021035,0
20,517.43,0,0,0,0.22152195435428965,63.08799008632118,0
10,199.9,0,0,0,0.033964251082385405,271.70736099404445,0
20,1094.08,0,0,0,0.19855461463289606,27.82009516421594,0
8,244.75,0,1,0,0.08598700984154553,750.2729374096717,0
13,232.71,0,0,0,0.12287337813415879,333.86307308785274,0
13,1978.05,0,2,0,0.042135156400976,26.496923482613887,0
16,1302.2,0,1,0,0.05622071768807394,346.32391938992714,0
15,1497.98,0,0,0,0.4335494796946978,8.31759652573475,0
18,76.44,0,0,0,0.12334200408150726,51.97311053582651,0
5,529.09,0,0,0,0.04176755025106002,445.7916596922229,0
9,203.15,0,1,0,0.04044971805641095,76.6394434759308,0
12,459.46,0,2,0,0.3071228554688812,142.23907821922273,0
15,61.66,1,1,0,0.2028751059556276,71.41049227436265,0
13,142.73,0,0,0,0.04235467377386404,45.64493517192687,0
23,994.24,0,0,0,0.31416881198735125,93.36066299287877,0
15,559.43,0,0,0,0.22420763735123778,87.41819023551867,0
8,208.9,0,0,0,0.13600293957898976,236.24865709957945,0
8,228.84,0,0,0,0.12037803192447244,111.95215714430546,0
15,156.5,0,0,0,0.18017116541171405,1.0,0
10,730.83,0,0,0,0.12369085588712064,62.1120658220739,0
12,1726.8,0,2,0,0.13601576626735795,12.265409494290239,0
23,151.44,0,0,0,0.2476116159689848,1100.1216148196345,0
13,424.9,0,0,0,0.007000963693266257,153.58120142680943,0
9,640.45,0,0,0,0.30898051513996855,75.65870424941494,0
17,1726.61,0,0,0,0.03982026496782329,27.643570848658896,0
8,350.39,0,2,0,0.13465620215293994,89.9264872240522,0
18,284.47,0,1,0,0.011309952142077131,104.79756209314876,0
19,412.03,0,0,0,0.06732235746644621,92.34865422167036,0
13,2037.0,0,0,0,0.21818020514762287,391.8327631101242,0
11,137.01,0,0,0,0.4479255073171202,113.84795215756161,0
13,603.97,0,0,0,0.25724697443005207,221.8397902245864,0
13,528.89,0,0,0,0.041348407745468024,76.13436796005237,0
14,647.24,0,0,0,0.18224626347494174,96.26181176207689,0
4,683.29,0,0,0,0.11788979129850057,82.32816592441338,0
8,420.73,0,0,0,0.002840980493608226,420.71187767417837,0
7,199.27,1,0,0,0.04144753442457904,398.2469536638043,0
14,115.5,0,0,0,0.003145177051113612,21.844810236334343,0
9,505.53,0,2,0,0.17676715256572517,14.37698123525092,0
22,633.37,0,0,0,0.10828764021898747,80.13385844388294,0
6,669.46,0,0,0,0.07814201665543337,14.278339548135904,0
19,184.4,0,0,0,0.18591550176657343,212.5170270787701,0
12,230.88,0,1,0,0.12055957423203394,151.31163698566533,0
6,255.53,0,0,0,0.3180480955892629,235.90299812035116,0
16,1717.97,1,0,0,0.42254760771626515,579.8666915256113,0
10,66.04,0,0,0,0.07353890429815932,171.61287177250054,0
5,1857.6,1,2,1,0.6350028693191971,12.618500040580672,1
19,1970.53,0,0,0,0.1565950788859378,65.15531321363258,0
18,1621.7,0,0,0,0.17166468923752815,133.7898422192307,0
17,319.98,0,1,0,0.0163442687222522,67.61181265873512,0
13,252.13,0,0,0,0.19057731483157897,242.31287984083664,0
15,523.29,0,0,0,0.012878643150835029,41.40277432362336,0
22,300.19,0,0,0,0.23229839834054292,138.4165478458186,0
17,903.32,1,0,0,0.1535629279244391,78.69537311040969,0
12,888.92,0,0,0,0.13843390207583045,19.135393020680834,0
23,951.88,0,0,0,0.2351763211618343,4.950907411534557,0
15,291.33,0,0,0,0.028468263197004805,87.62284657097659,0
14,1471.68,0,0,0,0.1591535930647528,81.01344771600736,0
16,153.47,0,0,0,0.15757014609774042,582.6214919540172,0
13,464.81,0,0,0,0.018895242965414106,59.335570065357466,0
12,550.44,0,1,0,0.16538499974064338,32.41375164661621,0
11,447.92,0,0,0,0.050614540105596434,72.22450703826082,0
6,1631.1,1,0,0,0.023743766877517843,1.493215171309887,0
5,8974.44,0,4,1,0.7582552983305447,6.3727812633044225,1
11,824.16,0,0,0,0.03772920333407641,103.01471213311517,0
12,371.34,0,0,0,0.2966588761202232,58.26831699087859,0
6,274.8,0,0,0,0.13571795308651735,144.5945828753539,0
10,75.46,0,0,0,0.13405516095445838,291.50700437161294,0
13,671.24,0,2,0,0.005175923860172747,57.845414639814564,0
18,2373.45,0,0,0,0.09615635435005289,218.88655043575054,0
17,898.49,0,0,0,0.012094625680363513,92.42081389406572,0
11,52.14,0,0,0,0.36117109431807637,683.4313342399454,0
20,404.76,0,0,0,0.05010154826052794,140.52657060784978,0
11,629.17,0,0,0,0.023482873983627507,454.6570870542853,0
19,364.13,0,0,0,0.04619005528957761,173.33354428967792,0
10,408.61,0,1,0,0.18629285510087798,360.8557571176102,0
14,316.42,0,0,0,0.3025358150832853,168.89158259052797,0
18,388.77,0,0,0,0.1616097945927961,284.00293832423426,0
9,942.37,1,0,0,0.07161411977258969,107.10616108116963,0
18,618.39,0,0,0,0.09052856719382818,487.6172044596358,0
22,307.81,1,0,0,0.07628619480860038,274.47035257171035,0
19,113.17,1,0,0,0.17802019546671174,21.53556202935033,0
8,368.43,0,0,0,0.0988611321358794,17.01073712050934,0
15,168.58,0,0,1,0.23644665961622505,1.0,0
7,287.07,0,0,0,0.015982887247286935,479.9397570917296,0
11,393.46,0,0,0,0.018364698495810773,133.52586820564068,0
22,424.4,0,1,0,0.1449323892830464,30.31709566859379,0
21,195.56,1,0,0,0.09441249059541605,81.18156781156553,0
13,155.32,0,0,1,0.13618512155942586,721.6610589355535,0
2,8974.44,1,4,1,0.6491742825489611,2.3031545729350085,1
19,990.97,0,0,0,0.06034778431238633,43.46166394305479,0
7,130.06,0,1,0,0.12360036260860935,28.095688049048405,0
18,422.08,0,0,0,0.14989784084333513,201.5427347209019,0
11,182.29,1,1,0,0.11866903650620376,157.16144265285348,0
12,685.0,0,0,0,0.028363794832253063,186.81953704010726,0
8,2040.12,0,0,0,0.09198390605445766,233.33892447562303,0
20,201.74,0,0,0,0.21767065855184425,388.54199325939624,0
13,51.05,0,0,0,0.4664662252173423,105.64461765200588,0
11,410.49,0,0,0,0.1805659926114733,90.51331791567887,0
20,2283.63,0,0,0,0.2103940380357273,73.5525342913619,0
15,383.85,0,0,0,0.23416369489662583,144.92060385557582,0
16,199.18,0,1,0,0.10886929542610281,274.5939539566158,0
8,625.85,1,1,0,0.18733803787522818,85.90653198708077,0
16,109.92,0,0,0,0.14407565697944144,7.110214047867322,0
7,763.07,1,1,0,0.04313478908907501,25.288057241866145,0
14,119.49,0,1,0,0.16049339899854573,242.1072852145076,0
19,344.55,0,0,0,0.04540140028004704,55.83075046102907,0
21,56.24,0,0,0,0.057170883407683504,439.60665213071087,0
16,197.0,0,0,0,0.11459592801662045,373.50083757793385,0
23,648.35,0,3,0,0.15884024324068316,27.609904676309327,0
17,1227.76,0,0,0,0.10731005447279805,243.5359365619509,0
14,329.5,0,0,0,0.04125741424558918,57.653475056386824,0
10,243.79,1,0,0,0.12692166172705135,42.66911755986946,0
9,1948.93,0,0,0,0.6919258191955275,257.7058235543778,0
14,286.29,0,0,0,0.13535412533694927,437.33655285099684,0
3,606.93,0,0,0,0.18039246326429592,182.25372808157252,0
14,201.66,0,0,0,0.2110206167078817,161.26704506459112,0
6,1555.3,0,0,0,0.1349816339286313,328.7869354147576,0
10,194.34,0,0,0,0.03628443567378125,90.65096213503215,0
20,108.91,0,0,0,0.07476521385368556,63.46295328691142,0
12,659.47,0,0,0,0.060625191594337186,181.29813067881088,0
17,1335.77,0,0,0,0.1176615969966781,156.54163754138074,0
13,598.81,0,0,0,0.29442920751247015,21.436523385663584,0
18,947.78,0,0,0,0.14695139724096123,181.72795597927353,0
18,683.66,0,0,0,0.35578472435735076,85.72816517881483,0
20,194.06,0,0,0,0.21788086101955564,27.855351752297516,0
13,1096.15,0,0,0,0.16982173946946488,14.768378243178372,0
8,10234.23,0,0,0,0.021834510075459983,50.8469296729093,0
5,8974.44,1,3,1,0.8097879651443559,17.44550012774524,1
11,627.48,0,0,0,0.11961633047826904,23.793732971529035,0
10,355.38,0,0,0,0.15520820747675595,180.376152825924,0
23,461.05,0,0,0,0.2166246210700997,416.3687276619253,0
12,66.19,0,0,0,0.015300405058602699,11.82388881447868,0
16,508.79,0,1,0,0.10818440094454608,219.85070193856208,0
15,593.22,0,0,0,0.03747241104590354,205.4393020005956,0
15,320.55,0,2,0,0.5384839025333099,40.82633469147036,0
14,103.16,0,2,0,0.08469048210131894,223.09738204771304,0
23,861.22,0,0,0,0.15312980088855815,261.6458707307682,0
13,625.23,0,0,0,0.04600195433900731,94.27763940140886,0
17,136.74,0,0,0,0.026707429492331514,43.15107055048562,0
23,178.16,0,0,0,0.17344533735144724,97.06974760815635,0
9,445.03,0,1,0,0.14563023024902452,538.6102453198978,0
10,511.3,0,1,0,0.1221696411056234,135.38970522799505,0
11,898.61,0,1,0,0.36682125623862866,55.45093974754099,0
23,1421.32,0,0,0,0.05033799855112972,199.95075520074775,0
17,475.67,0,0,0,0.040243241335169995,365.45162702349614,0
15,107.3,0,0,0,0.15089127943197506,76.41674772920466,0
9,1618.33,0,0,0,0.1223713865581329,137.90406565830392,0
8,279.2,0,1,0,0.1315794484598577,14.515969750432207,0
4,182.84,0,2,1,0.10596717100098908,46.505911324246604,0
10,1135.05,0,0,0,0.26817093691898514,249.6130101505023,0
13,518.33,0,0,0,0.06674835393613301,427.8165109923982,0
4,486.13,0,0,0,0.14725169820551204,12.242565132870602,0
9,100.46,1,0,0,0.11108031736662718,599.5509434792247,0
11,376.02,1,0,0,0.4632334010690716,75.20839559806693,0
6,312.08,0,0,0,0.057784399377800715,299.1056386182049,0
15,46.76,0,1,0,0.06837270731152828,1.3414329237590374,0
8,462.3,0,3,0,0.23634245765617581,177.85982481143387,0
13,483.78,0,1,0,0.0939878710867678,172.95151340225905,0
6,1262.57,1,0,0,0.19527295661439908,170.94926455304883,0
10,809.63,0,0,0,0.1022769188379044,81.7334415101674,0
14,611.64,0,2,0,0.07057664511968384,280.29690591764927,0
5,357.62,1,0,0,0.008063925694299848,289.9863819835201,0
15,585.58,0,0,0,0.02658575277587496,34.18054881521784,0
16,1508.41,1,1,0,0.285788082202871,115.94432232970175,0
23,1051.33,0,2,0,0.14397936660285,40.52441480928008,0
15,356.69,0,0,0,0.1811016176454013,565.9674265305971,0
18,145.44,1,0,0,0.07798878995765382,77.54048423264442,0
13,399.76,0,0,0,0.09667505949784858,6.119811590430717,0
8,548.4,0,0,1,0.11520710645145565,208.4484263579195,0
15,449.89,0,0,0,0.13359851518553012,42.76123647549538,0
12,1257.88,0,0,0,0.11195272045796707,163.24072831183918,0
12,662.01,0,0,0,0.034474198857982884,302.18971170157573,0
15,255.13,0,0,0,0.1828088266214251,142.52459742416022,0
15,564.05,1,0,0,0.09290113410208779,47.710680270842204,0
11,98.36,0,0,1,0.11007837948715553,163.2201354773486,0
21,339.29,1,0,0,0.20071163214187748,59.90238698999591,0
9,544.28,0,0,0,0.11979818892166266,969.543163598582,0
5,8974.44,1,2,1,0.8908550804391503,10.9288118153358,1
23,8974.44,0,2,1,0.7556167717379733,6.945175356640065,1
11,366.21,0,0,0,0.1690035406171241,178.29220390445687,0
23,253.24,0,1,0,0.059632417865577284,188.9003361183358,0
10,638.22,0,0,0,0.09310878942811451,46.93086205800238,0
5,219.12,0,0,0,0.014558255859207947,9.806212715258885,0
14,416.1,0,0,0,0.10817929279599933,29.012022135119242,0
5,306.56,1,0,0,0.034133779193431475,13.56352599351113,0
6,101.75,0,0,0,0.08024491945610773,23.870704555007688,0
16,615.58,0,1,0,0.3618245087536457,157.82900427427694,0
23,1857.6,1,1,0,0.7863957719442658,12.941497851280623,1
12,726.74,0,0,0,0.16381283741203848,256.4461095232398,0
16,150.51,0,0,0,0.05463125304866098,34.247426889173546,0
19,322.46,0,0,0,0.1347773071163139,461.46119364439636,0
13,2476.88,0,1,0,0.03726985604865924,22.821006237340377,0
16,771.23,0,0,0,0.1997248047036051,306.7674061915774,0
7,512.88,0,2,0,0.08432552707009036,174.76633198123264,0
13,303.73,0,0,0,0.12903825440128164,50.18861045915502,0
2,1857.6,1,2,0,0.7797592832565641,1.500054874344517,1
7,538.08,0,1,0,0.14263115134261725,135.44883057659462,0
5,4823.39,1,2,1,0.5039627412514168,1.6458290724008195,1
8,198.73,0,0,0,0.028656894684739934,5.301569041011679,0
12,2711.21,0,0,0,0.1948742941678734,307.80621915092024,0
20,124.33,0,0,0,0.420293949850617,252.2059309610056,0
3,93.81,0,1,0,0.1308096560902156,241.74698410809034,0
13,1178.01,0,0,0,0.18776717672207136,56.48053716453733,0
16,729.13,0,1,0,0.0992678660168608,108.24211494417122,0
7,415.17,0,0,0,0.3731881968010412,20.417293750421777,0
15,318.53,0,0,0,0.023311218291038632,72.20877300692617,0
15,2199.03,0,0,0,0.10887390079212125,67.11483418850396,0
13,258.91,0,2,0,0.1417766680139917,4.290605069573692,0
14,2006.57,0,1,0,0.3044245750918755,32.960358682148815,0
11,336.19,1,0,0,0.1409892426787627,116.9463789142588,0
10,1011.15,1,0,0,0.4295948036277458,9.370880706322666,0
19,2664.47,0,0,0,0.18402104826783877,73.7013250565895,0
12,177.41,0,0,0,0.12366472830055586,183.61085080949778,0
2,1011.13,0,0,0,0.1451815887396497,187.0787982429634,0
15,336.18,0,0,0,0.4059992738067517,421.8601409892958,0
15,287.89,0,0,0,0.05869291171609873,5.889942674693201,0
19,1151.8,0,0,0,0.12061641422586064,186.84089750950048,0
15,593.99,0,1,0,0.12515399984517367,161.92821023340963,0
13,443.83,0,0,0,0.1146600468290936,99.90562150603174,0
13,623.08,0,1,0,0.030880855663258183,346.6485032845739,0
16,70.32,0,2,0,0.31626442387651277,176.5451014914477,0
14,190.25,0,0,0,0.04837587792898962,54.23469505951496,0
20,25.65,0,1,0,0.48870940329507545,54.74854785284588,0
6,1604.85,0,0,0,0.38418700466606603,46.7188501649702,0
16,780.53,0,0,0,0.2165973702961881,108.36990702397303,0
9,3442.46,0,0,0,0.1345451539813241,93.95062028959047,0
16,338.66,0,0,1,0.20856676362997625,47.210305892485984,0
9,1112.13,0,0,0,0.1073277388471018,302.3674301441117,0
17,187.56,1,0,0,0.18297411695369004,348.5374771578159,0
9,161.04,1,0,0,0.10145560137726281,91.73755529690561,0
9,433.38,0,0,0,0.06867029638353934,78.29938438067735,0
22,1985.61,1,0,0,0.09502030115941137,148.8090764287051,0
18,641.55,0,0,0,0.1593790662266757,124.01065231175987,0
13,613.55,0,0,0,0.07519913276434573,27.74297827082617,0
22,159.14,0,0,0,0.07149027577852904,239.34898894707302,0
13,197.63,1,0,0,0.3028732716118799,74.92381783836032,0
2,495.01,0,0,0,0.21202959027349255,28.166218563166055,0
9,347.8,1,1,0,0.10909059631336988,26.15484693268126,0
3,143.95,0,0,0,0.07400376199831599,48.1080359738296,0
17,94.69,0,0,0,0.20190967147377245,20.681971297449063,0
11,94.1,0,0,0,0.17389824596667477,89.72645257010208,0
9,669.18,0,2,0,0.13242931654784953,26.315291055178378,0
18,1281.17,0,1,0,0.10489162406686015,50.410608951033865,0
9,230.71,0,0,0,0.07822351245010793,99.46149221677685,0
11,86.37,0,0,0,0.0056504420455714705,363.248191142901,0
13,562.18,0,0,0,0.34879375660273615,511.093965212341,0
17,166.94,0,0,0,0.09140779506805646,20.71816271925764,0
14,509.62,0,0,0,0.06609880364585911,113.27525354506218,0
13,922.33,0,0,0,0.14676478151443334,261.0051697892581,0
14,633.97,0,0,0,0.15361508478688143,527.2808182241229,0
6,251.25,0,0,0,0.1671154115843044,151.95561515058196,0
20,52.59,0,0,0,0.29882255873155855,112.22340516454362,0
13,2305.97,0,0,0,0.06382461195029103,437.4468109164129,0
19,257.76,0,1,0,0.1041032964026213,115.84845523224531,0
11,199.61,0,1,0,0.23609793696025716,144.4813130388343,0
14,279.38,0,0,0,0.17295936544186036,18.87057714663558,0
15,594.59,0,0,0,0.13767016328736525,76.87481184659137,0
23,8974.44,1,5,0,0.7983000499676148,1.9725829037748346,1
16,1280.59,0,1,0,0.09377706785994658,627.4118106416375,0
11,327.35,1,0,0,0.03123068072123572,271.9508071447977,0
13,541.21,1,0,0,0.039841338071854526,64.47472696022606,0
22,8974.44,1,5,1,0.7719401314861222,30.559358890957615,1
8,739.38,1,0,0,0.4900917701989727,113.10987569958715,0
15,1047.87,0,1,0,0.09402721424146851,275.1183432896011,0
11,140.53,0,0,0,0.616946219102198,72.93417649604007,0
14,402.84,0,0,0,0.18819907183076523,83.96059446202048,0
8,4171.35,1,0,0,0.1083596610588744,40.42616279768163,0
18,309.52,0,0,0,0.28747958357703784,245.73331071433267,0
12,2161.61,0,0,0,0.07319029598001901,990.6663497294587,0
1,4823.39,1,4,0,0.6315187690112996,8.66712811192125,1
8,794.23,1,0,0,0.1744528946232633,541.7343203323954,0
14,279.58,0,0,0,0.17568683312303976,175.95983647051617,0
19,228.62,0,1,0,0.21925766276919484,149.14936569277722,0
18,1026.64,0,0,0,0.2895212254225696,52.87924008530388,0
22,136.67,0,2,0,0.06684560275661529,360.6546316811558,0
15,418.69,0,0,0,0.0028188423468154004,60.35589866915822,0
18,446.21,0,0,0,0.266389493808677,245.7108348934422,0
17,1139.5,0,0,0,0.12811662244458405,261.8792180985056,0
17,310.9,1,1,0,0.07400673866405587,318.150652032233,0
23,46.96,0,0,0,0.17082742388267608,37.37562241808123,0
10,459.4,0,0,0,0.08496212541183362,344.80030580991473,0
4,8974.44,1,3,1,0.8176065528676753,2.2754592201244512,1
20,510.39,1,0,0,0.09189589358305975,56.74822896440527,0
13,57.61,0,0,0,0.014788504068295445,450.8093549036185,0
10,56.51,0,0,0,0.10752212370405362,68.06986288550101,0
9,523.88,0,0,0,0.2286021046719945,26.655765254418625,0
18,118.3,0,1,0,0.1236070251743768,215.26439666071224,0
20,145.15,1,0,0,0.14371781683616222,117.94032722140052,0
20,397.97,0,0,0,0.01076518532573767,11.886360265745912,0
16,332.47,0,1,0,0.16660260414692096,130.24957865825138,0
4,1452.81,0,0,0,0.17869880215545408,143.6346916216276,0
16,137.64,0,0,0,0.22949905374804475,27.923774374916487,0
22,204.01,0,0,0,0.30805684925810206,1.0,0
13,389.06,0,0,0,0.1315519535593738,31.964344233844624,0
9,89.82,0,0,0,0.11344376333187843,228.07542701451825,0
20,482.31,0,2,0,0.13064522015800964,256.00580118165504,0
0,8974.44,1,11,1,0.9279305212268077,9.333935345863585,1
16,1894.55,0,1,0,0.21722266547093705,272.3179432207195,0
16,175.78,0,0,0,0.10342761749433699,121.05594502524404,0
17,1610.19,0,0,1,0.08770109565274131,84.73543757758762,0
10,145.2,0,1,0,0.1426601189445013,221.94220332416333,0
12,625.77,0,0,0,0.033345614957030575,60.54720329730923,0
14,173.55,0,1,0,0.18674507340537952,27.99590276940553,0
7,277.34,0,0,0,0.2369964859984259,292.72420247114934,0
12,142.22,0,0,0,0.09140582670436158,202.45076761329094,0
14,282.83,0,0,0,0.08319380043283262,55.96634952267398,0
22,206.88,0,0,0,0.10662066356562458,4.45264883849706,0
19,957.69,0,0,0,0.5930667610073638,26.840772568470626,0
7,335.37,0,0,0,0.1323277722490668,27.02630279798953,0
21,349.27,0,0,0,0.2407034092807411,167.77705042640824,0
15,142.73,0,2,0,0.2480517349070787,471.7181129690467,0
15,761.28,0,0,0,0.016120666701395097,106.67352261683263,0
3,1264.22,1,0,0,0.11518400906885495,277.8994904560296,0
17,740.36,0,0,0,0.012853697477462662,108.12082451618014,0
15,135.54,0,0,0,0.20985685516837094,36.70471384620304,0
15,1432.54,0,0,0,0.1525705959230362,229.47626767356465,0
12,135.08,0,0,0,0.09440221895959593,25.908033202673984,0
17,237.4,0,0,0,0.06236272240496101,23.878652456615686,0
11,721.81,1,0,0,0.5534938430969237,483.80193603156624,0
9,136.77,0,1,0,0.12433259648020749,21.686092849805668,0
23,1857.6,0,1,0,0.8858098563742659,14.061567208662861,1
15,209.17,0,0,0,0.14894581158572395,66.35901395294351,0
20,119.41,0,0,0,0.11405185562460632,81.7386788168416,0
3,295.5,0,0,0,0.03573383917939074,161.731143897849,0
18,220.31,0,1,0,0.07264495928612934,164.27176601980335,0
13,368.01,0,0,0,0.07700376253078063,124.53403956333459,0
17,150.01,0,0,0,0.1293507536335731,558.3885370525558,0
3,160.29,1,0,0,0.06525134888881405,227.70630617946537,0
21,201.74,0,0,0,0.02804033626618061,35.48670866582848,0
11,1636.28,0,0,0,0.047795621796116565,176.66764893908817,0
11,310.81,0,0,0,0.3714065919294575,153.97773177600484,0
3,434.86,0,0,0,0.23510377502498914,19.44012122440432,0
22,780.64,1,0,0,0.09946316787916744,649.141697495311,0
22,577.14,0,0,0,0.15654296680849816,131.00380821658484,0
0,1857.6,1,0,1,0.8587461885272544,14.360411775638651,1
11,112.44,1,1,0,0.10276073388478908,33.67761569841565,0
15,426.69,0,0,1,0.057891596464272464,28.726732771170187,0
5,387.86,0,0,0,0.016166208911266883,42.73395422799319,0
12,276.6,0,0,0,0.09172970652341794,255.17632135739285,0
14,1519.57,0,0,0,0.013212094254421144,258.97247252030746,0
9,122.7,0,0,0,0.20916752141340045,876.8280062707172,0
14,2658.96,0,0,0,0.15063232333022608,343.9669210601991,0
12,654.2,0,2,0,0.3650275941690044,52.26368006019111,0
2,287.84,0,1,0,0.312308782092936,48.6246101480139,0
18,664.61,0,0,0,0.1068313692990361,31.071607457973414,0
14,1463.9,0,0,0,0.14689319152937114,272.4278142837226,0
13,888.6,0,0,0,0.1252407487275633,1.5433016663467316,0
11,2466.89,0,0,0,0.2206065078656013,333.62225173724664,0
20,505.5,0,0,0,0.002504194095719529,175.7164678044688,0
9,1407.02,0,0,0,0.3087402032426956,206.83928860849852,0
11,261.66,0,1,0,0.07793011842610818,101.67969943792951,0
15,152.99,0,0,0,0.1459269443354683,3.5756158431159837,0
15,521.53,0,0,0,0.3499193213192948,130.10718257500838,0
13,101.67,0,0,0,0.11670779562517569,458.37184080586024,0
23,386.89,0,0,0,0.06633899257001767,113.28686054869358,0
0,8974.44,1,2,1,0.6728222368132494,7.806012781253627,1
10,617.96,0,0,0,0.1456109784895025,71.46092539569875,0
9,290.67,0,0,0,0.1240497516313295,92.0065703299819,0
13,75.23,0,0,0,0.07409066872691034,45.47945548634618,0
12,412.94,0,0,0,0.14968825950733508,31.84659490834046,0
15,1000.46,0,0,0,0.2805284614622364,9.632580052047523,0
17,91.69,0,0,0,0.03821492488976372,80.96684953673626,0
6,60.75,1,0,0,0.10323294524010669,195.05310020306922,0
9,823.3,1,1,0,0.12480908798242694,1090.642664090383,0
11,104.17,0,0,0,0.11482864375412716,304.59499247994233,0
17,319.09,0,0,0,0.13824181130536634,62.580220288308034,0
21,224.66,0,0,0,0.09427358985681282,171.07231296557535,0
11,633.98,1,0,0,0.12034595685244813,230.2763489521405,0
22,495.0,0,0,0,0.3811240103191423,71.63078359104121,0
8,205.52,1,0,0,0.08025498228625585,127.65741712437062,0
19,334.8,0,1,0,0.12812368496564455,243.22432974682985,0
10,1002.96,0,0,0,0.17269063642697213,76.07668848529312,0
23,461.64,0,0,1,0.06911243810658221,16.140427678049754,0
14,136.3,1,0,0,0.2610222003089581,50.42154746712393,0
11,2465.53,0,1,0,0.2279422987486679,99.47648751087009,0
8,222.64,0,0,0,0.0034101730630844637,28.21733761904209,0
12,1383.01,0,0,0,0.02715853833695289,32.31649681648607,0
8,603.42,1,0,0,0.18739802508445685,62.4454010855769,0
21,346.38,0,0,0,0.27886899366832923,82.92152241449118,0
9,52.8,1,0,0,0.004018779881786887,19.80288165970075,0
16,831.75,0,0,0,0.017911729279649007,256.35851380848374,0
20,3400.25,0,1,0,0.09440624862068174,35.649814667544376,0
6,455.8,0,0,0,0.023614316166197368,199.67035152620107,0
19,672.86,0,0,0,0.09381932378696936,14.664867733297884,0
6,2042.25,1,1,0,0.28159004687822997,254.63649102182654,0
11,359.29,0,0,0,0.1011621884668529,36.37355688652885,0
6,2771.96,0,0,0,0.1990805642507258,191.14986435538557,0
10,243.11,0,0,0,0.1407475410580324,81.39379586760418,0
18,772.06,0,0,0,0.18352352297654187,108.74471431458889,0
15,359.77,0,0,0,0.04122439257704002,258.309362259242,0
23,4823.39,1,0,1,0.9100869928985034,0.6834850725492955,1
20,570.66,0,0,0,0.10927341492948588,33.569830367874665,0
20,406.46,0,0,0,0.2572958701211444,16.28642770362057,0
8,200.19,0,0,0,0.03880023246691642,297.0273330157511,0
23,924.31,0,1,0,0.2885435003569564,26.247030641002763,0
22,854.88,0,0,0,0.6857991910560773,59.638576123330076,0
13,202.82,0,0,0,0.23392938755807544,83.14056166362651,0
15,503.19,0,0,0,0.09762696364268145,181.4551116310941,0
6,58.68,0,0,0,0.4826835703819629,584.809601364342,0
7,247.06,0,0,0,0.1397097586707022,120.02564198107734,0
12,333.3,0,0,0,0.19137481939943227,313.68664874226283,0
15,425.36,0,0,0,0.19103935920874188,37.62508730492064,0
10,100.99,1,0,0,0.07952644332809991,88.22910066336686,0
8,736.36,0,0,0,0.1424711726211485,4.155568289357871,0
14,128.57,0,1,0,0.2856932629748629,252.23697763222222,0
23,8974.44,1,7,0,0.7039031250779256,5.297743456080915,1
9,555.91,0,0,0,0.26965777081534853,48.73084442621838,0
16,976.67,0,2,1,0.10225097886858839,37.627721142834574,0
16,5442.39,0,0,1,0.19179111068462207,77.89093085219598,0
17,403.17,0,1,0,0.15821361906406456,161.77571041619748,0
20,661.35,1,0,0,0.30343022336236114,486.20506129497744,0
20,1463.57,0,1,0,0.037392751566125995,23.741530869767416,0
12,1615.55,0,0,0,0.2133996555612569,416.0144831840791,0
21,78.33,0,0,0,0.25662922683711736,349.96617365337204,0
16,274.09,0,0,0,0.02421676814765031,124.3437744074202,0
23,1476.31,0,0,0,0.14141538566943124,473.02201910615065,0
9,124.76,1,0,0,0.09435386153576013,100.9159620105894,0
12,2200.94,0,0,0,0.187927749183359,239.45379197793787,0
15,383.85,0,0,0,0.007469034215971185,55.708877663300214,0
14,673.96,0,0,0,0.17899845538269113,142.2547509711427,0
2,8974.44,1,7,0,0.7699126294411425,17.60186839585574,1
15,1120.79,0,0,0,0.18210539388709007,189.5721179517589,0
18,765.79,0,0,0,0.16396949495771682,208.77474552724567,0
17,245.77,0,1,0,0.02994484127850124,354.2777654597339,0
23,1351.43,0,0,0,0.022884120121846277,152.67138419602838,0
10,3311.89,1,0,0,0.2237568885799027,95.29918356418567,0
12,99.74,1,1,0,0.2448996941988844,52.909638970192404,0
12,983.31,0,0,0,0.14492870355599807,93.44175857943533,0
14,135.84,0,0,0,0.07242873102653617,99.49985608953588,0
23,2051.84,0,0,1,0.15103719426807424,255.41064910770052,0
0,609.61,0,0,0,0.04149719643933925,99.46209281174913,0
16,775.43,0,0,0,0.14330992689239036,453.35639938098547,0
12,569.94,0,1,0,0.17379978194015114,2.601124133434155,0
5,213.13,0,0,0,0.18867816996485645,137.26949331242872,0
23,746.13,0,1,0,0.12788744728079096,107.84702600847373,0
9,39.21,0,0,0,0.10918770842787454,524.7193086439107,0
12,1562.45,0,0,0,0.35303741242154907,81.44828788143977,0
13,267.96,0,1,0,0.10551037767167237,17.837898458661034,0
14,819.06,1,0,0,0.023420079525440892,45.45296997673296,0
14,1494.4,0,0,0,0.14353625822457136,163.89045293202162,0
11,2773.88,0,0,0,0.18536116586892915,55.33800270229088,0
8,725.21,0,0,0,0.16363298816114308,36.66443435899204,0
6,1326.17,0,1,0,0.17474699782356282,11.425673951330944,0
17,18.49,1,0,0,0.0007036991632526385,16.54859612228947,0
15,183.99,0,0,0,0.10430988861768972,122.46640194208824,0
12,5531.27,1,0,0,0.3184444049840838,550.2290739560995,0
10,1183.36,0,1,0,0.10187872470525512,21.804725511866007,0
19,46.56,0,0,0,0.3436287648888648,89.46133995257838,0
17,394.37,1,0,0,0.03767171400055845,196.99319118671227,0
1,96.38,0,0,0,0.1903601704801778,75.0757037191636,0
23,642.77,0,0,0,0.3372995374546485,11.813708804111723,0
3,8974.44,1,4,1,0.7015868381211297,12.598687945036295,1
14,939.95,1,0,0,0.2886460482376469,494.37755235327205,0
17,514.55,0,0,0,0.05922653930937836,57.14575489490099,0
7,277.66,0,0,0,0.03713151473733293,4.52195864088748,0
19,224.47,0,1,0,0.06566317916522832,83.24109234630569,0
13,506.91,0,0,0,0.28216981627968657,152.18194603123143,0
14,497.04,0,0,0,0.15625384392866234,56.99780558274356,0
16,601.76,0,0,0,0.16661697868788913,412.739941542631,0
10,189.12,0,0,0,0.14396557761131396,60.07232926866355,0
13,661.31,0,0,0,0.08634840829153406,18.348771219593047,0
6,458.09,0,1,0,0.26370387881636487,125.71880748576442,0
23,186.39,0,1,0,0.11537085430347896,276.02555137141013,0
12,2051.52,0,0,0,0.011604570650037402,21.576334185150124,0
13,448.49,0,0,0,0.22064470184539844,51.98709456663584,0
14,2044.8,0,0,0,0.03872364022553572,96.63466617362786,0
8,397.17,0,1,0,0.11308911159272766,12.67740998201442,0
17,461.05,0,0,0,0.041198997758262725,170.53109839368972,0
8,317.48,0,0,0,0.17457921616974928,96.81358887005946,0
23,67.98,0,1,0,0.08707559079766443,47.526082485335806,0
15,1107.63,0,0,0,0.0074923647588655325,118.53225790208364,0
9,369.73,0,1,0,0.10620321009248211,89.14396480512963,0
11,869.01,0,0,0,0.33959312756757515,500.32846782542094,0
21,1649.04,0,1,0,0.3287505129877425,71.06030118624521,0
19,212.11,0,0,0,0.054520186996556017,313.490628054167,0
6,262.11,0,1,0,0.03699105828951201,72.46366255661202,0
18,1586.67,1,1,0,0.0435244826956081,171.8947139564315,0
14,144.28,0,0,0,0.1005195737581867,220.55387566708927,0
10,719.08,0,1,0,0.03210281410090638,130.98450085128505,0
23,4273.28,0,0,0,0.13702147804257947,196.7583210244339,0
10,235.21,0,1,0,0.4887493970549439,198.0808408236339,0
0,4823.39,1,3,1,0.6055775344586954,13.44212853102919,1
20,353.43,0,0,0,0.11400814063401139,1.0,0
16,545.48,1,0,0,0.1172775040099325,319.55781127138005,0
4,921.06,1,0,0,0.03037910916984899,211.6050469972552,0
14,3921.33,0,0,0,0.3443704024820374,296.75643645623916,0
21,150.77,0,0,0,0.36920245002733026,70.60821536915466,0
7,6789.4,0,0,0,0.06949281123327639,101.8590558419336,0
22,215.31,0,1,0,0.17173001380736508,64.60728583808368,0
23,126.36,0,0,0,0.1756944417280738,97.55440535174306,0
7,284.02,0,0,0,0.5452191931893867,415.6139110441128,0
15,149.74,0,0,0,0.08270387555488155,18.665480134206877,0
16,208.89,1,0,0,0.1927867769151376,48.32268489001129,0
13,1328.99,0,0,0,0.34803419361171384,221.24740923638285,0
4,648.58,0,0,0,0.2280481267128203,561.7509563532313,0
9,1158.28,1,0,0,0.14979758374313631,32.617568844826856,0
14,1096.9,0,1,0,0.1485672749225127,204.09178464298137,0
11,1227.25,1,0,0,0.3286029381675028,23.16488014020844,0
13,667.96,1,0,0,0.32258545498392827,83.33557898447512,0
17,1571.52,0,0,0,0.2355154496293915,708.794177567254,0
2,344.9,0,0,0,0.10572428510974063,9.296762945298948,0
7,317.12,1,0,0,0.13232609222332659,70.98435722980855,0
10,805.37,0,0,0,0.26525077514873086,246.70473824755442,0
10,886.13,1,2,0,0.029350762569486502,367.656076374375,0
7,2355.04,0,0,0,0.2286172862015084,81.32360938478196,0
16,661.45,0,0,0,0.0688530186701669,890.5615319761574,0
15,318.9,0,0,0,0.095573837313998,283.25563155242537,0
10,383.37,0,0,0,0.19783808544728107,297.41277693114057,0
16,326.71,1,0,0,0.10553311454872984,335.8249261667778,0
5,1432.14,0,2,0,0.14419519213661508,84.28626986910358,0
11,90.11,1,0,0,0.14073710792075714,30.583646108363553,0
7,656.81,0,0,0,0.3295837760253709,60.499458855198036,0
4,546.75,0,0,0,0.06089962437577932,190.4320853122826,0
13,60.06,0,0,0,0.28785032058878796,103.45782170619125,0
2,1161.78,0,1,0,0.03567208856357322,151.74375876233412,0
19,1426.56,0,1,0,0.21565210971010104,197.69194448874018,0
17,732.93,0,1,0,0.14297138028407722,81.33127405748645,0
14,2649.64,0,0,1,0.08908810376032107,622.5284776778541,0
23,143.47,0,0,0,0.32062258458688403,549.8394138562993,0
22,1857.6,1,4,1,0.7858454740478789,10.912308064845485,1
20,185.92,0,1,0,0.45270387677654544,118.49592668579544,0
17,88.38,0,0,0,0.09407362676260375,69.9930748835465,0
4,152.67,0,0,0,0.23933665373812818,74.7189257322654,0
21,274.3,0,0,0,0.14448955991408374,92.72463993642391,0
13,694.44,0,0,0,0.1530273272598376,53.51689583887207,0
10,172.79,0,2,0,0.028738287836175498,547.2652888019246,0
9,1411.85,0,0,0,0.16579104153964302,115.17218225531886,0
13,4032.17,0,0,0,0.16437906144137338,201.8856014461865,0
11,403.18,0,0,0,0.006203220135764061,139.92662398310298,0
13,61.93,0,2,0,0.10676129094165758,25.044604045083297,0
13,873.59,0,0,0,0.3467485803374996,151.47732428331446,0
18,569.34,1,0,0,0.09450441752686643,108.53452778484237,0
17,232.71,0,0,0,0.08641056087143026,179.47476886207076,0
14,489.07,0,0,0,0.18908999062883297,856.9481326046973,0
19,67.02,0,0,0,0.10992276663717448,532.758478485856,0
18,139.85,0,0,0,0.08729541695291008,212.34225215840536,0
15,32.76,0,2,0,0.016794087586680117,76.87640994823063,0
10,166.12,0,1,0,0.040081154156719936,176.84339271418665,0
11,732.1,1,0,0,0.1297191842311867,85.66149662903283,0
12,134.15,0,0,0,0.07456040494749182,81.85826790394717,0
23,367.61,0,0,0,0.14126089228882693,31.178283902103082,0
9,29.32,0,0,0,0.14757623497216468,95.43489093923088,0
10,446.31,0,0,0,0.018867586646665418,121.81520881425693,0
7,358.88,0,0,0,0.14629508632490648,3.440148181111658,0
8,396.67,0,0,0,0.014672035854080593,190.8385464926583,0
16,108.64,0,0,0,0.32770329834559964,5.36183683951185,0
12,327.58,0,0,0,0.1781823868267239,158.57402790962644,0
20,496.02,0,0,0,0.13302683953778535,70.67598925939174,0
17,803.29,0,1,0,0.15759297394572286,267.344531694482,0
16,815.3,1,1,0,0.1654327937567206,75.48760303679134,0
18,231.76,0,1,0,0.0349471784197801,518.2384857266908,0
9,211.41,0,1,0,0.009812672545025887,52.108048073137404,0
17,936.31,0,0,0,0.3042040105437284,59.7882711838278,0
1,1857.6,0,3,0,0.9055111869005176,50.653358041044086,1
23,4823.39,1,5,1,0.9237839728214959,15.722757131521371,1
13,3355.74,0,0,0,0.10564320660801806,31.570048118900765,0
16,555.82,0,1,0,0.29100602908141726,167.37731120485134,0
23,621.82,0,0,0,0.15328123546168154,171.15281444510882,0
15,35.64,0,0,0,0.0496223444654849,78.84948396586515,0
15,731.13,1,0,0,0.03828306663487724,376.1116828902979,0
15,107.71,0,0,0,0.2453843836372066,395.65494081077543,0
9,682.81,0,1,0,0.03697934970147641,122.90269859456849,0
7,1121.82,0,1,0,0.3337548488206338,37.65028891046412,0
14,117.94,0,0,0,0.04978815566262413,117.8809705103716,0
6,1059.15,0,0,0,0.24158862813044113,211.43271597619398,0
2,8974.44,1,0,0,0.9494707582118664,7.433126441203143,1
13,1466.35,0,0,0,0.21012798127390764,22.95268399172152,0
9,231.87,0,0,0,0.08606718107072536,128.42249911920803,0
11,108.33,0,0,0,0.0031559069907210586,3.415834728931205,0
13,3189.96,0,0,0,0.09447751168617781,95.35716957016412,0
6,1337.73,0,0,0,0.05560838999995798,6.154775486842821,0
9,980.9,1,0,0,0.23890418884673562,180.08445149390457,0
18,334.32,1,0,0,0.03929469577667544,21.531645392775886,0
9,231.45,0,0,1,0.16006248442998408,3.363844543828809,0
16,561.94,0,0,0,0.3010951461899455,39.345719685991604,0
13,1162.54,0,0,0,0.18559033195091085,79.60572017874077,0
2,1857.6,1,2,1,0.6436040504026891,8.33887640882203,1
16,1416.61,0,0,0,0.12123329432552815,30.262245398458855,0
18,916.51,1,0,0,0.0758455525420544,41.8338476947461,0
19,192.1,0,0,0,0.15010876757150765,7.700746648305133,0
8,833.04,0,2,0,0.036951604012969694,517.2124003168212,0
16,1416.8,0,0,1,0.22162542882549782,398.47726753618747,0
13,209.32,0,3,0,0.034704223831032985,66.39878105393583,0
13,68.61,0,0,0,0.09435974357420636,22.16593560291474,0
2,610.1,0,0,0,0.1164767181653733,7.042547650374747,0
6,648.95,0,0,0,0.010139842426601759,35.697079127982676,0
16,3612.6,0,0,0,0.13977171100845773,41.648605032870194,0
12,1001.12,1,0,0,0.16438645165278815,9.99898974591647,0
19,264.37,0,1,0,0.20374138280879892,291.9650958472365,0
19,624.81,0,0,0,0.18816161130367942,255.3959006654147,0
16,475.72,0,0,0,0.11256131440700537,154.9771811779915,0
15,1305.79,0,0,0,0.2653149607831646,69.561279170624,0
20,344.81,0,1,0,0.05189587397381974,29.582638591147486,0
7,1117.71,0,0,0,0.34659368060865736,551.7687870192824,0
20,1330.62,1,0,0,0.24688778983854173,344.74389354162264,0
11,459.72,0,1,0,0.3326830744040829,34.30261781198034,0
16,495.82,0,0,1,0.03660527346255934,93.38117781170165,0
14,360.97,0,0,0,0.11588268014717001,75.19279412154573,0
11,523.77,0,0,0,0.10419692748620435,291.41281287454837,0
16,203.39,0,0,0,0.016356844225980664,118.68858410357859,0
15,426.22,0,0,0,0.3004851935581388,221.11715277036197,0
5,73.15,0,1,0,0.25408642772705053,298.16537822639316,0
10,56.45,0,0,0,0.12199659194307312,31.349018469248684,0
12,224.2,0,1,0,0.04555113924785187,31.924036247343206,0
23,4823.39,1,1,0,0.5888824927315028,4.2360045271842095,1
15,254.27,1,0,1,0.19397612503229833,123.1428085845291,0
18,168.41,0,0,0,0.07122531544840251,599.6441019339114,0
14,145.28,0,0,0,0.03423153849249932,10.790931295545633,0
16,93.3,1,0,0,0.07456068348998146,14.314493876185544,0
16,460.18,0,0,0,0.1223488768609983,82.99614037989937,0
12,399.4,0,0,0,0.24283009817903756,250.75131926075932,0
16,253.94,0,1,0,0.07808479586824295,67.41702627418776,0
2,1955.43,0,0,0,0.07937606882723101,200.63278753756,0
15,91.54,1,0,0,0.17422813178102386,31.008183531234813,0
12,1112.29,1,1,0,0.32511792971148606,22.38857928062948,0
7,699.53,0,0,0,0.04203507112152186,122.52827437122798,0
21,773.37,0,0,0,0.1320926076472957,318.6165212831911,0
3,440.95,0,0,0,0.11384595830015354,179.92373863785605,0
18,2163.0,0,0,0,0.14731913088309806,33.304738382277954,0
8,184.18,0,0,1,0.012168016084748406,405.02879167815667,0
19,282.08,1,0,0,0.014323432546920837,77.05168331649537,0
15,468.56,0,0,0,0.6784892742135311,108.31148473603713,0
18,42.81,0,0,0,0.21425472621282907,131.509527177249,0
7,5909.86,0,0,0,0.10880056157237465,359.82418514712236,0
14,581.74,0,0,0,0.26588575086004473,319.93870230915957,0
0,1857.6,1,5,0,0.9454962837581123,4.213639288670927,1
14,113.58,0,0,0,0.2563272523946727,79.32994049680784,0
2,1083.63,1,2,0,0.03271936346092855,70.29478078468578,0
10,1920.95,0,0,0,0.0263277661711194,41.4889737379916,0
17,244.8,0,1,0,0.06955537238840316,6.006607811947535,0
11,449.97,0,0,0,0.25696778989155755,20.947009948665293,0
18,2255.76,0,1,0,0.12523025317983452,32.55724732264727,0
11,1145.86,1,0,0,0.43269262749285065,95.0343335173692,0
18,388.09,0,0,0,0.10187102935610284,261.5963357320551,0
10,86.14,0,0,0,0.18939959636103237,37.33571040253367,0
21,464.9,0,0,0,0.14726530969220938,59.38800851501437,0
10,328.42,1,0,0,0.5544667891638443,94.32687012084529,0
14,279.08,0,0,0,0.20962216810483256,188.06544996580058,0
4,295.66,0,0,0,0.12729443031354598,313.86186216931037,0
5,1099.13,1,0,0,0.25617655448089804,65.85014575858753,0
6,817.69,1,0,0,0.08802087639855351,112.48182219797064,0
13,2273.73,0,0,0,0.22234030893405826,50.41133377558256,0
23,86.78,0,0,0,0.08417150801900586,103.59092493590927,0
18,232.14,1,0,0,0.05952655596478203,124.30350038302166,0
11,321.15,0,0,0,0.1426376081108492,85.72793161185027,0
9,358.59,0,0,0,0.0748690908922354,121.71431262239534,0
9,362.83,0,0,0,0.08803605436356095,184.79127830912927,0
18,317.67,0,0,0,0.016373820578000825,34.702779487244705,0
10,146.92,0,0,0,0.08654890748071939,34.731527862826574,0
17,250.14,0,0,0,0.44174732408032524,168.06992799860657,0
12,933.82,0,0,0,0.159412628756087,50.22175455563372,0
22,757.32,0,0,0,0.32564958202742056,43.99714818447557,0
21,401.02,0,0,0,0.008378924398027947,748.1604900049209,0
6,451.13,1,0,0,0.39814562688676813,236.28006275280887,0
15,502.88,0,1,0,0.20353400380163011,594.3962909289584,0
23,1850.28,1,0,0,0.1921179625295179,252.53115937558644,0
14,164.68,1,1,0,0.11327019626720877,56.554747900390744,0
19,2206.95,0,0,0,0.08446715587468864,2.7813699981600233,0
6,155.72,0,0,0,0.32301151536476075,76.04651224693352,0
10,132.15,0,0,0,0.08950576079150492,188.14220236608847,0
9,1195.95,0,0,0,0.3038923096962591,57.33799457503143,0
20,637.72,0,0,0,0.21247261707353418,65.73930158892406,0
23,235.8,0,0,0,0.02214186035411491,160.31271755246587,0
14,559.86,0,0,0,0.10273171008838612,122.09981773266682,0
17,2956.96,1,0,0,0.3291938024706073,681.3047082239094,0
12,244.78,1,0,0,0.31758399317850305,65.49261767586825,0
22,1857.6,1,6,0,0.7183926510977025,1.735351125222797,1
14,255.11,0,0,0,0.2205379853508145,34.08957236098584,0
15,89.52,0,1,0,0.04155061381034925,313.93752388903414,0
23,4823.39,0,1,1,0.7267856976100558,14.861794715174321,1
5,1624.99,0,0,0,0.19609864121304338,52.86686767060077,0
13,978.29,0,0,0,0.029212911463030955,89.85111366405222,0
20,2276.76,0,0,0,0.40406662873775956,307.1887100726115,0
19,530.98,1,1,0,0.19979812620969448,32.0675137180491,0
9,185.81,0,0,0,0.028371411147648237,42.04145481892833,0
17,686.51,0,2,0,0.3460704320334726,332.1512868319967,0
12,1903.72,0,1,0,0.05253662571706941,21.12687842776203,0
9,100.42,0,0,1,0.13201772242396384,78.0692966523637,0
22,51.08,0,0,0,0.20504256912415697,36.56222229325036,0
8,218.04,0,2,0,0.0721055442885119,181.94904742602463,0
15,3404.7,0,0,0,0.01250771937825443,31.85244756854028,0
19,205.34,0,0,0,0.3936117337925823,129.9284390730929,0
11,385.91,0,0,0,0.10048115715165432,169.34473541639994,0
5,691.53,0,1,0,0.13616493055039922,663.2646104223899,0
9,399.49,0,0,0,0.19075718651036042,94.76474482972222,0
14,3932.79,1,0,0,0.050294805931471585,226.95712055882674,0
23,3611.95,1,1,0,0.24289353842776737,533.3344106109661,0
21,638.92,0,1,0,0.09280795719328931,196.98857406324572,0
12,827.83,0,0,0,0.17444827918581482,124.25909719089326,0
7,442.95,0,0,0,0.40063736740035916,61.834252619730655,0
13,113.84,0,1,0,0.1502080827799068,180.1594994877827,0
6,307.48,0,0,0,0.08577181576430436,76.94595835467233,0
18,128.43,0,0,0,0.13798397054361786,339.34542932544434,0
1,4823.39,1,3,0,0.5697615524091079,9.789556637246548,1
4,230.28,0,0,0,0.06064479900816977,35.653428555795685,0
13,214.24,0,0,0,0.3168050318607503,202.36619385615384,0
15,681.45,0,0,0,0.030621489003303207,20.0711068962154,0
2,173.65,0,0,0,0.20461734361389988,146.5965520506549,0
15,101.64,0,0,0,0.013396007942482779,29.773708500095793,0
11,218.71,0,0,0,0.09129714145714686,362.80736548690425,0
3,1857.6,1,8,0,0.9020755861156933,20.3007117828945,1
15,364.41,0,1,0,0.14373508708180552,14.422827873648394,0
15,663.53,0,1,0,0.10797893471564951,150.06476880628955,0
17,389.19,0,0,0,0.08803633216165517,212.0325953612507,0
6,613.56,1,0,0,0.07829488012729391,346.6952413613202,0
23,82.67,0,0,0,0.2223650972921535,242.71946712292043,0
17,259.45,0,0,0,0.45605264019501535,10.266855035257759,0
18,471.09,0,0,0,0.13210491063547003,69.44698561690915,0
19,1189.23,0,0,0,0.19323012076460355,720.7871134381999,0
17,678.73,0,0,0,0.2585217119713445,212.637243758719,0
7,468.67,0,0,0,0.021173359045648994,212.22066379745792,0
22,72.18,0,0,0,0.40675886495728447,435.49585068715305,0
11,446.24,0,0,0,0.0339464443062747,8.116684894007468,0
7,2036.91,0,0,0,0.04245975612154945,39.593095079606265,0
8,226.44,0,1,0,0.21796612837134274,24.550848127157344,0
0,4823.39,1,2,0,0.7582120175320003,4.369592180102123,1
23,4823.39,1,4,0,0.7712937655403523,3.1549882532698357,1
15,215.44,0,0,0,0.10445710629315146,352.80174993648177,0
12,203.28,0,0,0,0.12467768798872268,169.60588648781757,0
12,269.71,0,0,0,0.07878804743918733,224.84845804385589,0
19,179.78,0,0,0,0.23218565601044638,866.3004931541959,0
17,253.61,0,0,0,0.1428515658629206,85.64261356376863,0
16,2025.34,1,0,0,0.1871466785488124,265.77796821565084,0
10,186.15,0,0,0,0.14786436631308958,308.92409369764795,0
12,571.75,0,2,0,0.07757509187274887,375.83848991573603,0
12,551.39,0,2,0,0.0914874011496027,296.5851572733574,0
19,437.87,0,1,0,0.08544314684616795,124.06028390126377,0
10,301.48,0,1,0,0.10430807717956651,70.1418879270459,0
16,193.59,0,0,1,0.04981958358764208,211.2987810964302,0
16,342.33,0,0,0,0.40533165826354794,32.32945916461476,0
14,315.04,0,0,0,0.2431377507901546,31.079498538843804,0
9,235.78,0,0,0,0.0761626780660179,162.24188561747468,0
9,187.99,0,0,0,0.13465961670187188,379.020134039472,0
9,830.66,0,0,1,0.060449781656632146,94.78410210516307,0
14,206.47,0,0,0,0.018066363136599473,49.786289731346564,0
12,373.43,0,0,0,0.05825388256070659,5.268344215995493,0
7,778.78,0,0,0,0.05554458202533013,60.460673497935645,0
21,1088.39,0,0,0,0.05877462830326567,67.59384302005643,0
13,342.96,0,1,0,0.07906500426372154,4.796079318351374,0
13,391.88,0,1,0,0.0829581679087728,167.41786576268518,0
15,1479.55,0,0,0,0.30834187144559344,71.25407971094805,0
17,2449.08,0,0,0,0.007891379294395729,228.85915717914736,0
3,348.95,0,1,0,0.13784190911957686,155.29545655740424,0
16,217.63,0,0,0,0.18120566703339028,53.541117679897795,0
14,313.8,0,0,0,0.08862500260003893,6.0048886900392,0
9,118.17,0,1,0,0.19964583875661845,52.5943473088721,0
15,174.71,0,0,0,0.06488589022354174,478.681772277862,0
7,273.51,0,0,0,0.3390822609528035,144.2233521801707,0
11,1678.08,0,0,0,0.1893313852351752,80.80491012816942,0
23,594.8,0,1,0,0.09649154602989085,62.266801378911964,0
22,8974.44,1,2,1,0.9313496336213776,0.1,1
15,366.34,0,0,0,0.08816932638643565,3.3628430043298283,0
15,1362.86,0,0,0,0.028934001729615907,36.03693050000688,0
16,1449.78,0,0,0,0.1826292525376668,141.468965108456,0
9,299.72,0,0,0,0.46293921159522966,5.000918811970349,0
14,121.82,0,0,0,0.10045263747509171,271.04416757619725,0
18,409.98,1,0,0,0.03353017480667527,282.3526470367246,0
5,4823.39,1,4,1,0.7207024372046033,5.327873756529741,1
16,188.5,1,0,0,0.4576745496812063,37.237754396786045,0
8,343.3,1,0,0,0.379350382632266,3.5807534837313124,0
9,294.27,0,1,0,0.023080917820303245,153.092604676569,0
12,1126.2,1,0,0,0.03163282505569349,45.64101415640135,0
19,90.19,0,0,0,0.13899394707141635,439.08344136568763,0
12,46.63,1,1,0,0.177390719889717,87.30423107655896,0
10,62.11,1,0,0,0.2610004595917376,122.00321447522388,0
16,206.41,0,0,0,0.00829620631914452,15.452795392438398,0
18,1167.13,0,0,1,0.018764789117263234,103.98602454735061,0
13,159.43,0,0,0,0.1387306600894925,5.79114943140115,0
21,172.48,0,1,0,0.11219199263141044,70.07627523610287,0
19,572.51,1,0,0,0.061372441716299846,169.00033033086422,0
12,305.03,1,0,0,0.27001380330756203,109.15070842099047,0
3,273.7,0,1,0,0.16793870216219073,86.98804200458284,0
11,112.16,0,2,1,0.11975982271177842,334.7111394816922,0
7,225.03,0,2,0,0.14244627200885127,839.2381081654701,0
12,732.84,0,0,0,0.2698490947602358,420.305328529432,0
12,5210.92,0,1,0,0.0881038706408968,144.39250556719142,0
12,365.32,0,2,0,0.16085506535691416,250.53395472275773,0
15,139.84,0,0,0,0.09695232379871278,37.98476599338725,0
16,1028.2,0,0,0,0.2743553422102901,26.578100561074116,0
7,108.07,1,0,0,0.10921204581942648,62.821174126108964,0
16,377.78,1,1,0,0.2047678178128708,368.67792088736877,0
19,545.46,0,1,0,0.11148302289156414,283.7623388405162,0
13,655.92,0,1,0,0.0075987955214124004,1.6166630713194645,0
7,842.17,0,0,0,0.48737898451501016,210.17746557301942,0
21,298.12,0,0,0,0.1793182170569827,382.8039034456374,0
13,138.2,0,1,0,0.2117362351955651,135.0246908144273,0
15,394.27,0,0,0,0.2238994390164187,510.90428490572486,0
12,32.2,0,0,0,0.031733634065414545,76.78270204542554,0
0,230.7,1,0,0,0.01770544407940954,208.25201363791075,0
15,449.36,0,0,0,0.07074920000176226,36.31712293102408,0
13,270.33,0,1,0,0.38224330524600664,249.43930711651788,0
14,307.38,1,0,0,0.16518527167561087,3.8393435157256985,0
12,2047.63,0,0,0,0.13805930187816884,66.17994046661336,0
16,254.66,0,0,0,0.1293198647400592,196.1395925385433,0
4,601.42,0,2,0,0.14077285255079255,64.46882389261636,0
5,2774.08,0,0,0,0.09333971505542837,73.09632231349704,0
15,313.56,0,0,0,0.019806646625696863,254.93280514841905,0
16,220.6,0,0,0,0.20010810814870103,10.122080037917444,0
5,3072.86,0,0,0,0.09192076693817497,291.6611353851589,0
0,1857.6,0,1,0,0.7177333778536289,4.267573191674855,1
16,312.22,0,0,0,0.08399556713631658,44.10055199888642,0
20,354.64,0,0,0,0.17715570377481374,414.8273832832381,0
8,1517.66,0,0,0,0.017196183976995662,58.243031569019074,0
1,1857.6,0,4,0,0.8820058086049505,39.79702936293759,1
15,775.62,0,0,0,0.13126495399246016,439.9287842049958,0
16,164.07,0,0,0,0.1878299980653592,285.54009355723224,0
13,1803.97,0,1,0,0.032370945985432456,611.815578165722,0
19,680.38,0,0,0,0.07008619627886764,153.37288542794886,0
23,243.68,1,0,0,0.15860231104603362,132.4368105632255,0
13,102.36,0,0,0,0.06952103590120531,476.73366896352815,0
23,8974.44,1,3,0,0.8014636102510043,4.972645192987736,1
14,941.77,0,0,0,0.09967242449406452,238.21941340305415,0
13,1287.49,0,0,0,0.13705514684169354,97.52069450193247,0
12,1366.31,0,0,0,0.10562686694643776,8.487516052903354,0
18,157.95,0,0,0,0.19740043351885606,1.9028087631750115,0
7,1766.01,0,1,0,0.13581438695840764,118.02101452490376,0
7,81.03,0,0,0,0.2424202344932783,503.3081657098735,0
6,866.36,0,0,0,0.036720558383948144,36.84666918779391,0
13,290.01,0,0,0,0.11685127730527481,50.86755941181251,0
15,654.88,0,1,0,0.41106340865641366,80.38065012604112,0
13,55.18,0,0,0,0.2625392667871384,74.06124541345883,0
9,926.62,0,0,0,0.19993529943539154,321.07644811839543,0
15,212.49,0,1,0,0.175235107913546,75.40132424894944,0
4,690.24,0,0,0,0.25432932039269546,210.66497349047992,0
15,62.17,1,1,0,0.12138838103127983,148.36798830331495,0
17,87.12,0,1,0,0.26353965317595346,295.25723508882015,0
22,4823.39,1,2,0,0.9167304080899933,0.8065238819659314,1
6,2124.33,0,0,0,0.5250224834343757,194.50528043025068,0
17,1380.99,0,1,0,0.18307790472524635,339.8599343849015,0
18,718.87,0,0,0,0.13992473025217783,254.264993773721,0
6,189.25,0,0,0,0.35048048459444897,34.211080392670205,0
12,205.04,0,0,0,0.028169353423950428,49.1472288013649,0
16,588.97,0,0,0,0.1677544368120829,155.81693985877777,0
14,2650.89,0,0,0,0.0457389374256328,354.51162785451453,0
12,325.1,0,0,0,0.019321835563025882,10.102352544977753,0
17,72.51,1,0,0,0.2339482425665154,100.17072702848974,0
17,687.78,0,1,0,0.3456434255315594,347.3721696060315,0
1,485.73,0,1,0,0.04469147678243544,148.86267145576412,0
22,1085.9,0,0,0,0.04580272662124319,51.239820858845775,0
17,1982.04,0,0,0,0.27872874528090247,109.67858212205873,0
18,150.36,0,0,0,0.26584531956250146,146.12307298250172,0
12,430.18,0,0,0,0.049814498858496176,77.21519302344964,0
16,255.38,0,0,0,0.06433516671789967,159.6734063704115,0
4,237.75,1,0,0,0.06949135795000108,478.7273318166394,0
12,71.75,0,0,0,0.19060219517974633,357.7154166484926,0
6,145.29,0,0,0,0.29295747277661643,3.651092787533689,0
21,1898.29,0,0,0,0.11465585097161966,655.8029705878247,0
3,345.66,0,0,0,0.0039012197566458125,630.8135613063125,0
12,600.45,0,0,0,0.24789268880435594,272.79811210744884,0
2,4823.39,1,0,0,0.7936987188028245,0.38940619523666425,1
20,34.9,0,0,0,0.10954255686328762,399.1191076427315,0
23,1375.87,0,0,0,0.0962509025929573,40.51004802959473,0
18,1536.62,0,0,0,0.1347327394593805,138.6650557002423,0
14,53.96,0,0,0,0.3131041446182094,19.71661519342783,0
9,659.85,0,1,0,0.2519798133923661,73.40000656888978,0
5,153.7,0,0,1,0.03944497280763722,108.01112116209636,0
20,742.25,0,1,0,0.33123787463719445,68.6657797519114,0
7,827.37,0,0,0,0.09817578780628881,91.92062415564723,0
13,901.61,0,1,0,0.1335846697368667,19.416013176442384,0
21,416.77,1,0,0,0.07248949955260721,124.59401818659484,0
7,612.85,0,0,0,0.07953223615865103,402.04981933789884,0
17,25622.89,0,1,0,0.037158133127031256,79.41331575761104,0
14,1012.91,0,0,1,0.17171565695790536,714.7926350071093,0
12,386.07,0,1,0,0.11047487768201382,36.27924726325115,0
12,213.65,1,1,0,0.21651457041775132,1.0,0
15,1375.63,0,0,0,0.2514892390398343,12.072334685208217,0
11,360.42,0,0,0,0.0206925745261177,180.5680153159048,0
17,63.29,0,0,0,0.27682119197195637,718.9168710065745,0
22,277.57,0,0,0,0.23161964612163946,89.41868213179208,0
16,445.98,0,0,0,0.32135759279786824,65.85417685408959,0
23,297.23,0,0,0,0.3392524966368122,158.34631140376098,0
16,924.08,1,0,1,0.008523445113721934,317.6655596572189,0
18,336.18,0,1,0,0.0061528314004750005,346.6928087657748,0
15,408.17,0,0,0,0.13748957699942474,78.87216386382518,0
15,388.11,0,0,0,0.12118919978679597,154.14913425151707,0
18,181.8,0,0,0,0.008909390962413406,149.25629348249257,0
22,139.75,0,0,0,0.07127618958887014,536.1106087193322,0
15,536.24,0,1,0,0.20465320685750968,164.7590531743028,0
10,1088.81,0,0,0,0.15010518296965925,268.61631649230156,0
23,411.48,0,1,0,0.2011252229226454,107.0082512297564,0
9,184.48,0,0,0,0.14928562474364065,44.28089323300749,0
13,138.64,0,0,0,0.3419315247851443,127.22595851094216,0
9,245.34,0,0,0,0.21829949864982623,277.75011304094704,0
9,262.27,0,0,0,0.14055848195802154,42.733230781062886,0
16,3834.93,0,1,1,0.2993018389765262,107.09934394406784,0
9,2858.06,1,0,0,0.06527640931754196,152.32108861627802,0
11,288.58,1,0,0,0.03653803208944575,77.04065894050831,0
20,1980.82,0,0,0,0.06335282289326175,179.51817961708622,0
16,181.99,0,1,0,0.170679954405906,2.5061990537210055,0
18,121.25,0,0,0,0.1688105200590411,97.80476743226818,0
8,160.84,0,0,0,0.02419142284451494,39.31931088333072,0
12,221.87,1,0,0,0.1531922548717554,1548.6096487788786,0
17,172.86,0,1,0,0.04950417434847111,4.956749810019492,0
12,1419.38,0,0,0,0.17034236618971577,63.314318239114414,0
12,2349.07,0,0,0,0.2511371450478315,450.772728339969,0
18,982.3,0,0,0,0.39968529296580124,158.92636435714957,0
2,4239.98,0,0,0,0.2139804519521199,97.78658994854547,0
6,135.1,0,0,0,0.07662457545544124,64.19668189489744,0
13,313.49,0,0,1,0.14005088266738178,175.77098034839568,0
12,365.54,1,0,0,0.11335297748899166,6.243862273884733,0
15,626.39,0,0,0,0.08602541920298347,79.51149027375882,0
14,404.03,0,0,1,0.014107464434089223,30.192601236006812,0
22,569.77,0,1,0,0.058184783414550426,26.520395848036426,0
8,214.18,1,1,0,0.17392779071239126,1007.078568188113,0
11,1026.66,0,2,0,0.10084447817523148,4.500321342030551,0
12,163.93,0,0,0,0.1428374555246862,133.30139292821315,0
8,157.72,0,0,0,0.20558400884206726,158.3071379937177,0
8,339.9,1,0,0,0.3827908287803621,190.87078745521623,0
15,1802.05,0,1,1,0.19889301493678344,84.34749437746876,0
5,1857.6,1,2,1,0.722990953217969,14.61971605330858,1
21,267.45,0,0,0,0.16407679462351313,376.06023634552486,0
15,1211.98,0,0,0,0.03128705205470578,155.85452801873785,0
15,546.14,0,0,0,0.14982500925384354,92.64261590977573,0
9,298.88,0,1,0,0.0986863931764505,278.082061528242,0
14,693.05,0,0,0,0.24653499084627103,224.77883550429794,0
15,506.18,0,0,1,0.01746103408444226,26.640189654046132,0
13,144.32,0,0,0,0.40846215522884666,503.26362844790526,0
6,130.42,0,1,0,0.35323904756736524,46.3199518085434,0
15,67.96,0,0,0,0.15176830517405326,398.3503528551628,0
23,106.06,0,0,0,0.2985987197666389,3.742786442573055,0
19,255.64,0,1,0,0.49910262656628873,193.7004756886885,0
17,3481.74,0,0,0,0.4797114125488954,241.32476930656324,0
18,67.99,0,0,0,0.3244284444112804,14.517000541373303,0
17,235.3,0,0,0,0.07879652037112804,220.00452889964717,0
10,1266.72,0,0,1,0.14383279446253824,301.3463910783133,0
1,1857.6,0,7,1,0.8542878689344655,7.379559029290926,1
11,805.25,1,0,0,0.060672213709109246,56.356928120567616,0
9,424.26,0,1,0,0.10316339399487048,12.430160331421513,0
16,54.16,0,0,0,0.23106650199145412,34.15945580272506,0
11,473.29,0,0,0,0.0440276426335338,115.28473690405417,0
18,840.52,1,0,0,0.09014242478043916,41.378817521721295,0
7,1280.67,0,0,0,0.10944789188565673,234.17435140539305,0
18,287.15,1,1,0,0.15758829744357128,150.22403014066592,0
15,284.62,0,0,0,0.2567671851166835,70.22127225016519,0
18,341.24,0,0,0,0.16954584290804026,230.24103607714346,0
12,6415.46,0,0,0,0.10499268585716769,131.23174309403586,0
17,1800.96,1,1,0,0.12230078716562656,22.005049897847822,0
14,29.07,0,0,0,0.24732414240124032,240.9425368993494,0
5,408.92,0,0,0,0.016879763649428392,108.05508130141541,0
12,98.98,0,0,0,0.1046318232203595,71.2296890358812,0
2,510.82,0,0,0,0.22797611633370815,82.70207942057213,0
19,788.48,0,0,0,0.18867973488494785,329.96686708112145,0
14,150.51,0,0,0,0.025091817689968328,101.96502414444836,0
19,192.6,0,0,0,0.31045103588784134,128.38459711628695,0
12,1462.81,0,0,0,0.12238951099547236,309.0264423677103,0
9,358.01,0,1,0,0.1063405428880274,488.56977910306483,0
8,2940.29,0,0,0,0.28600389311779584,233.76128301601295,0
11,1202.53,0,3,0,0.011226834100640397,107.08530492842269,0
13,437.5,0,0,0,0.011438893321977577,80.75761993718865,0
17,706.58,0,0,0,0.08793249229440434,435.49446536094956,0
6,2426.77,0,0,0,0.27121547274172675,61.954832463208454,0
7,64.72,1,0,0,0.4338181616489452,133.51386794854005,0
9,316.75,0,0,0,0.08769539701268468,40.1373059029517,0
14,2562.97,0,1,0,0.1569693042176166,374.15235145171914,0
21,12.88,0,0,0,0.03910848169635125,26.31470624901035,0
10,97.75,0,0,0,0.30799595489056597,167.13373070347487,0
23,73.39,0,0,0,0.2224284115169569,1.0,0
7,404.81,0,1,0,0.32039444710762777,335.13899018211504,0
9,1438.42,0,0,0,0.26933691783657754,173.2939173692348,0
15,1487.59,0,0,0,0.04997392568866391,35.634434954243815,0
17,108.63,0,0,0,0.2154748946698265,473.47320211012135,0
8,903.01,0,1,0,0.02674063610676932,10.302367180806579,0
5,341.6,0,1,0,0.0914475176419367,59.196630982915636,0
19,1290.59,0,1,0,0.14972482669217,515.1907092644971,0
17,316.52,0,0,0,0.35110859620030915,234.28433449413174,0
12,436.85,0,0,0,0.02850327249372339,259.8153746183487,0
11,215.0,0,0,0,0.4132569838189337,269.19249292811054,0
8,1835.04,0,0,0,0.14801149839461297,66.96498452574653,0
11,141.32,0,0,0,0.10801589217306905,47.67103419214703,0
18,233.87,0,0,0,0.13709952384318197,33.223804666442874,0
11,161.25,0,0,0,0.06206129625243803,198.09972823692127,0
16,142.42,0,0,0,0.3289858330732949,90.85210640815244,0
16,1079.55,0,1,0,0.20493671754153697,52.85433361932626,0
6,68.4,0,0,0,0.07501996454414793,78.8914018634186,0
11,678.39,0,0,0,0.3209064112816207,151.3136511804013,0
18,253.52,0,0,0,0.2510329699606914,330.7544096624927,0
15,550.47,0,0,0,0.13112405511307706,310.4415382381056,0
14,1803.65,0,0,0,0.17086777876252407,59.5646663069758,0
10,525.77,0,0,0,0.05255865807119471,193.40048234544557,0
22,4823.39,1,2,0,0.7912475336794238,6.216618870809433,1
20,31.91,0,0,0,0.08528734867748966,9.378670828296045,0
11,114.56,0,1,0,0.11059386111027843,79.52142969334123,0
8,637.72,0,0,0,0.2628162245331307,100.42082493929651,0
8,238.88,0,0,0,0.024297789116062313,220.956678916594,0
22,4823.39,1,1,0,0.503074287222924,24.588808111168543,1
13,154.36,0,0,0,0.035582714549999395,59.263497883259845,0
9,190.27,1,0,0,0.0928501966379104,23.4447870888474,0
9,509.36,0,0,0,0.16745659890480294,38.75356534464858,0
2,8974.44,1,1,0,0.5981584003029166,29.15788723491961,1
13,231.35,0,0,0,0.056429598113348904,428.2217161120892,0
20,640.57,0,1,0,0.16386496815561855,7.395431890727821,0
9,615.32,0,1,0,0.1185437106169628,330.95860732952997,0
3,1857.6,1,1,1,0.6364347205125548,1.2765507868709427,1
9,62.15,0,0,1,0.011886739025019888,305.84092341811186,0
22,399.61,0,1,1,0.318403792275682,172.513921363976,0
12,160.09,0,1,0,0.029141073922517722,465.0663668387075,0
8,310.85,0,0,0,0.10433767257936444,21.886009820814557,0
8,1663.35,0,0,0,0.10759613017107983,430.20369622632586,0
14,1134.78,0,0,0,0.15484743052673014,29.331882137511325,0
4,2597.54,0,0,0,0.2199377915062446,78.81184207830617,0
9,599.07,0,0,0,0.060045927973361134,134.78296966216755,0
9,465.91,0,1,0,0.2945298920273081,99.84796191162727,0
9,1540.53,0,0,0,0.10016916137494052,5.3250879221333545,0
17,1967.28,0,0,0,0.19714197528144986,252.38256076305964,0
17,328.76,1,0,0,0.005101616369675117,108.10570703885139,0
17,255.85,0,1,0,0.052015806426067075,35.630388889997164,0
14,931.32,1,0,0,0.06124788353095229,189.08267023414112,0
8,1443.23,0,0,0,0.27635712900965975,19.91301940635904,0
17,308.03,0,0,0,0.268155562564576,119.47737110567007,0
13,218.5,0,0,0,0.3043782807564258,81.94588076412752,0
5,448.11,0,0,0,0.05658093343256688,56.343083161538395,0
11,282.89,0,0,0,0.20256785305003258,204.81375380622916,0
22,608.03,0,1,0,0.3708161574186954,197.25011019045343,0
15,305.55,0,0,1,0.22236459539646677,124.57502443202148,0
18,46.95,0,0,0,0.4009692889312613,9.092357106598964,0
5,8974.44,1,3,1,0.7590502012438265,9.334557553249928,1
16,1982.51,0,0,0,0.11837990696038242,138.50221566089965,0
13,724.78,0,1,0,0.12501080966581515,397.0373852112662,0
17,209.96,0,0,0,0.17671367039550473,318.68516218569437,0
15,674.01,0,1,0,0.23510225454301026,24.138262508987676,0
10,586.29,0,2,0,0.13742566551710486,235.83556253018364,0
14,2318.22,0,0,0,0.03335140951389651,311.2603036614508,0
13,1068.26,0,0,0,0.07582113492210805,108.27951639291436,0
23,8974.44,1,5,1,0.664628851922892,12.136660247248283,1
23,477.1,1,0,1,0.2808456201433644,446.86259392172667,0
5,1857.6,1,3,1,0.6022650791149013,4.865594768374409,1
11,219.19,0,0,0,0.16969284039846103,363.77902035280454,0
22,237.16,0,0,0,0.2461570221422732,278.71853753076385,0
12,145.72,0,2,0,0.4288804386649232,23.70992813199417,0
17,342.17,0,0,0,0.17998071931321322,251.49565396770478,0
7,291.15,0,1,0,0.12164785781638106,36.58607432470968,0
10,690.1,0,0,0,0.15899344214734082,215.74502968948698,0
11,4783.92,1,0,0,0.12191017250427261,3.3590842012978945,0
13,1502.37,0,0,0,0.1252406265115385,403.22866973796664,0
18,178.51,0,1,0,0.21459664517269397,293.85832637856447,0
12,245.54,0,0,0,0.13975337707487945,42.99478569567492,0
8,909.87,0,0,0,0.14537962132663731,291.7414368401749,0
5,4823.39,0,3,0,0.8856899808433176,11.554719449411204,1
14,2004.01,0,0,0,0.3244371649207065,1.2711544674356565,0
7,562.41,0,0,0,0.07381281808033718,15.193290583221016,0
17,1121.39,0,1,0,0.11591666118539738,111.68564708854588,0
6,131.87,0,0,0,0.19982054118488998,264.29752154105176,0
9,127.57,0,1,0,0.23571249954334098,153.09103203324014,0
7,198.48,0,1,0,0.04602878951854476,235.04809793041798,0
13,160.57,0,0,0,0.09047035283109292,38.10126956929931,0
20,937.69,0,0,0,0.061789897468261225,190.61851941315433,0
14,1160.88,0,0,0,0.21568364458365125,545.7199368659731,0
12,125.3,1,0,1,0.05483616325394517,47.85165439182618,0
13,634.23,0,0,0,0.04602894811100961,245.4134460574823,0
16,1756.23,0,0,0,0.06710805233983598,113.30123870224766,0
0,594.26,0,0,0,0.15221480949204932,105.18856249448571,0
4,561.42,1,0,0,0.0462180228190371,65.73228371972763,0
22,8974.44,1,1,1,0.950330270710422,3.3193343069663976,1
15,54.9,0,0,0,0.35846031016834784,5.5531932237729595,0
11,357.01,1,0,0,0.20965896511898593,379.2759969079772,0
17,127.07,0,1,0,0.015480333964038789,1.0,0
10,95.22,0,0,0,0.2127812194040726,332.61303523740224,0
16,174.53,0,0,0,0.18308973909248252,147.5950485839913,0
17,612.1,0,0,0,0.15634740123312055,90.85920294675273,0
7,2851.39,0,1,1,0.13267173103543392,374.85890179000154,0
14,56.19,0,0,0,0.16287916029770122,122.89666894505021,0
14,173.64,1,0,0,0.3457161863337578,18.697299758338122,0
19,240.69,0,0,0,0.21439527497861396,14.865774070210731,0
9,916.18,0,1,0,0.04271605018953167,9.009730514804446,0
16,3304.83,0,1,0,0.0818413162335294,26.014080140102088,0
0,4823.39,1,0,0,0.8170962652802822,5.570961147403012,1
1,893.12,0,0,0,0.22174432567267457,619.3160803158336,0
10,247.95,0,0,0,0.07120510162867774,20.530207088970343,0
15,168.12,0,0,0,0.0843840246601721,124.97035014331634,0
8,580.59,1,1,0,0.12210933824064053,34.231447572052424,0
21,1485.98,0,0,0,0.4089001673675981,115.16288369730785,0
23,1017.28,0,0,0,0.055447876367007556,237.6504636105528,0
15,361.99,1,0,0,0.07627844544569846,502.0924257652532,0
10,659.68,0,0,0,0.2640486840611334,31.609339653780378,0
1,4823.39,1,8,0,0.5820439182484107,1.9989836330192883,1
17,368.03,0,0,0,0.05661435874681151,45.57323453262331,0
14,44.83,0,0,0,0.1555795721857318,300.4632721832901,0
13,1794.9,0,0,0,0.012098011867609034,26.828688451817797,0
20,485.18,0,2,0,0.08033232648056092,117.58747642569296,0
11,104.05,0,1,0,0.20683315425648913,30.079647473850972,0
18,81.49,0,0,1,0.3666991388751017,144.88091899913763,0
8,108.84,0,2,0,0.14033179312081484,39.14864742454861,0
15,95.22,1,0,0,0.11219251457952902,266.8930585405967,0
14,2323.05,0,0,0,0.3645670451740559,204.34710432970883,0
20,269.08,0,0,0,0.2561008916804248,282.0243708063194,0
8,775.62,0,1,0,0.1439032493006011,157.77227285899423,0
12,354.42,0,2,0,0.35106674591522485,29.07714120967315,0
16,320.65,0,0,0,0.06763285953832467,248.32556527870133,0
18,38.94,0,0,0,0.0986686040069367,31.332267796946923,0
11,338.58,0,0,0,0.012141859049100619,347.6247304465005,0
23,490.02,1,0,0,0.19437641973111536,63.88179137948955,0
18,723.46,0,2,0,0.25534340680606094,259.1126195454753,0
15,45.03,1,0,0,0.24899390745034022,84.82948417101653,0
10,109.88,0,1,0,0.3892706804051854,162.42886639172195,0
16,1252.67,1,1,0,0.04742248943614953,1.4518735608511215,0
10,316.38,0,0,0,0.011546466891634263,818.9557016318424,0
15,1325.72,0,0,0,0.025239818977196665,406.0128600688723,0
12,481.87,0,0,0,0.12345694943654897,119.33833116580071,0
20,325.04,0,1,0,0.4112925294284451,193.5342731657735,0
12,428.78,0,0,0,0.19407099154162474,283.6198658995494,0
19,421.4,0,0,0,0.10041472628808237,667.2847403531777,0
14,365.37,0,0,0,0.033419175357351484,260.30799126015825,0
2,740.95,1,2,0,0.5453834310265189,150.0112553320315,0
15,3721.91,0,0,0,0.3923948839829332,9.929270791304582,0
11,512.42,0,0,0,0.013906535539227823,41.7518081192019,0
11,321.53,0,1,0,0.06258799027984463,129.1414077181716,0
2,416.39,0,0,0,0.16632275681532843,311.91806627714703,0
17,539.14,0,1,0,0.11208571962523949,63.54120663956514,0
15,1040.64,0,1,0,0.04798538806349762,224.62591802171391,0
20,288.4,0,0,0,0.22589376547255555,134.492075223071,0
15,229.22,0,2,0,0.045451253610146417,10.715749523612235,0
17,1329.65,0,0,0,0.31899393592240055,147.11370607344114,0
10,669.08,0,0,0,0.23409823116572595,56.35238573021229,0
23,72.4,0,1,0,0.3427446137475387,106.4775971222237,0
10,869.83,0,0,0,0.2635076780504691,31.857352742404693,0
11,161.04,0,0,0,0.173993324821396,119.98279285737229,0
19,817.02,1,0,0,0.17868336718482328,325.3396189067344,0
9,22.76,1,0,0,0.14475703836796522,303.2210461726466,0
13,93.32,0,0,0,0.08611824256806684,17.167342854100745,0
10,600.06,0,0,0,0.322478169254297,378.0654289017193,0
16,336.92,0,0,0,0.14216163979936108,1.2664491807999338,0
17,866.35,0,0,0,0.027059193413476637,541.822769920848,0
10,349.22,1,1,0,0.14573825368341792,120.4466527888128,0
12,278.47,0,0,0,0.211073612470203,57.697158281888406,0
21,282.3,0,2,0,0.22718044158570982,654.0727015014128,0
10,511.94,0,0,0,0.13385439180438877,89.06972793926204,0
8,418.41,0,0,0,0.02509458517144223,17.22652049707652,0
5,563.75,0,0,0,0.16635694017121308,91.10058764412078,0
16,259.18,0,0,0,0.4957661251007334,164.2771101232525,0
14,517.95,0,1,0,0.3901111188051278,150.76419415076958,0
11,66.14,0,0,0,0.15733096139281827,242.54605663283533,0
14,395.4,0,1,0,0.048171763563104354,340.4678430333619,0
12,38.26,0,0,0,0.3353339094213847,33.44055281325579,0
16,347.75,0,0,0,0.08481079947980302,261.3426247431967,0
11,438.88,0,1,0,0.014222416662305068,116.4592195060426,0
11,325.47,0,1,0,0.07316727202205493,268.2743111760664,0
4,8974.44,1,5,0,0.743505248347956,2.768569093127235,1
10,1927.27,0,2,0,0.008991503711292254,36.43966596128309,0
4,1857.6,1,3,0,0.7185809693919548,8.25752638159855,1
12,993.54,0,0,0,0.22785958230718184,17.022967891225715,0
20,597.18,0,0,0,0.04850851500204712,260.03841840593424,0
9,445.95,0,0,0,0.13366889145928887,119.91328237408216,0
15,339.64,1,0,0,0.06887711904116989,272.4097591094031,0
11,78.66,1,1,0,0.1186693363745473,193.37151023593668,0
16,204.25,0,0,0,0.04560153702160138,301.3644453868991,0
21,473.6,0,0,0,0.16545975827866877,31.743517407837984,0
1,8974.44,0,2,0,0.846596382052743,7.472000498672567,1
21,1092.74,0,1,0,0.005478592116067345,35.77307855607982,0
8,692.61,0,0,0,0.035905450964257755,466.1428723926605,0
14,297.15,0,0,0,0.14300195096150536,105.72991612127825,0
13,132.32,0,0,0,0.2009120794893943,179.0681138382766,0
11,2092.65,0,0,0,0.16414472145017608,266.3089967871965,0
13,2203.83,0,0,0,0.3746514235944827,16.656531908230587,0
14,428.91,0,0,0,0.07353533656882362,410.4422285914837,0
13,2552.31,0,0,0,0.14198860544230316,94.47817718292669,0
8,48.22,0,0,0,0.1859424251630343,13.910089539940063,0
4,926.24,0,1,1,0.25310865928254195,305.80252514154057,0
12,195.63,1,1,0,0.12126589016448813,602.9791218270974,0
21,1960.09,0,0,0,0.21137130257601583,47.63318828305498,0
7,1167.56,0,0,0,0.03677115585515272,470.19683542473325,0
8,604.66,1,0,0,0.11885393963110252,57.15142400464321,0
16,308.87,0,0,0,0.13088577419708072,630.0011899645525,0
13,4541.16,0,1,0,0.2390186728357324,86.68150959757867,0
17,148.21,0,0,0,0.04391303577439013,326.9258097547137,0
8,201.57,0,1,0,0.22279291848989882,141.31220618663946,0
16,474.83,0,0,0,0.21351171495449062,185.2609155782363,0
7,1270.72,0,0,0,0.05444333665166225,364.9812610938891,0
15,353.89,0,0,0,0.0496560180791421,309.9204160302302,0
18,246.77,0,0,0,0.10431152892432156,169.7359666457476,0
10,418.3,0,0,0,0.1824576153339693,104.86112907879564,0
6,1660.38,0,0,0,0.317166997401727,59.50630907399596,0
1,8974.44,1,2,1,0.8434929525557634,4.9022500137830685,1
13,825.89,0,1,0,0.19617248956276936,192.84865827627132,0
19,961.34,0,0,0,0.2666139333367701,106.24193259394205,0
14,388.15,0,0,0,0.05612569365291031,401.1261520797989,0
13,266.21,0,0,0,0.10037171970866673,48.98350618948517,0
15,176.73,0,0,0,0.08018287845075718,619.4165186258813,0
8,699.11,0,0,0,0.030092024425077205,174.83752230461724,0
19,310.94,0,0,0,0.2271819380593325,193.7845278871705,0
20,1741.94,0,0,0,0.35403657312832826,282.4821322832724,0
10,1354.76,0,0,0,0.011991469613487259,108.01392803764115,0
9,186.32,1,0,0,0.06758140917926087,136.80834530491336,0
6,91.7,0,1,0,0.0720021609050558,202.37348677270455,0
16,875.47,0,0,0,0.15485683624415209,18.610421532146326,0
2,284.95,0,0,0,0.12708081894366116,253.96292094959148,0
21,154.41,0,2,1,0.1011065783541518,39.34615628179153,0
10,408.88,0,1,0,0.08873297320917743,86.48612845284316,0
7,3151.27,0,1,0,0.02677300985836373,178.8393371245424,0
17,544.2,0,0,0,0.223204890099531,81.8663425032155,0
13,59.7,0,1,0,0.2705059806599207,35.449301793220705,0
17,475.16,0,0,0,0.07426816689308727,7.885006946443859,0
17,326.54,0,0,0,0.029027781784200297,314.3982173369124,0
13,48.74,0,0,0,0.19000056752224967,220.59524076107954,0
18,111.84,1,0,0,0.10445630874458478,41.84921019607959,0
4,865.5,0,0,0,0.030218862609412707,73.93403014885006,0
18,993.97,0,1,0,0.11229942825275194,22.482756101357246,0
6,564.7,1,0,0,0.13858350106272857,100.18844672015184,0
12,41.59,1,0,0,0.10776520922999337,40.38941089808874,0
2,345.03,0,0,0,0.20381594860845018,313.1189337137566,0
16,307.5,0,0,0,0.10709703392443522,45.91563636294393,0
15,1611.08,0,0,0,0.24952050988077984,32.575256246787546,0
16,1446.35,0,1,0,0.05710455323281969,101.37898581437585,0
8,533.63,0,0,0,0.026405389396370122,227.973726723683,0
13,183.39,1,0,0,0.26009199096469066,184.39417312886002,0
19,327.47,0,2,0,0.2939541182441321,35.556628468131876,0
9,1058.0,0,0,0,0.34923939762348716,78.40854880149895,0
9,151.87,0,1,0,0.02372141804729269,322.500820244291,0
19,914.33,0,0,0,0.2483940135575955,16.770829775555566,0
15,193.47,1,0,0,0.24522121511267916,76.66336307306622,0
9,1332.34,0,0,0,0.027051145632122377,26.518341849204234,0
19,1129.05,0,0,0,0.2173711479851932,517.6964367182472,0
7,119.87,0,0,0,0.22734184976232347,68.86773744119724,0
18,389.27,0,1,0,0.26784031459811425,4.394608302453441,0
16,406.3,0,0,0,0.06002835871057925,69.02301630366918,0
16,480.59,0,0,0,0.09006299933176179,38.51083643036097,0
18,1403.0,0,0,0,0.3813482657217914,206.7318515600268,0
13,2182.67,1,1,0,0.23529992004549175,282.8260053499021,0
6,255.13,0,1,0,0.25060730608265286,97.5089195489069,0
9,413.76,0,0,0,0.12365572496859352,277.4467392466461,0
6,182.82,0,1,0,0.16267773981322398,4.052698377486217,0
2,239.05,0,0,0,0.23131990314093723,156.7372237623829,0
14,246.11,0,0,0,0.200213286778799,324.60298490155844,0
8,415.9,0,0,0,0.27440433927225033,17.86952789755527,0
19,508.98,0,2,0,0.17600797744076055,485.9060414466856,0
8,306.83,0,1,0,0.12113963810363994,10.552690161609632,0
14,2731.71,0,0,0,0.11070960018399797,637.0216451306554,0
12,529.34,0,0,0,0.2027503388061894,296.7278140138253,0
19,42.26,0,0,0,0.18693127024744222,102.66855390503046,0
23,1857.6,1,1,0,0.7691784752316034,10.303265460844605,1
15,1398.41,0,0,0,0.27357333165478337,64.02221347714467,0
20,436.51,0,0,0,0.2000845076442253,84.60610186425656,0
7,1042.69,0,1,0,0.025804884244811702,28.23047808927996,0
8,251.62,1,0,0,0.16779129931381923,101.71429658977566,0
14,151.96,0,0,0,0.13028869088907818,239.51272245105184,0
11,316.52,0,0,0,0.13918429733180318,296.3882632531623,0
16,814.15,0,0,0,0.2755341888434657,61.21578149666118,0
13,370.34,0,0,0,0.36845262979883386,132.56468872687583,0
12,2940.17,0,1,0,0.011820991914732274,9.872971286593978,0
9,132.2,0,1,0,0.11891888093621122,62.00898008628551,0
23,2206.45,0,0,0,0.06515898088216308,11.016248741122702,0
6,84.25,1,0,0,0.45502854743577636,33.28129524183257,0
18,124.88,0,0,0,0.06473267761567056,589.0806714147078,0
18,116.59,0,0,0,0.03323264393128285,290.527152883603,0
17,1031.63,0,0,0,0.2683886274020189,647.5750821262982,0
13,727.33,0,0,0,0.16848424959780361,189.3790656343077,0
14,154.71,0,0,0,0.2441606663238965,31.761513448409392,0
10,485.12,0,0,0,0.24761146431067688,405.44161268803816,0
10,272.73,0,0,0,0.21217503434498095,77.044086587037,0
13,113.58,0,0,0,0.06358901535010704,319.62174969993185,0
16,237.73,0,0,0,0.24234947993075712,199.8368497248414,0
16,1976.93,0,0,0,0.19835489302560413,174.88749621084102,0
14,151.6,0,0,0,0.20633745365667724,54.781275096406056,0
12,297.3,0,0,0,0.1814746813708915,174.4648512681179,0
5,100.7,0,0,0,0.08065559110911241,210.76446275408225,0
2,8974.44,1,3,0,0.776760671581731,3.720312432944785,1
12,142.25,0,0,0,0.06768989671911657,39.46274172334152,0
16,559.44,0,0,0,0.21728042142966866,376.68827877495204,0
6,45.48,0,1,0,0.2533289483755286,27.56279940723255,0
20,1968.22,0,0,0,0.17302668160057025,248.5503582052592,0
12,991.38,0,0,0,0.2882075037184212,4.857250147564952,0
19,406.93,0,0,0,0.20119551055118845,109.20213025376137,0
19,38.25,0,0,0,0.11442976055401646,112.44034421788832,0
4,485.52,0,1,0,0.08008828247924735,281.5494496884867,0
23,8974.44,1,3,0,0.6073459443575205,1.3113286419463719,1
19,88.77,1,0,0,0.10673264989979113,110.40335645784951,0
20,759.23,1,0,0,0.3557299777993572,111.33028612175548,0
15,1836.34,1,1,0,0.006927406806085359,116.04730249578196,0
0,711.87,1,1,0,0.09792101674712919,132.21550380241027,0
20,926.43,0,0,0,0.06120623583239517,34.602904302868765,0
16,425.75,0,0,0,0.040571251307007596,314.43399184981126,0
23,1034.53,0,1,0,0.6122527397167152,312.50981064604474,0
5,232.97,0,0,0,0.09596835697998124,75.1668587962123,0
16,1265.31,1,0,0,0.035815059594203655,109.66807409022132,0
15,313.29,0,0,0,0.2674375659680541,150.8579161181479,0
16,481.54,0,0,0,0.1580888128075171,153.35940875835647,0
0,161.23,0,0,0,0.20778389399872146,364.09898510121275,0
7,973.94,0,0,0,0.3023589713993262,29.70951309996345,0
11,305.32,0,0,0,0.07495844240388098,76.99410305447928,0
19,545.86,0,1,0,0.07692434355692826,137.08245062520783,0
9,92.68,0,0,0,0.10487825365909899,59.10228395893744,0
15,376.0,1,1,0,0.22428101738310283,104.28332091657242,0
23,471.46,1,0,0,0.08255603483989149,121.05647316907877,0
5,135.08,0,0,0,0.09956815681540657,21.56767755349224,0
18,167.79,0,1,0,0.17439150114686325,36.698407390418204,0
13,94.34,0,0,0,0.03529758113390758,243.29484156297366,0
14,432.55,0,0,0,0.07101791964784761,505.9380529862713,0
13,198.19,0,0,0,0.32931707800389104,135.91154450134277,0
7,308.41,0,1,0,0.040513185339412346,72.82669561951039,0
10,1078.76,0,3,0,0.14466550349798107,102.0152805778989,0
18,532.93,0,0,0,0.31053368089730504,40.259103690600234,0
9,830.4,0,0,0,0.12280602567589735,104.61678515595416,0
22,1884.81,0,0,0,0.06816219850448782,15.902577225684617,0
16,376.33,0,2,0,0.09215853256556716,75.44435172552546,0
19,693.98,0,1,0,0.4208743977438667,235.2734017013413,0
9,1309.3,0,0,0,0.1304988996427982,32.730125402087225,0
20,356.42,0,3,0,0.3071783914942586,15.915749298665448,0
12,98.59,0,0,0,0.029594226919876027,499.5651534769653,0
15,709.52,0,0,0,0.1950553951109336,16.251798045738997,0
4,148.05,0,0,0,0.09432422667506458,160.62162249903278,0
5,1857.6,1,3,0,0.4366169173561883,8.115508220895272,1
19,1537.91,0,0,0,0.22046401058622342,220.10236712250648,0
16,3258.6,0,1,0,0.08175250706534008,47.91463480916356,0
13,1647.31,0,0,0,0.06272786668342088,10.695786270571125,0
15,88.75,0,0,0,0.20676963813685298,56.770369653840305,0
13,439.34,0,0,0,0.38566673185822986,136.63871737845747,0
22,223.14,1,0,0,0.21188655259819844,29.44747165230188,0
15,351.14,0,0,0,0.038746447772243064,377.275466886924,0
5,185.94,0,0,0,0.09717916620905642,228.85175442766862,0
12,139.57,0,0,0,0.16206477724316792,291.7383150840035,0
17,627.08,0,2,0,0.10857697317702422,321.13738028713504,0
11,92.55,1,0,0,0.03362001867391248,154.7192535042008,0
13,226.39,0,1,0,0.09193383202064127,63.75757024929297,0
13,402.25,0,0,0,0.024436999140930185,240.62140770898503,0
16,444.5,0,0,0,0.025961391163398094,33.60997590784583,0
9,1532.3,0,0,0,0.4631367580374375,310.17780229351354,0
5,1857.6,0,2,0,0.8302601756393418,1.831586644394307,1
13,130.25,0,3,0,0.0035122981584174056,40.89625594328314,0
16,237.62,0,0,1,0.06987212891127317,159.31197334795604,0
8,37.91,1,2,0,0.2275547034501028,425.4894012705054,0
15,463.51,0,0,0,0.3110580959947818,196.1491329890538,0
17,144.14,0,0,0,0.029563698244456326,263.3641164559103,0
12,4337.78,0,0,0,0.2365473621705676,85.24919477100072,0
11,406.09,0,0,0,0.03937879854988283,27.516214872130437,0
21,173.34,0,0,1,0.12685233530004322,60.205098187720445,0
11,78.78,1,0,0,0.04161882093178605,401.5452885579619,0
20,137.03,0,0,0,0.10334158326606464,277.7331527119303,0
19,1624.02,0,0,0,0.10068588630886514,21.478681203168627,0
6,742.5,1,1,0,0.4876092479353802,261.71437442414367,0
22,709.28,0,0,0,0.31603484910079604,139.76970012029022,0
19,1387.08,1,0,1,0.26506620152951815,298.77076209269603,0
7,590.65,0,0,0,0.05860679274690851,172.99143453160383,0
10,178.66,0,1,0,0.09877281893799514,113.24600805479783,0
7,298.15,0,0,0,0.14247094510119995,308.7781982376098,0
15,246.96,0,0,0,0.10747344651910487,218.96289051832213,0
5,60.27,0,0,0,0.1567969531145649,54.92074733469488,0
9,302.72,0,2,1,0.08943083937837,19.235902934728752,0
23,71.9,0,0,0,0.25950097569627095,331.287768091053,0
14,319.47,0,2,0,0.029186788413586177,345.9056757334266,0
7,169.87,0,0,0,0.32924553233605247,220.59240575330682,0
10,363.85,0,0,0,0.008235041631936888,102.29904894409154,0
2,1090.54,0,1,0,0.2115394036049052,3.404686978063062,0
16,182.96,0,0,0,0.0773774267560674,245.5647722313049,0
15,163.98,1,0,0,0.024441304925886323,48.66755197527223,0
14,2043.05,0,0,0,0.02335118458976018,22.5387311550748,0
6,232.95,1,0,0,0.05969210971223299,99.55900373180594,0
20,883.67,0,0,0,0.1731147056576316,252.77282554091747,0
18,323.53,0,0,0,0.2664696747380003,328.2808262454962,0
22,323.36,0,0,0,0.233996648711644,208.9399945657726,0
5,321.34,1,0,0,0.035769546860863415,172.97668321893067,0
11,393.83,0,0,0,0.19974176544055666,87.48873245122535,0
13,478.47,0,0,0,0.15643606984363465,888.0318555480649,0
11,256.54,0,0,0,0.1662672567165248,18.792282835687043,0
2,820.93,0,0,0,0.2120716603172687,163.37608006313582,0
15,1535.06,0,0,0,0.08428682288494108,136.7450126720008,0
11,1608.59,0,1,0,0.4134180655647837,241.52029573912253,0
20,684.55,0,0,0,0.24914061204731025,563.80896302848,0
5,530.25,0,0,0,0.12311181438949277,63.65917524104548,0
13,79.85,0,0,0,0.02106299139337046,114.5886195445336,0
15,225.42,1,0,0,0.08777808155643363,777.0120655284509,0
18,499.93,0,0,0,0.09701119263817491,377.580220546639,0
16,585.85,0,0,1,0.08575053211187189,235.32281332064295,0
18,3738.38,0,0,0,0.4739201336268792,563.3792975962888,0
21,301.08,0,0,0,0.049672813120784726,136.61062932379457,0
18,1431.11,0,0,0,0.199838240667069,34.0530903146852,0
15,484.92,1,0,0,0.0743216678873451,271.2898259246652,0
8,342.02,0,0,0,0.13118482113888688,30.046032710840226,0
17,114.34,0,0,0,0.1027897460611883,382.21162418576245,0
8,48.04,0,0,0,0.11844932236012229,141.13536081060334,0
14,716.43,0,0,0,0.02842649437782523,130.75669157897272,0
18,122.19,0,0,0,0.07614151541744496,257.9447242486051,0
13,101.94,0,0,0,0.01824385267478745,83.64261395528322,0
23,878.25,0,0,0,0.051598666576487796,48.99651599680478,0
20,964.1,0,0,0,0.08602968165468552,88.58112815757086,0
7,783.07,0,0,0,0.05703890410459603,225.94427660591032,0
13,99.05,0,1,0,0.15174935847472956,339.20334064864744,0
2,1884.27,0,0,0,0.17879181767953606,67.25755578472264,0
12,96.57,0,0,0,0.008608715556844875,12.955866084117849,0
5,1857.6,1,1,1,0.557913920984649,6.5830020023171745,1
10,420.51,0,0,0,0.431933349063173,259.4833940367557,0
22,46.55,0,0,0,0.16127069282012813,560.6065845357788,0
4,978.63,0,0,0,0.12357708564645421,157.42595474446233,0
20,212.59,0,0,0,0.17661725569691672,395.0800789275551,0
3,4823.39,1,4,0,0.33682357696605086,2.7200798641702524,1
19,141.88,0,0,0,0.31177879836176164,202.1069544037289,0
8,1120.39,0,0,0,0.268126417245321,33.96623974111357,0
5,172.8,0,0,0,0.05080424027449031,618.7743732814391,0
0,8974.44,1,6,1,0.5598300409158965,13.997722181236878,1
19,121.98,0,0,0,0.2568725704051428,81.56995173609562,0
8,138.49,0,0,0,0.021968564276778277,46.04185896658717,0
18,472.44,0,0,0,0.3787929827271192,1.0,0
11,95.27,1,1,0,0.32041849456256394,255.66628353584446,0
11,304.31,0,1,0,0.15010030168420638,170.6785731741549,0
9,233.9,0,0,0,0.07879126505467937,328.39942189365536,0
9,2435.29,1,0,0,0.4222895779849361,395.9323847117628,0
15,303.06,0,1,0,0.3389729101123172,42.95613239413592,0
22,8974.44,0,3,0,0.5958225144498285,3.568788833447753,1
13,55.57,0,0,0,0.11762628439486993,81.16827078676988,0
5,1857.6,1,3,1,0.5780030935183984,0.3852306438260236,1
12,311.25,0,2,0,0.14278573633610828,8.483436190936956,0
0,1857.6,0,5,1,0.6511118922640274,2.7251010360934114,1
13,110.66,0,1,0,0.16111333923571003,57.78278643780482,0
12,344.85,1,2,0,0.09924435138675745,21.451093254617213,0
4,281.61,0,0,0,0.07804497447176692,201.81834625342248,0
16,379.94,1,0,0,0.36886123584566505,68.34883232200825,0
16,619.37,0,2,0,0.19843557790345004,155.03521954230192,0
5,373.77,0,0,0,0.33014288419886484,99.77849545290465,0
15,224.29,0,0,0,0.148052091896692,704.9990643664701,0
23,8974.44,1,1,0,0.8416687239305646,16.381677127268038,1
12,308.45,0,0,0,0.03321293632444871,121.52936790576551,0
16,684.29,0,0,0,0.17052133404442238,23.282633516310582,0
20,624.3,0,0,0,0.14729465244951875,3.848300900327927,0
22,479.04,0,0,0,0.020209564072235276,611.8175774238626,0
15,514.71,1,1,0,0.13358237038536774,89.5217484876211,0
15,607.44,0,0,0,0.15533066966168094,417.9660809485921,0
13,1072.55,0,0,0,0.16073505063923935,356.3107790866256,0
15,86.04,1,1,0,0.17731436335922968,100.81811608036115,0
12,395.58,0,0,0,0.15867966687950458,157.7685699127343,0
17,216.7,1,0,0,0.30531897041748374,520.0902203703668,0
14,489.56,0,1,0,0.09900453019738784,179.40230315111774,0
16,65.06,0,0,0,0.15924026936392605,67.66674992783568,0
14,2278.62,1,0,0,0.199954619171944,220.9225542676462,0
14,5426.38,0,0,0,0.09669425289424347,51.41743351210167,0
20,1078.85,0,0,0,0.006967951832187066,3.990575655925706,0
17,601.92,1,0,0,0.0580476550394269,123.30703091631698,0
14,495.51,0,0,0,0.003719377594193475,129.79690045899903,0
15,345.83,0,0,0,0.012872941096745279,144.22370238263082,0
12,240.36,0,0,0,0.004116855954795728,1.8932369349008211,0
11,371.83,0,0,0,0.07228395889624381,164.86220070145401,0
13,248.34,0,0,0,0.1608062622444689,201.9940427061222,0
12,204.35,0,0,0,0.2140235795994814,319.52346697346053,0
16,465.0,1,0,0,0.05634809748881842,28.930344497899032,0
13,378.68,0,1,0,0.04927911556779259,138.0130607024026,0
21,478.35,0,0,0,0.07100261427628633,94.25316331964032,0
12,2857.49,0,0,0,0.1451269103608855,111.07065164307292,0
7,833.84,0,1,0,0.07953959066619996,4.4106887883864845,0
16,468.69,1,1,0,0.3720154767763291,25.845083841585136,0
10,338.63,0,0,0,0.6323820965517983,36.604550040755086,0
16,663.58,0,1,0,0.14040545228933907,113.3593224630254,0
14,687.19,0,1,0,0.07349798399739232,447.9660933885053,0
16,791.29,0,0,0,0.12430214336681379,152.64947924373362,0
16,2984.62,0,0,0,0.09761059782676541,129.3669670078331,0
12,521.69,0,0,0,0.2132733348838018,283.9343058654718,0
5,62.0,0,1,0,0.08333944172508505,291.0329982093943,0
17,1462.16,0,0,0,0.06847021638099123,595.8248616126623,0
11,441.26,0,0,0,0.28533561585238887,13.141032105423445,0
12,210.17,1,0,0,0.0793803006050425,209.56926861077858,0
18,128.26,0,0,0,0.061091872327329946,135.8194355118261,0
10,1252.5,0,2,0,0.06926174009743562,197.268244553187,0
12,484.1,0,0,0,0.035111811804478324,110.66851639531795,0
23,303.35,0,0,0,0.023429929676075007,174.6105177266573,0
18,411.53,1,0,0,0.21087365206962352,494.2368647083723,0
10,328.99,0,1,0,0.1562808503550395,332.68781780373536,0
15,2327.87,0,0,0,0.09923385119467056,394.8431026830106,0
13,964.69,0,0,0,0.22562532104995942,5.9720880182304095,0
18,326.83,0,0,0,0.05893158335254222,128.6041893542146,0
12,127.85,0,0,0,0.12058464267749085,106.13901817369111,0
11,275.14,0,0,0,0.12084099962919893,59.08440578688058,0
15,1104.81,1,0,0,0.07190708959031303,145.7915582398436,0
20,602.79,1,0,0,0.1544178589258234,76.87497095801417,0
22,1342.06,0,1,0,0.05850024633204184,87.49636002077682,0
16,236.01,0,0,0,0.05237484811955909,12.999613953051071,0
16,2118.81,0,0,0,0.10927342424745796,85.38022990375521,0
15,253.54,1,1,0,0.1085508998913282,98.65678603563667,0
11,212.46,0,1,0,0.08451139251054303,45.268362495988434,0
13,233.76,1,1,0,0.09839861317880699,208.83736789286104,0
7,329.66,0,0,0,0.10187808154853864,66.78104598605326,0
14,240.47,0,0,0,0.12874152083580115,95.10202653313192,0
13,1177.3,0,1,0,0.2352679363185979,71.24597242301721,0
12,280.52,0,1,0,0.12886336176733182,19.53376220411453,0
20,112.35,1,0,0,0.0736310980639732,46.46855360185958,0
9,293.26,0,0,0,0.056810891348036005,221.06213511930332,0
14,458.57,0,0,0,0.07883222937098205,148.09375073614757,0
10,633.03,0,0,0,0.11641560233608508,34.40398946428758,0
3,358.91,1,0,0,0.08501633574212897,351.99124479514876,0
8,700.6,0,1,0,0.08610500586464741,9.591850597946575,0
12,171.42,0,0,0,0.3218665542521151,26.074570565885402,0
11,483.16,0,0,0,0.14615256020094286,112.40831083224823,0
12,173.12,1,1,0,0.132385297979092,205.2976360047455,0
10,1752.84,0,0,0,0.25712231979768035,9.869742077218104,0
23,951.49,0,0,0,0.05716798442032015,213.4359449911007,0
22,370.33,0,1,0,0.1963191037227112,79.81130591730926,0
18,7778.28,0,1,0,0.3311303590855086,45.38987981109188,0
8,105.52,0,0,0,0.16836000371411497,113.92756476946049,0
11,294.26,0,0,0,0.07393006141212743,21.70654497119335,0
18,136.7,0,1,0,0.026170766349873708,109.3299573562194,0
23,4823.39,0,3,0,0.7729688327192008,4.303483976318731,1
13,1739.21,0,1,0,0.27411442057231367,157.5091959539225,0
15,130.07,0,0,0,0.07064508992204083,101.91524517377216,0
18,215.87,0,1,0,0.06895934239103267,168.03149505944927,0
12,397.65,0,0,0,0.14163961214338594,46.32858990664436,0
23,153.66,0,0,0,0.2921304033780018,120.93739060143011,0
10,48.76,1,0,0,0.043597797992526305,259.1019502994649,0
5,56.46,0,0,0,0.23410974456143924,136.8504058878186,0
8,240.99,0,0,1,0.2631601807596081,9.087130616774884,0
18,363.81,0,0,0,0.054506367017778196,85.96208478148127,0
18,215.67,0,0,0,0.2430874468832321,44.28760410130961,0
4,372.6,0,1,0,0.2580778269579976,59.5767908895545,0
11,319.42,0,1,0,0.02789666599365674,436.99852223770216,0
13,559.89,0,0,0,0.3000161344790625,30.97874959907713,0
20,525.62,0,1,0,0.4975974899206837,11.830956135292693,0
12,132.62,0,0,0,0.4754724832386661,434.7179353107374,0
13,1461.86,0,1,0,0.1438208365059396,8.380519686737358,0
6,908.23,0,0,0,0.08458790716636652,175.06063950816358,0
17,1164.06,0,0,0,0.20182890970639256,102.54728660506541,0
15,174.23,0,1,1,0.22701260008087693,157.9337865036306,0
13,1172.4,0,2,0,0.027484461046288645,143.01324103503177,0
23,2095.44,0,0,0,0.1909724565198326,159.56963393788854,0
4,4823.39,1,4,1,0.8733133694287413,10.745115177033329,1
2,893.3,0,0,0,0.24397644456744472,400.1215606045205,0
22,300.15,0,0,0,0.06151752553949784,97.55632807477438,0
15,480.72,1,0,0,0.09019822604069834,547.7025700280335,0
4,714.73,0,0,0,0.046883473910797904,648.1689887093996,0
21,1223.08,0,0,0,0.22255575956740511,43.223930356012076,0
16,148.96,0,1,0,0.08679784490970754,102.44730208155552,0
17,204.92,0,0,0,0.13246714121482558,478.65446534216045,0
10,628.48,1,0,0,0.01003398549862474,350.5609194272647,0
21,166.19,1,0,0,0.1537740876568911,327.85621017165835,0
12,98.29,0,1,0,0.41912760125075277,305.59316319633507,0
12,164.34,0,0,0,0.23830728611656612,66.05384208200572,0
2,592.03,0,0,0,0.0763429300128025,615.7831225588799,0
8,198.72,0,0,0,0.1591933990835234,144.86263644326488,0
10,203.93,0,0,0,0.009034876824114456,30.832853432967184,0
3,1857.6,1,3,0,0.5556865802582869,1.9031717445883087,1
18,453.67,0,0,0,0.11221119328321405,131.80156563278052,0
15,603.15,0,0,1,0.1203445502312305,335.33674902266273,0
20,2643.48,0,0,0,0.1468816205071218,67.14612045897871,0
8,94.34,0,0,0,0.1754854115110081,181.66489403979966,0
1,1857.6,1,0,1,0.7063646094597014,10.226695249502828,1
13,384.28,0,0,0,0.27607954796976186,326.8341317003644,0
18,129.44,0,0,0,0.19525089628301798,78.55406326840814,0
19,52.11,0,1,0,0.17359317543360428,542.4282739445869,0
9,248.23,0,0,0,0.05702342021089887,68.8871994972802,0
1,8974.44,1,7,1,0.6536354295246786,20.163230072713517,1
9,197.1,0,0,0,0.061314133643009174,372.54098305858025,0
18,1540.07,0,0,0,0.24968689775832276,212.14852557670878,0
13,2570.77,0,1,1,0.1396523295257142,68.91529850415304,0
21,167.41,0,0,0,0.3543660469876492,68.84954970037033,0
21,107.62,0,1,0,0.1049899310646421,473.1120175944872,0
15,328.14,0,0,0,0.19351936120896948,71.88661910374526,0
8,2836.22,0,0,0,0.029954777487233155,39.52294869261941,0
10,1431.9,0,0,0,0.49947848621161456,16.880711243056336,0
16,94.23,0,1,0,0.1597178795814152,21.05882950600687,0
19,675.92,0,0,0,0.3305950087323527,177.89233042558573,0
12,2079.62,0,0,0,0.07661854446342485,658.1498087012639,0
17,161.66,0,0,0,0.24518759646891128,241.78597610927582,0
23,434.33,0,0,0,0.21085185207468035,8.94362557289459,0
18,1537.91,1,0,0,0.14487237832362015,64.13364101328828,0
4,358.6,0,0,0,0.09809537914509135,121.65082028065554,0
15,467.67,0,0,0,0.15738568900449745,46.08564114248804,0
23,107.45,0,0,0,0.20052626069529708,80.93203839558157,0
22,4823.39,0,7,1,0.5380462552960267,24.991038070155515,1
10,273.83,1,1,0,0.12560812294259044,167.74765322374012,0
9,444.32,1,1,0,0.014772658955549935,403.9707395526582,0
23,1295.69,0,1,0,0.0676676234238254,351.98728037241085,0
23,683.14,0,0,0,0.38697343479234103,116.18550469952004,0
18,76.06,0,1,0,0.22183026236278222,133.05190929675814,0
16,317.34,0,2,0,0.14973957559637843,197.69461015955338,0
20,7507.39,1,0,0,0.10457349067990585,21.78389248057687,0
23,783.06,0,0,0,0.1232196870279809,518.2414794915211,0
19,484.05,0,0,0,0.046191610414263055,26.247852422634704,0
18,259.44,0,1,0,0.08307318880179743,87.2883058866301,0
9,391.0,0,0,0,0.07568545444624819,258.3782249166295,0
12,1411.28,0,0,0,0.06316687331686988,160.11860889164734,0
19,81.38,0,0,0,0.1684471340484637,126.21254180427795,0
14,116.09,0,1,0,0.12461999900630465,314.7776841475169,0
8,336.73,0,0,1,0.2624126076106212,198.80110041075002,0
10,291.24,0,0,0,0.24259696023856836,31.013410196817013,0
14,222.43,1,1,0,0.17332719660838583,108.53343968970148,0
22,603.75,0,0,0,0.019742954620967288,262.3119018025314,0
12,375.47,0,0,0,0.06271504356279493,1.1329366530641365,0
22,1857.6,1,6,1,0.9352406690875079,16.212263736429062,1
14,496.91,0,0,0,0.14305573099019972,192.3270747127024,0
8,178.78,0,0,0,0.07738638160052531,169.25669432535662,0
6,451.35,0,0,0,0.3343376673775916,54.69628465189912,0
14,28.36,1,0,0,0.12431390347764171,1127.8683412243618,0
4,105.28,0,0,0,0.06571593316841558,286.5696314183741,0
10,616.65,0,0,0,0.14639730927865366,166.6715186067682,0
12,64.85,0,0,0,0.24400155407673962,277.3881995026656,0
8,185.52,0,1,0,0.07399545214714387,356.18303435536586,0
13,2901.82,1,0,0,0.15173483741309668,134.11765344781182,0
17,507.94,0,1,0,0.08155816465430153,280.4268298788547,0
12,739.1,0,0,0,0.2711301949522745,217.66626708614552,0
16,183.05,0,0,0,0.1316725542089833,63.11427497417102,0
16,1045.76,0,1,0,0.22444560789453008,96.32962442579311,0
12,793.75,0,0,0,0.21346701849865665,21.887610774274652,0
13,1650.69,0,0,0,0.16673735780922805,36.541392554575786,0
14,656.52,0,0,0,0.18633624488342604,170.59924011650622,0
10,1482.45,0,0,0,0.03850312726572949,319.6955161615167,0
6,70.71,0,0,0,0.07662393800889235,170.26144373459093,0
9,1284.33,0,0,0,0.06591412080187155,283.0932478739324,0
7,83.65,0,1,0,0.2222163070290746,237.2760179547337,0
15,345.5,1,1,0,0.032060723535346926,65.67446349070713,0
13,63.77,0,0,0,0.08800608267075538,422.67013322258714,0
15,330.75,0,1,0,0.03792536947254833,84.70876456549395,0
17,144.13,0,0,0,0.02478774639168993,97.10012149529993,0
12,66.69,0,2,0,0.017988650205670656,49.252100475666914,0
12,697.52,1,0,0,0.24062167640084228,719.9982438172829,0
13,416.36,0,1,0,0.06206762383515851,45.47565687772971,0
17,456.04,1,0,0,0.04156117791478679,27.793325276535583,0
15,256.3,0,0,0,0.04403536235905307,3.901567259613926,0
19,236.28,0,0,0,0.3003328756325841,132.47045491395917,0
12,402.14,0,2,0,0.06859694499767827,214.75027695766823,0
21,103.61,0,1,0,0.0517992699926318,309.66332909852514,0
11,264.38,0,0,0,0.08386209116935633,109.23997865484849,0
17,326.43,0,0,0,0.05544708753073742,120.38362691471188,0
17,897.06,0,1,0,0.09867021958289768,82.42989207844766,0
23,265.72,0,0,0,0.34743683784163226,475.73849563299086,0
11,1592.54,0,0,0,0.0864565001989848,712.7950156071835,0
6,501.16,1,0,0,0.04148527936827813,348.17484129413816,0
13,481.09,0,1,0,0.12589215427227957,94.33928985898322,0
10,346.55,0,0,0,0.2639062227203616,302.0160611493403,0
8,1085.89,0,0,0,0.22199582066430687,45.08058278092968,0
19,1703.42,0,0,0,0.5363010034983725,116.00630812776829,0
10,118.95,0,0,0,0.30537130495953163,109.43481132216837,0
18,114.9,0,2,0,0.43933047477357484,54.125317033445796,0
12,715.26,1,0,0,0.12820915231931915,43.21430596552128,0
15,102.81,0,1,0,0.4529616319421834,1.0,0
6,280.49,0,0,0,0.03237004037015792,21.804694911646667,0
7,165.44,0,0,0,0.10111189616865562,36.26037985128522,0
14,529.72,0,1,0,0.06881657948127166,183.25587239318423,0
14,128.07,1,2,0,0.38343494496259667,256.76081769569373,0
11,135.12,0,0,0,0.07542563574711333,12.644996928201516,0
14,134.34,0,1,0,0.13697062049240266,27.138051977532783,0
14,2097.47,0,0,0,0.12444771798068832,377.79890180785645,0
13,2024.89,1,2,0,0.018772965831134355,101.34769257722273,0
14,192.04,0,0,0,0.1438681179531725,7.135720749590824,0
15,349.04,0,1,0,0.23706360667587167,170.58158985436066,0
23,513.06,0,0,0,0.313096470837686,151.59135605246726,0
10,401.74,0,0,0,0.04785803340733298,257.51205386548264,0
11,222.99,0,1,0,0.13078031536883156,179.13440055803486,0
7,2104.27,0,0,0,0.2789976620121579,16.101303397196208,0
17,750.54,0,0,0,0.04301227362389189,480.95626228455154,0
8,647.64,0,0,0,0.1993925704029777,15.523392401697262,0
15,388.83,1,0,0,0.11063099138794222,34.23490820776935,0
9,355.81,0,0,0,0.13383243323912097,115.64448053964325,0
17,5263.69,0,0,0,0.094765419002782,501.2191597737976,0
15,507.25,0,1,0,0.07987389857144093,403.4955250227698,0
17,111.39,0,0,0,0.10830707429208021,55.038248452638115,0
8,989.13,0,1,0,0.07037212532005782,162.46127764463964,0
11,267.67,1,0,0,0.3064806707027477,389.66217838180046,0
10,394.82,0,0,0,0.10925751826562248,337.1848039093677,0
13,875.33,0,1,0,0.06270013311426421,526.9918692486335,0
9,78.84,1,0,0,0.08644798696250836,47.712262795510746,0
9,226.96,0,0,0,0.1114799152108324,228.94327241518266,0
15,1624.78,0,0,0,0.08097323524849571,35.55183267486369,0
15,363.34,0,0,0,0.0824205584897055,148.47216547620602,0
17,296.74,0,0,0,0.045675480134239756,28.924086272476647,0
17,111.31,0,0,0,0.335192740951181,276.17335872271553,0
4,267.81,0,0,0,0.048510104603070044,95.85724127179734,0
12,529.59,1,1,0,0.08603116376474026,3.494762840807921,0
10,433.82,1,0,0,0.1254317580878551,222.55620935020573,0
5,601.77,1,0,0,0.15912386178269333,69.94209412861775,0
17,325.07,0,0,0,0.0597130768512025,24.640832072343038,0
4,575.74,0,0,0,0.2575945187509456,370.59360312363225,0
6,328.81,0,0,1,0.13910549408447534,412.7827636779592,0
14,233.57,0,1,0,0.24476291354364532,100.29984010455279,0
4,2328.75,0,2,0,0.14214733359529308,22.66571257874285,0
14,433.93,1,0,0,0.2203524070475801,32.217562907425524,0
23,167.12,0,0,0,0.3137525540106455,139.8880261840494,0
13,548.42,0,0,0,0.060504824609257095,305.69619672341344,0
3,445.99,0,1,0,0.16241291773194394,6.352812763642185,0
13,1323.91,0,0,0,0.29667998521872246,400.5753767788552,0
12,3522.22,0,0,0,0.13385544855329426,66.75596101883006,0
12,170.06,0,0,0,0.030686977829532558,49.53492359351702,0
10,79.67,0,0,0,0.129927431206238,21.638127413846476,0
15,1530.14,0,1,0,0.1347654586635456,56.427528252285235,0
12,2162.48,0,0,0,0.048777492165802454,194.0598181064167,0
17,445.59,0,0,0,0.3354868451921283,43.55601307826548,0
9,399.12,0,0,0,0.19320810906764047,142.5515540131352,0
11,1199.51,0,0,0,0.05288972520638029,134.60350114245557,0
19,537.13,0,0,0,0.4444795157203459,89.57241993134173,0
11,204.85,0,1,0,0.14226194596096442,266.15237336317267,0
15,303.31,0,1,0,0.42672325679852624,290.88909248008406,0
11,641.76,0,2,0,0.21222754947020833,222.84378479981908,0
23,237.81,0,0,0,0.2354179279086461,1.0,0
12,503.26,0,1,0,0.13802297799965413,179.81429576982393,0
13,638.42,0,0,0,0.12036039448253759,79.22163905306203,0
21,193.36,1,1,0,0.1330652872488581,66.53528715657774,0
12,80.16,0,1,0,0.2114921086068407,109.20908729528318,0
8,201.18,0,0,0,0.18009910387735817,205.6800063583777,0
13,274.77,0,0,0,0.31105504078675245,117.5153126757231,0
23,116.13,1,1,0,0.16234063670068402,210.24198832452282,0
23,225.88,0,0,0,0.06666514224328059,96.79897391951127,0
18,1186.1,0,0,0,0.01908511120597889,68.87412237939213,0
8,466.85,0,0,0,0.18841386985257808,606.7716834438082,0
2,335.9,1,0,0,0.1735410822708107,68.42124771007867,0
10,1039.87,0,0,1,0.2308704521363428,377.79286474692873,0
11,593.95,0,0,0,0.04634444957403536,489.313521973404,0
23,187.87,0,0,0,0.2267423486641529,219.1785973197406,0
11,767.82,0,0,0,0.15327958466818495,374.37780936525036,0
16,1046.5,1,0,0,0.043200647613525885,1.0119642767018946,0
18,908.69,0,0,0,0.4316710104068131,571.7419719960184,0
23,1857.6,1,2,1,0.7484736801135249,0.8104237327045805,1
8,967.37,0,0,0,0.11107746294480561,439.5923129005078,0
16,222.22,0,0,0,0.013837641320164054,85.80437485876571,0
12,123.74,0,1,1,0.19927084147344376,57.53276298563865,0
14,977.44,0,1,0,0.022863797939669025,24.811558013345213,0
8,186.02,0,0,0,0.018474951194605956,38.639152438952415,0
12,759.32,0,0,0,0.25702772979368016,345.5847809893315,0
13,266.53,0,0,0,0.06967510764300795,215.80095640742437,0
12,152.79,0,0,0,0.11091445988037424,159.40385268240325,0
14,220.07,0,1,0,0.15940177079132517,88.1708925000527,0
15,183.5,0,0,0,0.27014426729347146,310.4731511285648,0
15,254.15,0,1,0,0.08923679505147794,113.18480364152043,0
17,308.03,0,1,0,0.009790220498489625,22.709327316138634,0
4,565.64,0,1,0,0.23634931766991868,126.23594587531029,0
14,175.88,0,0,0,0.18683332664702848,43.822596644182845,0
21,933.63,0,0,0,0.06250527696887859,2.479360610153643,0
12,264.67,0,2,0,0.16143393187464022,26.73845554810617,0
12,786.33,1,3,0,0.24975885169250728,471.76667253329487,0
15,294.47,1,0,0,0.167660017635545,291.0134609661358,0
23,682.11,0,1,0,0.08564010268335863,139.635180913174,0
6,69.78,1,1,0,0.0679871186554614,19.545840840571387,0
15,384.95,0,0,0,0.40003010705842096,294.7255073431883,0
8,664.8,0,0,0,0.062132297859101016,721.6143086272166,0
10,284.79,0,0,0,0.1088854213830253,855.3543196421103,0
22,810.48,0,1,0,0.2988868432841549,93.7156920154965,0
1,1857.6,1,4,1,0.6858508769613574,36.137289970173676,1
11,597.54,0,0,0,0.13138484498610006,39.94277040826433,0
11,620.34,0,1,0,0.048656941052862286,51.44810399846775,0
11,683.47,0,0,0,0.037921127251783454,307.873199476614,0
18,510.09,0,0,0,0.12284274730818358,130.23770049642215,0
11,1086.65,0,0,0,0.22125269297894273,3.687299287896449,0
4,201.01,0,0,0,0.22656712552151043,449.49330759804315,0
9,733.47,1,0,0,0.04197928778444092,65.97158315039457,0
13,424.05,0,1,0,0.04018990861155392,112.21604395795316,0
15,87.42,0,0,0,0.1516588138967399,401.66985436484015,0
11,1016.61,0,0,0,0.12769266869785295,248.0558856703634,0
18,761.9,0,0,0,0.08307978027684837,178.83282558238014,0
7,1219.78,0,1,0,0.28271568655042734,81.49042875854079,0
23,1857.6,1,2,1,0.9071613235627901,7.802379987271185,1
14,362.29,0,1,0,0.050708607669798046,269.0401700560988,0
19,505.55,0,0,0,0.1285020220236898,677.5152448102049,0
13,539.61,0,0,0,0.06128692532150961,8.014717177021591,0
16,467.31,0,0,0,0.06610944594752072,265.3159485143045,0
11,33.0,0,1,0,0.10792775184469561,153.61138783056322,0
23,1858.24,0,1,0,0.362686915718649,41.201251016394565,0
14,704.83,0,0,0,0.19648813978338175,129.7983927138266,0
20,163.91,0,1,0,0.4188005151862186,34.743101482406566,0
12,348.79,0,0,0,0.24412715954551567,144.33596101784445,0
8,146.67,0,0,0,0.053356998403031965,443.4714320677463,0
11,184.52,0,0,0,0.20809359830854124,32.856260469191376,0
18,300.38,1,0,0,0.024658676907368046,308.9715439368968,0
10,514.74,0,1,0,0.010571328130580955,60.851133971507544,0
11,73.97,0,0,0,0.269724432482441,103.77770023742588,0
18,637.43,0,0,0,0.26302050091417983,190.23380738552774,0
3,130.51,1,1,0,0.1320332946084662,730.9073494916678,0
0,4823.39,1,3,0,0.6932159362222517,19.238633650684143,1
18,385.34,0,0,0,0.42089221303489366,192.02731040150627,0
10,148.09,0,0,0,0.2619848735145131,34.58186220134977,0
12,409.9,0,0,0,0.12914734880842327,68.27120245945588,0
10,234.42,0,0,0,0.0455882346117826,3.0617420824314623,0
12,245.6,1,1,0,0.2542059251375747,28.007165914981694,0
16,349.33,0,0,0,0.33832289350808287,23.362906685645136,0
21,182.63,1,1,0,0.06990302460749465,5.04374093532059,0
1,142.0,0,1,0,0.30675214377815047,256.70665741265367,0
21,896.89,0,0,0,0.3274356419974101,144.49783656342046,0
8,385.4,0,0,0,0.36211455782773694,64.12536884156798,0
9,460.83,0,0,0,0.02899373530236571,106.05160226936803,0
6,252.25,0,0,0,0.2652586221120935,271.1910967507883,0
23,2634.72,1,1,0,0.06388033359788753,28.318529544210413,0
21,1370.28,0,0,0,0.24496900690863352,423.02251014002286,0
4,1321.96,0,0,0,0.13039145165399488,38.1814826472414,0
10,862.04,0,0,0,0.20366701283076596,355.59080126694835,0
15,379.67,0,0,0,0.09414262414281477,191.4305677463451,0
22,61.97,0,0,0,0.05011141084027886,108.69509942870899,0
11,984.62,0,0,0,0.13396664808217715,136.4859061487078,0
16,784.83,0,1,0,0.07622280922185297,31.075549721533694,0
11,279.06,0,0,0,0.13901886713005127,1.0,0
11,103.89,0,0,0,0.036103888756794385,757.4189500327677,0
13,704.1,0,0,0,0.09658328810517908,88.6631529201396,0
14,129.74,0,0,0,0.021485550098088873,276.99183242640834,0
14,393.71,0,0,0,0.03831149932791152,124.26449027867335,0
10,189.3,0,0,0,0.27071511934836723,94.4464578791108,0
18,515.16,1,0,0,0.2547723132515993,80.83893038211791,0
12,1176.43,0,0,0,0.14419677666192626,197.78611681173777,0
21,231.13,0,0,0,0.05548461566301078,283.5995175302886,0
8,183.0,0,1,0,0.4392129593445264,55.40049592443488,0
9,152.53,0,0,0,0.058192299547845217,169.4082775679987,0
12,261.23,0,0,0,0.18227306553139444,84.30024460698674,0
13,307.79,0,0,0,0.09194261442355155,81.94385381350708,0
11,259.8,0,1,0,0.2946263658260397,126.53730909385708,0
22,739.58,0,0,0,0.12890514830302524,20.846356260383867,0
12,125.06,0,0,0,0.025391637895152776,12.576289736095097,0
8,1170.49,0,0,0,0.23710317403108858,227.44434611572018,0
2,1857.6,1,2,0,0.3236010397486293,14.347603861852644,1
10,777.24,0,0,0,0.01906994963567254,104.75152771189765,0
17,140.87,0,0,0,0.029265511961415084,34.49326600351541,0
17,204.25,1,0,0,0.1649967512348321,322.9560169221795,0
13,658.96,0,2,0,0.5412236219401783,206.01669577309556,0
11,1127.47,0,1,0,0.14679918532959116,162.22449146959107,0
15,711.93,0,0,0,0.23714089354106913,357.1945501559791,0
23,300.78,0,0,0,0.08223303801703934,158.2945416673883,0
10,155.49,0,0,0,0.2644733675057697,240.93234837353347,0
16,217.49,0,1,0,0.29377050503657814,729.700862995489,0
13,365.15,0,0,0,0.12268026110996781,205.86886225402822,0
16,177.75,0,0,1,0.11480143617864687,17.301248723063377,0
12,282.06,0,0,0,0.0704426260191497,193.10479108684083,0
6,161.68,0,0,0,0.10081493016207305,101.52612320113822,0
23,303.37,0,2,0,0.17993632145577232,187.66695511911135,0
14,317.57,0,1,0,0.1279708585590548,131.51925176633952,0
8,368.99,0,1,0,0.330613442738659,95.33186923555932,0
8,228.17,0,1,0,0.06101092099297857,110.16631527424217,0
15,1066.58,0,1,0,0.029206847114792853,20.32362118431046,0
5,373.88,0,0,0,0.1444857774527861,139.61960958330326,0
15,256.2,0,0,0,0.044872673027760934,129.16108365932084,0
6,94.18,0,1,1,0.33169949402820437,207.42887247895948,0
9,108.62,0,0,0,0.0660269060845743,53.90519729691822,0
8,77.89,0,1,0,0.1387944099710074,688.1512245012295,0
12,173.6,0,0,0,0.10922273655654086,5.309516876037187,0
5,4823.39,1,3,1,0.7987442230589697,13.243849909057102,1
3,309.55,0,0,0,0.01679976800907778,125.46246393579558,0
0,8974.44,1,4,0,0.8736235457960579,6.5759713917041065,1
19,902.23,0,0,0,0.18853218490004614,94.90352846953894,0
13,142.24,0,0,0,0.23692748227560292,559.6199597631278,0
6,253.13,0,0,1,0.09256395135141682,161.59746065625927,0
1,4823.39,1,3,0,0.6176648665533344,5.700069595333362,1
10,225.07,0,0,0,0.18019521673543543,82.64495755582885,0
22,8974.44,1,2,1,0.5819704356780283,19.54249985472677,1
8,1772.23,0,0,0,0.31104818961403496,102.27950426744789,0
11,1120.69,0,0,0,0.029387712655997232,79.1090007788338,0
8,662.21,0,0,0,0.08618388285872436,108.2540744949153,0
13,50.97,0,0,0,0.040960917812752684,199.52337074259682,0
9,280.24,0,1,0,0.3011237350211508,138.938596787959,0
0,770.8,0,1,0,0.08479695561660694,1.0,0
1,1857.6,1,3,1,0.702500720213861,1.5232289359143754,1
12,162.15,0,0,0,0.24240811744934423,22.265183336639115,0
15,871.04,0,0,0,0.14814065793342296,82.62961218563404,0
5,263.52,0,1,0,0.014490875284566567,173.2686695740518,0
1,4823.39,0,0,0,0.48241268609291216,5.48530280008319,1
13,521.43,0,0,0,0.1603401342321627,109.69302036233194,0
0,120.41,0,1,0,0.005796193985238401,6.9213673658952946,0
11,441.4,0,0,0,0.16343959932243557,504.4123929269814,0
13,262.36,0,0,0,0.05616672347128782,84.50960792377309,0
9,850.34,0,0,0,0.12606067214442448,307.89036661065427,0
19,74.61,1,0,0,0.09452382137258214,420.0653874839015,0
17,6807.82,0,0,0,0.23947583542872597,357.5244031438879,0
17,128.97,1,1,0,0.2872594944265854,313.9211393859824,0
8,95.67,0,0,0,0.08051620328699598,136.16259205760403,0
3,8974.44,0,2,0,0.8353639879845879,2.892723776638074,1
12,506.43,0,0,0,0.19419629467621966,347.05224897042154,0
3,199.56,0,0,0,0.24072409745217294,106.95879489988184,0
8,436.74,0,0,0,0.0463175179941871,30.34623532002585,0
9,1207.73,1,0,0,0.048054239318126836,32.08421442500686,0
13,714.23,0,0,0,0.1439221767892759,225.24338170932873,0
14,516.54,0,0,0,0.08990639425481961,315.683839698058,0
16,2344.08,0,1,0,0.0341906586710658,70.32447623746619,0
20,1289.27,0,0,0,0.09477812968159588,11.806689909950064,0
18,234.12,0,2,0,0.03877012789641414,83.28596656996196,0
13,390.54,0,0,0,0.4822946828508502,500.78165601736856,0
10,324.67,0,1,0,0.07655043167903468,337.72663967272416,0
4,1526.81,0,0,0,0.15864252560948638,109.66401375406743,0
13,65.98,0,0,0,0.11235533866355787,220.47347878021029,0
15,308.94,0,0,0,0.3270394557082062,243.96497626640553,0
11,415.94,0,0,0,0.03533887175544589,556.3647850033246,0
19,368.62,0,0,0,0.06498731808909708,533.5077080053511,0
18,406.72,1,1,0,0.035347525012851884,41.692381479534696,0
13,664.48,0,0,0,0.10603504450010161,578.3054661715415,0
10,321.07,0,0,0,0.12987841132978808,1.0,0
10,3610.88,0,0,0,0.2048363381154269,264.8025357187894,0
9,187.97,0,0,0,0.11851615627691893,299.37319374970645,0
0,4823.39,1,3,1,0.4679364415657725,5.979434532558389,1
23,4729.03,0,0,0,0.15397792009455533,11.131763050276076,0
20,44.24,0,0,1,0.06680442747818016,22.247567965635568,0
16,488.58,0,0,0,0.09939635793872374,404.9565377876222,0
22,192.73,0,1,0,0.12248678970616131,672.321155877149,0
22,1857.6,1,1,1,0.5739129725884773,21.783052680244865,1
10,298.07,0,1,0,0.10256499863504177,184.34577782352451,0
19,37.08,0,0,0,0.06105286737793799,8.189995889382372,0
9,612.99,1,1,0,0.11162749539407475,181.9438372722612,0
16,398.34,0,0,0,0.08624979473674783,197.60695108490503,0
14,1945.33,0,0,0,0.13832883373427937,60.90974451383281,0
10,1198.51,0,0,0,0.07576037949000707,13.796045189644696,0
15,478.9,0,0,0,0.03751644723196398,80.84329103558429,0
14,263.13,1,0,0,0.08166840482856857,55.954158614772794,0
10,263.62,0,0,0,0.07892019572375045,21.270883444174093,0
0,4823.39,1,3,1,0.4841519862647944,8.475371681359736,1
6,253.2,0,0,0,0.10733950953106065,514.4521749673947,0
14,1326.34,0,0,0,0.03357023080550791,1.4059252468956294,0
14,143.34,0,0,0,0.036140694563686106,473.3614041441034,0
14,357.34,0,1,0,0.24962355684130275,1102.912039197318,0
12,903.54,0,1,0,0.04293337895204044,13.412869456120513,0
17,337.94,0,0,0,0.10966205802585356,54.08959786691044,0
21,218.92,0,0,0,0.17935038768477465,31.03506066626568,0
10,891.6,0,0,0,0.008975929094318782,1.0,0
12,617.45,0,1,0,0.15183946113111882,61.10687968671653,0
15,183.14,0,0,0,0.13585197600879134,261.90050732004505,0
11,1171.96,0,0,0,0.3008863344680025,54.70660318525599,0
21,1059.01,0,0,0,0.013907968140349801,351.3422609019962,0
12,775.89,0,0,0,0.0340415352067048,227.1058587121809,0
14,620.22,0,0,0,0.13567296432184797,231.10041651333205,0
16,88.32,0,0,0,0.045462771174074,95.06397307071435,0
19,165.01,0,0,0,0.20270581803844054,51.1301597867707,0
11,190.97,1,0,0,0.09733620773200594,86.47670224520354,0
21,737.56,0,1,0,0.15539820106208715,295.5139277647594,0
14,169.04,1,0,0,0.056900981346111636,22.249033127658134,0
21,333.48,0,0,0,0.013960116477940012,102.25475495296035,0
8,212.02,0,0,0,0.19419651333601665,29.10616305409255,0
13,1504.7,0,0,0,0.37466764478303255,49.377290627775764,0
8,267.3,0,0,0,0.035888680528450935,94.22688775962328,0
13,1242.71,0,0,0,0.10509993303904519,158.33458439719763,0
14,329.88,0,0,0,0.15103561340588884,61.24555424398379,0
7,1604.08,0,1,0,0.0510580249354645,129.47039277066895,0
5,1091.35,0,0,0,0.12193689326858413,1.0,0
9,112.11,0,2,0,0.4159913585998161,223.51872364379517,0
7,572.18,0,1,0,0.052369143780479396,208.09592513817444,0
16,505.79,0,0,0,0.16164033392159444,64.21975502258029,0
10,122.36,0,0,0,0.22775416300262635,56.60584201632871,0
8,321.24,0,0,0,0.12220525914132711,148.2159326759896,0
15,183.5,0,0,0,0.13605351828248963,67.93588591625509,0
8,80.89,0,0,0,0.12551681997308328,516.5549618863472,0
3,4823.39,1,5,1,0.621284372446858,4.393346471962782,1
16,1058.7,0,0,0,0.13393071332435097,104.2445727978788,0
6,4246.24,1,0,0,0.1281931208959282,259.9325187093939,0
9,864.31,0,0,0,0.11164040035961574,83.90472852799653,0
7,2120.09,0,0,0,0.26052194606625007,536.3030447312127,0
23,433.88,0,1,0,0.2678291325168282,312.36159688590186,0
11,1546.26,0,0,0,0.09645889309958831,78.49663222439993,0
6,168.26,0,0,0,0.48148563480207945,109.54673985405775,0
16,322.45,0,1,0,0.40486143754074183,156.39323226860313,0
17,668.01,0,0,0,0.16830397782488168,459.0092252313639,0
10,352.98,0,2,0,0.21163396501806897,289.2364133793877,0
22,8974.44,1,5,0,0.8795193299929424,40.58277566047933,1
19,441.39,0,1,0,0.5396016219163312,48.06865612736419,0
7,112.64,0,1,0,0.1564395997513862,99.62307690506496,0
15,712.63,0,1,0,0.062474395060620025,702.4447273446704,0
17,1613.13,0,0,0,0.1100955596483177,827.4127744800761,0
11,359.45,0,1,0,0.1835795307644514,182.76843453180388,0
5,175.55,0,1,0,0.1409768124902287,131.43632461418994,0
19,698.29,0,0,0,0.3735492807796952,118.81339043309612,0
19,331.54,0,1,0,0.015224829637772488,55.35335606021892,0
14,387.34,0,0,0,0.4590268083111865,60.847088006929425,0
13,64.77,0,0,0,0.021702481647725064,85.7027612747377,0
11,110.59,0,0,0,0.11564419649549255,76.60568366778774,0
12,628.85,0,0,0,0.0817333651371089,196.61837674289384,0
9,263.58,0,0,0,0.13109619209660192,13.004696366381046,0
17,313.56,0,0,0,0.028135943691914078,153.15719942753498,0
5,1857.6,1,2,1,0.972400710320399,16.52933971837568,1
23,794.58,0,0,0,0.09601237168150022,51.55768905132893,0
17,557.22,1,0,0,0.6176297618739051,174.6267036124617,0
7,6172.32,0,0,0,0.09266173693376563,6.87505504775648,0
13,360.16,1,0,0,0.3839679464589643,196.7337626751077,0
12,270.82,0,1,0,0.16324771600302476,277.28315524344083,0
4,1857.6,1,0,1,0.7441282833875702,5.5312486246167065,1
15,432.88,0,0,0,0.12901501349555183,157.54915651042853,0
11,166.72,0,0,0,0.10588069630502207,136.00915341246713,0
11,263.67,0,0,1,0.1295308762241049,81.89836466901191,0
6,366.12,0,0,0,0.053549639365560606,1.0,0
5,942.34,0,0,0,0.23608746885816548,173.14886460734263,0
11,341.92,0,0,0,0.06563118572729862,45.70585123551554,0
7,120.52,0,0,0,0.1024957037032711,807.2155938175566,0
16,78.59,0,0,0,0.3110831198482205,318.600197822892,0
18,299.88,0,0,1,0.04211124207724554,63.186900120371874,0
19,74.95,0,0,0,0.027820612368527994,282.5691972002364,0
13,558.21,1,1,0,0.29031798399466335,218.01346278857224,0
10,517.96,0,0,0,0.11348951292789843,335.27325273576054,0
23,1272.08,0,0,0,0.07795353038672505,52.592383400701465,0
12,1151.68,1,0,0,0.3006957544560998,425.74337370832365,0
15,344.66,0,0,0,0.13798429031049148,67.05513090783091,0
8,339.21,0,0,0,0.1452562378842872,610.008699268878,0
19,335.9,0,0,0,0.086794689891817,124.25512813308309,0
23,1857.6,1,7,0,0.8454700469175299,25.83055407250927,1
9,222.95,0,0,0,0.30195384499062733,64.70039481171494,0
21,203.72,0,0,0,0.0441607379840441,17.49887823719836,0
17,378.73,0,1,0,0.11374748560882592,307.7934026158974,0
12,570.48,0,0,0,0.19192215921662342,160.23225731887695,0
10,403.57,0,0,0,0.05643942388523323,387.48267237999266,0
3,4823.39,1,3,0,0.7564324608658956,0.12287905329976168,1
15,650.05,0,0,0,0.016460523776233433,6.718761953926658,0
23,8974.44,1,4,1,0.7677083050926662,25.175939334688998,1
23,510.96,1,0,0,0.21636872551528236,211.0983026885751,0
23,47.41,0,0,0,0.17888934348499114,119.69081224653571,0
10,402.36,0,0,0,0.09586559956301888,170.36511466431713,0
21,320.21,0,0,0,0.009794547439395484,11.826217564031184,0
10,462.53,0,0,0,0.10868555811962752,156.8716061883147,0
13,58.03,1,0,0,0.08092154039996252,9.42523370935756,0
12,1980.0,0,0,0,0.0971654185806158,238.3657199191422,0
17,531.52,0,0,0,0.10692672028597051,43.781217766599,0
9,133.8,1,0,0,0.31562713423005845,294.9776868293969,0
11,167.28,1,0,0,0.2788811812844748,193.5725852936635,0
3,256.14,1,1,0,0.351494714856195,110.09619571388382,0
12,553.88,0,0,0,0.11569346996530845,256.1079644273013,0
9,816.63,0,0,0,0.07052402056602056,166.178318138061,0
18,2292.83,1,0,0,0.02020971226778318,12.904344817464775,0
6,836.67,0,0,0,0.4821086250494676,135.98739737680216,0
12,749.69,0,1,0,0.339804444797756,205.30178314346372,0
16,359.43,0,1,0,0.2843076808512727,59.19380934836019,0
10,412.79,1,0,0,0.4440227535922205,167.1757854693682,0
9,671.14,0,0,0,0.038566495057016384,136.241866878634,0
14,963.97,0,1,0,0.23790298006438132,723.4278597983947,0
10,313.14,0,0,0,0.1483169652945011,17.483009079723157,0
12,1741.18,1,0,0,0.050773712748188767,38.71097607561956,0
16,327.81,0,0,0,0.43960823346011585,198.75838497078547,0
5,4823.39,1,4,1,0.8775676112504185,18.42959888917851,1
10,1456.48,0,0,0,0.08075323468943549,164.1885286418876,0
22,573.41,0,1,0,0.11038050088848948,31.758149022973488,0
2,1063.2,1,0,1,0.05508165169885353,273.8659649509762,0
13,912.77,0,1,0,0.2761349040152809,400.39312402520045,0
21,730.44,0,0,0,0.10340778557555874,4.7168702573368,0
17,178.01,0,0,0,0.19006283463322549,339.44235621134976,0
13,215.05,0,1,0,0.28597253229240094,44.7800234797521,0
19,401.22,0,0,0,0.2630987103578209,515.1083704799777,0
17,309.4,0,0,1,0.05177150825459826,250.10514070412702,0
9,1588.52,1,0,0,0.023025501418550642,64.59526536095515,0
10,176.2,0,0,0,0.0066958307150034035,262.73419000310315,0
2,1857.6,1,4,0,0.4238610313765106,1.3332103126951564,1
15,783.46,0,1,0,0.23881155805364518,61.76609628326339,0
14,264.95,0,1,0,0.09767906378424795,24.79284701767656,0
10,760.48,0,1,0,0.2667396590626711,226.32918315463482,0
19,382.16,0,1,0,0.11549926412728483,32.90968121097181,0
10,3746.06,0,0,0,0.15184246519783615,45.0577692056828,0
13,1049.43,0,0,0,0.049970917237806736,544.0328557260341,0
12,577.58,0,0,0,0.051825934708410626,205.3704338435774,0
8,436.17,1,1,0,0.13790079624357182,71.46475382105602,0
14,439.33,0,0,0,0.048487165939856705,143.59675013131522,0
17,144.36,1,0,0,0.09884115574771693,192.02575610943214,0
14,289.69,0,0,0,0.12576483263107338,153.4204866647996,0
15,407.28,0,1,0,0.04626626860038164,96.49047153451606,0
17,1006.57,0,0,0,0.3065703837394145,164.1754552226568,0
6,142.92,0,1,0,0.2902249522511987,149.2097130751117,0
12,165.13,1,0,0,0.09027919484361496,189.5768132293062,0
11,113.52,0,1,0,0.07569037871517932,192.36873159753094,0
12,129.85,0,0,0,0.05062553426359237,77.85276915143076,0
14,163.35,0,0,0,0.19724476512581066,118.19968831302648,0
22,241.18,0,0,0,0.20529298313914035,96.68702882247922,0
11,307.28,0,1,0,0.17825908845120814,261.3140916822793,0
10,15.53,0,0,0,0.09364417099447661,136.55233103708727,0
12,64.05,0,0,0,0.06635094815046567,86.05578035757598,0
10,295.35,0,1,0,0.04648659452519822,127.37536990148706,0
17,47.48,0,1,0,0.26438790643473314,297.310333945747,0
13,3593.84,1,1,0,0.06138192451569953,277.2322674453627,0
19,462.43,0,0,0,0.4188738970176935,65.79959065029784,0
13,355.95,0,0,0,0.141937474718959,1.0,0
22,380.47,0,0,0,0.06828970056874613,32.33981765398907,0
23,271.5,0,0,0,0.1055423453162455,533.1802757976965,0
14,229.37,0,0,0,0.01862717949001318,13.368210663910977,0
4,348.86,1,0,0,0.07751698265996536,80.6619329955157,0
17,50.64,1,0,0,0.5136008455188615,105.8347838801053,0
15,432.57,1,0,0,0.07416353325740326,18.672241915338617,0
22,219.08,0,0,0,0.029947727221383943,279.6682939396294,0
5,1032.2,0,1,0,0.11047090989750447,24.451548980317636,0
18,902.35,1,0,0,0.433592267900742,107.76442788155116,0
12,290.3,1,0,0,0.09593310552615646,437.4076415064241,0
13,72.5,0,1,0,0.313570668130007,169.3685890555101,0
18,486.16,0,0,0,0.22329642474395736,324.6185502582866,0
17,175.87,0,0,0,0.10985940707183013,116.42333387916024,0
17,197.7,0,0,0,0.04551311923758419,181.38600445957337,0
16,2502.35,0,0,0,0.16911396739524964,29.78484595774115,0
15,354.8,0,0,1,0.01728021725476324,11.381981853775802,0
10,296.59,0,0,0,0.23546487299954377,141.09254802101648,0
10,418.68,0,1,0,0.011094520401215932,136.799595851369,0
13,184.5,0,0,0,0.21429524782747666,84.27191273127424,0
21,625.69,0,1,0,0.16265602510167365,99.17761290133319,0
10,307.66,0,0,0,0.22670583344947373,87.42053671423952,0
13,41.73,1,0,0,0.29745624959717576,119.18749786651874,0
17,735.16,0,1,1,0.14778639457998377,171.92541938325567,0
12,572.18,0,0,0,0.08747359998610536,111.35311412263576,0
22,8974.44,0,2,1,0.7186107324358693,7.225315642634612,1
1,1857.6,1,2,1,0.8359470881540206,2.589957647387641,1
7,229.88,0,0,0,0.2959760197205286,2.3828612393094017,0
17,282.37,1,1,0,0.019892005155980087,269.62562110928724,0
14,259.58,0,0,0,0.041616674963329874,150.77477014530044,0
4,100.53,0,1,0,0.16123029076030707,61.15470520373854,0
8,323.23,1,0,0,0.596302298215239,17.428753997061868,0
5,256.92,0,0,0,0.3089737481002038,403.7506738633006,0
14,1106.99,0,1,0,0.11887826048923386,2.3836731024644386,0
9,180.72,0,0,0,0.09012267528687809,46.73161998894935,0
11,220.63,0,0,0,0.0790819768341498,160.53893194474415,0
21,96.12,0,0,0,0.07973399557041416,169.25358808503856,0
15,1212.89,0,0,0,0.3053669491184458,77.6932403158781,0
20,609.37,0,0,0,0.1629423872612562,533.5122913134198,0
13,366.67,0,1,0,0.1584450015255639,75.18450755136865,0
17,233.72,0,0,0,0.15937585106094573,62.75021754050202,0
13,165.3,0,0,0,0.39486597538249407,152.0466217751925,0
14,459.99,0,1,0,0.004788470618301024,80.93870772926759,0
20,32.72,0,0,0,0.09181827615999251,107.60227036776071,0
13,524.77,0,0,0,0.09561428307146189,172.25691828363273,0
23,200.34,0,0,0,0.017943132986317185,109.77198672572933,0
16,229.14,0,0,0,0.11592447455746609,329.1415242147681,0
6,3769.63,0,0,0,0.14861923795470228,99.63956861087892,0
5,849.98,0,0,0,0.13307126541290118,106.54137106361824,0
12,149.73,0,1,0,0.22704544131474375,188.52255029943984,0
13,221.63,1,0,0,0.12829975197268056,374.5805384982851,0
15,355.13,0,0,0,0.1865655938557676,265.68280846347403,0
12,276.26,0,1,0,0.10577352666042074,318.84791657549926,0
18,234.71,1,0,1,0.02719717713151974,98.00353885359831,0
3,943.12,1,0,0,0.12919066934420573,83.03421726328966,0
10,263.12,1,0,0,0.09373767883628605,4.175252126951348,0
21,140.6,0,1,0,0.20789058782793104,102.48473701926223,0
13,2092.27,0,0,0,0.0714704927491412,314.2895834446018,0
14,184.33,1,1,0,0.15731093076307892,108.76425902957246,0
19,439.39,0,0,0,0.025230198104089333,126.41137985439296,0
10,742.47,0,0,0,0.045308435409518684,227.68809688591966,0
0,1857.6,1,5,0,0.8418596358219096,11.099430404259996,1
12,425.53,0,0,0,0.08502927792845488,27.578336597359453,0
11,108.14,0,0,0,0.12885900647094234,62.98597656831262,0
12,130.38,0,1,0,0.12459036413560828,33.294067345934735,0
14,564.23,0,0,0,0.11475691072964081,119.97906689651771,0
16,1618.41,1,0,0,0.13366188513071423,336.9629420650937,0
17,587.39,0,1,0,0.14293315699730744,78.62668114867063,0
2,1060.13,0,0,0,0.05389060090127407,1.641991229891747,0
10,685.68,0,0,0,0.07424177118750426,203.45352548336504,0
17,189.28,0,0,0,0.05760784301117408,203.1815809797913,0
21,1912.38,0,0,0,0.17797253842005806,961.4212216853383,0
14,803.05,0,0,0,0.014434575989681184,8.90550759918537,0
22,182.96,1,0,0,0.16584366922652688,298.4383324281294,0
18,287.64,0,0,0,0.032663306725488034,33.78503655044513,0
8,4905.99,0,1,0,0.12609929554770943,37.76104689955388,0
19,177.23,0,0,0,0.047871648361686815,24.53247808838867,0
6,685.78,0,1,0,0.3674187035801623,35.9737777550007,0
10,1996.49,1,0,0,0.06246625404381316,244.90171776175376,0
6,892.96,0,0,0,0.16247122784246193,236.98995465347852,0
16,3034.71,0,0,0,0.047418524346836716,120.00640648304127,0
22,1074.4,0,1,0,0.1393317063127831,81.26529333487399,0
5,61.63,0,0,0,0.15784521095800785,23.172500549956798,0
4,194.72,0,0,0,0.023231876140813863,22.0390438328917,0
11,89.89,1,0,1,0.06625159065352841,308.968382479583,0
8,354.28,0,1,0,0.11358972620835049,208.79768791158966,0
2,1857.6,1,2,0,0.31167577615307446,6.347209845789964,1
17,169.05,0,0,0,0.14535173531224782,186.46643384369617,0
12,101.14,0,0,0,0.3293008051920632,308.98733655748237,0
11,190.84,0,1,1,0.09570787473610529,29.55352384392903,0
18,429.64,0,0,0,0.0041408876386601345,18.606991710512478,0
21,104.94,0,1,0,0.2676717054875567,126.46791006842886,0
13,668.33,1,0,0,0.1376922049366755,87.07817874279117,0
5,373.81,0,1,0,0.09896980511977768,18.88859539757703,0
22,604.32,0,0,0,0.42258534514108453,942.5806560350964,0
15,302.62,0,0,0,0.43381636386749195,63.33255591128065,0
15,632.23,0,0,0,0.15092485943218184,22.207433304188484,0
19,2067.89,0,0,0,0.039594256773025624,272.78184177413317,0
13,629.28,0,1,0,0.31520418138196205,144.01545123399046,0
18,189.6,0,0,1,0.01805068641117726,638.2443171781204,0
12,190.75,0,0,0,0.2245536900332311,139.4263082086145,0
14,355.55,0,1,0,0.3035712995337222,224.1647658308411,0
23,334.18,0,0,0,0.18411960121855822,174.33323201864383,0
14,1201.37,0,0,0,0.025498938642481445,20.27404548237016,0
7,918.87,0,0,0,0.01739557475676039,149.025966780748,0
14,76.88,0,2,0,0.3237041832986272,97.40927515870494,0
14,380.11,0,0,0,0.04719966274125171,1.0,0
15,1889.63,0,0,0,0.3478588851270522,54.557472511143935,0
13,2436.48,0,0,0,0.2513501232635505,129.426684719982,0
17,100.27,0,0,0,0.2561100323988157,290.62227034651795,0
9,275.88,0,2,0,0.36539211126047677,859.6087581676451,0
7,280.62,0,1,0,0.22837097907924758,113.11630752783611,0
8,292.17,0,0,0,0.05333966504853598,66.91725945561664,0
22,145.52,0,0,0,0.0675078452460003,66.38358807923062,0
12,595.99,0,0,0,0.062241077629611646,52.42987721706998,0
18,726.49,0,0,0,0.25019739902012617,71.71304044320473,0
14,2308.55,0,0,0,0.08705412092466498,626.4311309788548,0
12,1930.56,0,0,0,0.3632723145965865,89.57171384865063,0
14,16.52,0,1,1,0.2873027176329553,16.304087709689092,0
17,348.84,1,0,0,0.23418926127404935,1.0,0
19,793.76,1,0,0,0.20964596939287672,325.02460422830234,0
13,182.78,0,0,0,0.24236150572137846,687.7405912348279,0
22,130.85,0,0,1,0.03322232073864138,405.72448811952484,0
19,654.32,0,0,0,0.2135574846470753,215.70076670285866,0
14,1024.54,0,0,0,0.13025172509653088,151.79838114458806,0
20,1096.56,0,0,0,0.23226256203695753,321.33894162807485,0
14,585.43,0,0,0,0.07360376585564074,10.675028135834811,0
11,477.68,0,1,0,0.11752660002170277,510.13035362076556,0
12,3061.45,0,0,0,0.3472868410815708,279.3039034823338,0
15,488.91,0,1,0,0.07733792930905746,354.65369220518437,0
11,232.18,0,0,0,0.045099253580392636,754.7714262778633,0
10,530.84,0,0,0,0.15570610952923272,11.322852127520425,0
14,690.67,0,0,0,0.03744000422509523,12.866660272171467,0
23,490.95,0,0,0,0.21773023131164837,431.3604458108892,0
2,8974.44,1,3,1,0.24451935328088362,19.312190171987723,1
8,180.14,1,0,0,0.032044988447412874,69.4008742091012,0
12,178.41,0,0,0,0.15129625917460882,363.9578223564014,0
7,3216.45,0,0,0,0.16185524026970327,183.84416779536537,0
11,809.34,0,0,0,0.13773790569367425,131.92371445470522,0
12,297.87,0,0,0,0.14422276795203925,298.02866706987,0
16,73.44,0,0,0,0.09764884968151026,16.92243232111667,0
13,471.66,0,0,0,0.32325439825149566,233.2257312950528,0
9,351.15,0,0,0,0.18144580540615962,110.45329045407001,0
13,223.55,0,0,0,0.2254543845684349,209.76061532131382,0
22,261.69,0,0,0,0.04785471955952693,196.9130336377042,0
17,661.23,0,0,0,0.26491388949465167,120.89652448616924,0
15,225.35,0,1,0,0.03387143191681261,146.80625187224018,0
9,1535.26,0,1,1,0.3182192466632209,214.43285484151474,0
19,1112.36,0,0,0,0.12261202015803532,73.58525980024199,0
14,1407.06,0,1,0,0.10138207217391754,307.33615821814243,0
23,1408.61,0,1,0,0.0766234016478954,174.75195454169037,0
15,402.73,0,1,0,0.08222299275337684,119.38930835059419,0
16,400.46,0,1,0,0.05940070740787216,83.84723895348203,0
22,316.86,1,0,0,0.030752645074924097,582.573812077458,0
16,3501.19,0,0,0,0.2571814665460246,160.07157760697166,0
18,5863.53,0,0,0,0.016074949289149303,324.73595245515816,0
13,261.53,0,0,0,0.09042598072314774,32.144634258135156,0
23,461.98,0,2,1,0.029385059562455386,136.62927839638107,0
8,1125.02,0,0,0,0.3347562040431167,13.265237463669768,0
14,778.51,0,0,0,0.5434609747791989,35.58087324623343,0
10,219.05,0,0,0,0.03510374961556118,141.65520145709834,0
6,798.53,1,0,0,0.05534926713858914,40.45933375777518,0
14,416.15,0,0,0,0.12588309898091202,203.40925169369757,0
8,689.7,0,1,0,0.16863707767350275,300.59626805882397,0
8,272.14,0,0,0,0.11587808475064243,2.865257478725299,0
10,1483.51,0,0,0,0.03867044408972592,84.42960550864368,0
14,187.69,0,0,0,0.04445168632058272,24.713426779084937,0
12,166.05,0,1,0,0.14322204681234085,304.78085725968674,0
15,316.01,1,0,0,0.05941595574999539,272.20899687361583,0
7,154.12,0,2,0,0.1398823314297597,9.799429145041005,0
23,585.53,0,1,0,0.1852321325911901,234.40794087412186,0
14,128.0,0,0,0,0.39523324290162737,45.20127701783007,0
16,497.08,0,1,0,0.29566881596021743,106.06415505005846,0
17,283.79,0,0,0,0.05776746639239902,55.26079238801021,0
6,85.13,0,1,0,0.2018033184676973,41.06314585736235,0
23,201.55,0,0,0,0.1573335979686295,87.48923678209397,0
13,331.07,0,1,0,0.37526599160398777,147.36652317840756,0
20,226.81,0,0,0,0.16389251371413402,51.1979869054452,0
14,727.29,0,0,0,0.05137227936536788,176.3977677203555,0
8,997.21,0,0,0,0.2917618328874827,1.800176109239592,0
12,1635.98,0,0,0,0.032219574461279155,393.45192864777863,0
3,1793.21,0,0,0,0.2919987409565657,201.90486804463498,0
14,295.38,0,0,0,0.06746979763466822,163.2544849739264,0
16,228.29,0,1,0,0.38601148564851806,167.96617974913315,0
6,114.24,1,0,0,0.12722213578926878,101.38001525841031,0
13,281.69,0,0,0,0.12994515216910335,100.26682104733878,0
13,2000.63,0,0,0,0.0642678084107093,201.35495810713752,0
16,513.39,0,0,0,0.05301968441230337,316.8584271057517,0
12,996.34,0,1,0,0.11851638587745338,29.416187284529325,0
3,308.87,0,1,0,0.34933223868618546,179.87239562323498,0
19,336.43,0,0,0,0.46820985941952203,460.8546888157089,0
16,308.87,0,0,0,0.21577440748274632,432.0324329233379,0
12,274.36,0,0,0,0.10316315621231348,344.0267447680592,0
14,459.98,0,0,0,0.1912176842235746,476.59081317117034,0
14,274.73,0,1,0,0.15024290233383106,50.85048089537673,0
13,323.92,1,1,0,0.43865070016445096,44.14367506235495,0
12,111.68,0,0,1,0.13382600620603702,125.32559054988053,0
9,157.19,0,0,0,0.12973681393340092,15.419335174819505,0
17,293.66,0,1,0,0.2009487205006043,118.06722143089148,0
17,1119.22,0,0,0,0.3301494646423891,111.55395942785464,0
9,299.93,0,0,0,0.40955736408524346,86.54975145791195,0
23,1960.68,0,1,0,0.10052538194459779,652.9746525412667,0
15,3158.34,0,0,0,0.29511310738446056,128.960091016102,0
3,726.09,0,0,0,0.19279747118187504,149.18806443457245,0
23,384.04,0,0,0,0.20693418647467277,608.526313405025,0
23,821.4,0,0,0,0.10040180858355506,305.73697683100977,0
11,368.09,0,1,0,0.22457121835736996,74.07402361772655,0
18,400.3,0,1,0,0.25620494906505176,99.62766500568446,0
0,1709.06,0,0,0,0.2626197508297139,150.07619615297747,0
15,1099.39,0,1,0,0.13403424672725758,436.58090505917346,0
12,243.49,0,0,0,0.4351752115092877,428.7028540849915,0
16,735.02,0,1,0,0.07306304681742434,69.15139080189292,0
12,2020.6,0,0,0,0.08461565662495397,11.723323944660448,0
20,413.14,0,1,0,0.06676518939747322,458.72377163658376,0
22,3040.98,0,1,0,0.14113006026581001,663.8074785991076,0
9,283.73,0,1,0,0.2364168424409077,144.4772541535011,0
11,226.58,0,0,0,0.07489302520445779,53.50543378958559,0
23,4823.39,1,1,1,0.9360828558079971,4.580627651740816,1
16,291.79,0,0,0,0.06765315803995749,77.74442073545443,0
21,224.77,1,0,0,0.11371788496468799,83.73100067929016,0
5,4823.39,0,2,1,0.98765709667715,15.538235247577768,1
11,516.57,0,1,0,0.06348156286918784,58.49698250753639,0
20,1873.67,0,0,1,0.023593048940793216,125.27102173113408,0
14,225.29,0,0,0,0.19176303709222092,45.28707579947266,0
22,8974.44,1,6,1,0.9839791771422011,8.99338456605609,1
14,38.58,0,1,0,0.11883922921389727,730.6409078030135,0
19,254.46,0,1,0,0.1072067133757086,257.62941837559384,0
17,320.83,0,2,0,0.10718501190164849,4.897159552394731,0
15,138.96,0,0,0,0.18775594351851713,125.6612756641099,0
13,1466.68,0,2,0,0.03920143496073121,30.656674043752034,0
23,852.37,0,0,0,0.03700312568924488,317.6268410544055,0
12,119.13,1,0,0,0.17151602262781204,458.1286504156037,0
17,548.85,0,0,0,0.09413449906124033,211.94547688738328,0
12,225.68,0,0,0,0.13356137129191173,31.374544999946046,0
5,824.09,0,0,0,0.013873747561805563,607.7295944083,0
7,18.49,0,0,0,0.021556156282574623,22.103524578708996,0
16,68.73,0,1,0,0.15751899633467562,103.06762602319725,0
4,1621.89,0,0,0,0.20964461136603454,487.13454506349206,0
15,36.13,1,0,0,0.09831744780327675,15.080397816125702,0
16,256.38,0,0,0,0.1277952836739567,116.75381232122757,0
7,585.85,0,0,0,0.16438867707333465,106.92416611018193,0
17,596.95,0,1,0,0.26270123245108556,172.08858407987168,0
8,342.07,0,0,0,0.34997041190801026,360.32368370803414,0
13,155.87,1,0,0,0.11510104425198367,48.07907055652981,0
16,989.72,0,1,0,0.1753892735320528,823.5827587774846,0
3,158.73,0,0,0,0.012705748344173477,55.988901714732606,0
23,8974.44,1,1,1,0.6500066815379503,1.1126110344553537,1
19,97.96,0,0,0,0.04499143902004787,18.994278631952582,0
14,2106.28,1,1,0,0.06806189695843452,114.29197450509079,0
1,340.14,0,0,0,0.07706201467030853,82.7916737815476,0
19,142.63,0,0,0,0.29132260589418557,34.65433014581656,0
12,2743.33,0,0,0,0.04685566690703194,213.13469702123285,0
18,1163.47,0,1,0,0.08123942246688302,138.35816707035286,0
1,44.6,0,0,0,0.2313089745152229,146.34098732329545,0
21,441.5,0,1,0,0.16287903503055717,104.58118645929416,0
17,672.52,0,0,0,0.11644269961960049,147.25669831296526,0
7,737.28,0,0,0,0.21346160294062227,49.325178650367874,0
6,338.62,0,0,0,0.07879921238716509,12.37345787296442,0
14,1202.29,0,0,0,0.2153568567002942,34.26811709262714,0
11,38.17,0,0,0,0.06344397111833307,78.90885884617764,0
18,44.85,0,0,0,0.009727548227602382,93.10181577132433,0
19,185.84,0,0,0,0.1439564450119511,15.138917860508684,0
11,86.57,1,0,0,0.08035523694949845,172.49220998848443,0
19,237.68,0,0,0,0.17702589350222386,75.37077352477137,0
16,136.0,0,0,0,0.07126813995720982,152.18560354248805,0
13,558.45,0,1,0,0.2361704318452189,121.10945634846532,0
23,790.9,0,1,0,0.07493132193871774,267.6645037590555,0
23,2129.55,0,1,0,0.16068765514510827,129.33239858959107,0
14,6614.48,0,0,0,0.15769289106729167,66.8295824911208,0
6,893.91,0,0,0,0.27819103008927987,302.0218043105527,0
3,301.24,0,0,0,0.03627801550741036,29.52039284258354,0
7,684.25,0,1,0,0.09928978804719957,147.06817072868725,0
14,1322.81,1,0,0,0.010376489113038113,85.41199760251321,0
15,121.13,1,2,0,0.20890661858755266,49.38697078077557,0
11,626.24,0,0,0,0.07940435183650722,405.0553324556273,0
13,414.33,0,0,0,0.12594835926753076,175.03939838978368,0
14,487.71,0,0,0,0.4353035652505063,311.4465311322807,0
5,8974.44,1,1,1,0.9520763121982053,4.1609976925997145,1
12,127.61,1,0,0,0.1798432418125464,80.30673425953132,0
18,667.25,0,0,0,0.043879886683721475,377.9875228999846,0
18,1414.49,0,0,0,0.10269267487467588,6.4979363306224185,0
6,225.83,0,0,0,0.05987183133640681,191.36225809180675,0
12,101.47,0,0,0,0.171594924902984,101.77732118475139,0
13,520.16,0,0,0,0.016233789053788056,303.444799369366,0
17,179.2,0,0,0,0.07866192255773476,11.496228906942644,0
15,1662.83,0,0,0,0.1143927916755247,11.140503264889993,0
23,1504.84,1,1,0,0.29730228465962405,85.9273748970846,0
18,2692.14,1,0,0,0.13749831666765508,273.94874088820836,0
6,72.58,0,0,0,0.11717126308410213,58.40517109215771,0
13,292.94,0,0,1,0.06502932886405419,19.77131792366094,0
0,1857.6,1,6,1,0.7914302280910449,3.8774996052389645,1
9,182.09,0,1,0,0.05754469907887493,24.91450304018358,0
17,685.32,0,1,0,0.16083527244022908,194.8984370184682,0
12,392.54,0,0,0,0.4186453458146025,120.42219252048604,0
17,246.11,1,0,0,0.027225823781444558,327.64578359080264,0
1,172.72,0,0,0,0.05429545900484518,26.243834444999685,0
17,97.48,0,1,0,0.19422855395961597,60.890802651578845,0
23,913.79,0,0,0,0.08379062270739762,112.3600517786677,0
14,782.34,1,0,0,0.08852500956973837,358.3255801021911,0
12,135.67,1,0,0,0.11625429426075613,375.48544297974456,0
9,259.19,1,0,0,0.06095571125384713,332.56490007707987,0
13,767.25,0,0,0,0.3031627764663396,39.85327369803557,0
8,146.68,1,0,0,0.012368004801501574,185.86295089216551,0
13,201.09,0,0,0,0.259387814314,33.104025701827005,0
21,176.28,0,1,0,0.07490290842626043,263.56984116561847,0
7,431.14,0,0,0,0.24580693042983104,291.51400452721276,0
17,538.34,1,0,0,0.1296395966473903,122.4185380643566,0
13,153.91,0,0,0,0.054562289265718766,176.80163426359374,0
12,319.49,1,0,0,0.388837854353982,286.5665585293002,0
23,453.25,1,0,0,0.14131111105408378,272.6736973761345,0
16,286.24,0,1,0,0.11230338557464527,157.9256696296904,0
12,324.49,1,0,0,0.05864617260976795,208.27108387880003,0
8,391.9,0,1,0,0.11605357048589439,141.05684389940697,0
2,1857.6,1,3,1,0.3801903576397153,2.2920008781088597,1
11,306.32,1,1,0,0.020784162279071282,237.22867349055082,0
23,808.47,0,1,0,0.11732991254660369,431.7164483827525,0
3,8974.44,1,3,1,0.6166112888578316,2.387995983780247,1
6,301.17,0,1,0,0.3132471244016284,138.82997418617805,0
13,123.59,0,0,0,0.38706144262195913,268.54619671780426,0
16,482.82,0,1,0,0.11375407008924428,71.5677065607057,0
2,544.45,0,0,0,0.11534303524288883,392.35566588905345,0
13,259.82,0,0,0,0.05966358628250546,293.09313574539743,0
14,77.49,0,0,0,0.08263837916275543,5.340814875863251,0
10,412.3,0,0,0,0.14302325385115758,136.27922729800605,0
12,91.03,0,1,0,0.11644432919937842,144.6529566156106,0
12,198.33,0,0,0,0.09251878374492928,191.6591964789168,0
12,108.11,0,1,0,0.16178818405720008,39.878864653066614,0
8,207.06,0,1,0,0.03303427539351766,137.19322444838807,0
10,333.76,1,0,1,0.20247071740332276,31.73397772820763,0
9,101.62,1,1,0,0.06317480115003493,234.4456931810851,0
7,257.88,0,0,0,0.00578786932848632,23.559463824188185,0
9,263.71,0,0,0,0.1272743626155141,262.9215359907332,0
14,642.57,1,0,0,0.3581636308985477,189.19649372377168,0
13,591.45,0,0,0,0.3213659417099511,311.0355019210556,0
3,1857.6,1,3,0,0.5462157980989816,14.6433966419538,1
15,110.6,0,0,0,0.10480642790559666,49.284784237223846,0
18,248.25,0,0,0,0.1939545297666247,131.47756746594774,0
0,4823.39,1,0,0,0.7926556625380325,11.507525481555765,1
15,141.79,0,0,0,0.01059396336738313,323.1159554854778,0
12,494.6,0,1,0,0.029890129971645762,46.59584265094587,0
6,2891.85,0,1,0,0.19633754593343403,278.8531085858685,0
19,380.34,0,0,0,0.026888242868832842,179.2400619595216,0
8,279.92,0,1,0,0.18713510687149243,251.47399656180633,0
14,88.84,0,0,0,0.3564998673230066,74.78542373812175,0
15,673.55,0,1,0,0.15978506527615297,158.5371463214251,0
18,184.12,0,0,0,0.36113766644202805,329.11927024846256,0
9,758.14,0,0,0,0.11240053906839743,233.3408579849039,0
16,294.97,0,0,0,0.045267946923165076,155.8604173338524,0
20,809.46,1,0,0,0.10598349323631617,692.3983805839559,0
21,183.12,0,0,0,0.19599815030004306,121.71082745421613,0
7,1100.66,0,1,0,0.23093901824412125,20.814531104909165,0
20,694.87,0,0,0,0.19138446226284553,16.551906762340828,0
22,269.24,1,1,0,0.3156596292624525,76.3556718659032,0
18,158.63,0,0,0,0.14881352442939935,24.935658081406377,0
12,1335.84,0,1,0,0.08910159153511722,21.93348403290973,0
10,627.67,0,0,0,0.18806213017047077,86.55646370470494,0
12,1475.42,0,0,0,0.1893261650446969,281.39306439824725,0
15,510.36,0,1,0,0.08028139442753866,63.882216368997234,0
18,258.67,0,0,0,0.17196067760558056,127.5946885166648,0
15,969.43,0,1,0,0.08754796989315733,768.0935738216576,0
9,79.06,1,0,0,0.20885988662701674,123.55650992891724,0
15,645.72,0,0,0,0.2092109786378858,280.6604113051981,0
11,2432.75,0,2,1,0.024729485776595738,114.02346376390635,0
19,237.27,1,0,0,0.14109754280606487,110.72669429682925,0
11,1915.31,1,0,0,0.33581882289410614,308.0748954505429,0
5,6638.79,0,0,0,0.02517267496385845,224.2400009208687,0
22,252.0,0,0,0,0.05995431992943232,109.09830634137161,0
9,245.16,0,0,0,0.21053119380407678,124.27039363790978,0
16,537.7,0,0,0,0.09623977926501806,114.14838595127875,0
13,323.99,0,1,0,0.2463883559365553,22.770445367601468,0
12,213.62,0,0,0,0.16416379099600276,211.3678403852301,0
13,231.16,0,0,0,0.0450604846340304,23.89565340069201,0
13,1402.34,1,0,0,0.1400749163757848,52.902638700393354,0
13,161.65,1,0,0,0.013616154741599192,59.17836502369348,0
14,498.04,0,0,0,0.2416959418882994,249.1491258490993,0
10,95.37,0,0,0,0.15339553573987091,327.32106482014103,0
13,1771.67,0,0,0,0.062160380103113734,353.92717432295456,0
17,241.23,0,0,0,0.014210604248204207,52.67408383607823,0
20,900.71,0,1,0,0.2928641961930545,115.03778376039348,0
7,609.86,0,1,0,0.008958032954889878,464.07447620606735,0
4,41.13,0,0,0,0.27469004979561895,15.129951025087454,0
14,291.78,0,1,0,0.03244464342918674,150.03979063543153,0
22,871.67,0,2,0,0.37510383237923745,326.87883874496106,0
9,176.17,0,1,0,0.0424159054515268,336.57507750871594,0
16,404.52,1,0,0,0.1379839210112007,84.63833680115614,0
21,621.27,0,1,0,0.20675770035111268,202.72774416686366,0
15,532.19,1,0,0,0.2565705100403726,18.390988181750537,0
3,1147.16,0,2,0,0.25263466866377443,129.13624140922997,0
8,424.97,1,0,0,0.2146752200444256,36.240034229928604,0
5,49.19,0,0,0,0.2652982766858708,380.0158127255603,0
8,171.99,0,1,0,0.30103912940434346,316.07874982857567,0
15,751.82,0,0,0,0.1962152664016367,35.7939391826637,0
11,810.45,0,0,0,0.5097234698261089,190.35822466260527,0
0,8974.44,0,4,0,0.7666863219500798,1.950787504900189,1
12,241.12,0,0,0,0.03684015341176972,6.584161159839866,0
14,205.57,0,1,0,0.135205772974078,46.47618712962993,0
13,266.6,0,0,0,0.07464447052467481,28.05729164018007,0
7,283.97,1,0,0,0.07386026516358485,254.71141082716684,0
12,355.43,1,1,0,0.11091711069674925,86.21220831814364,0
16,341.19,0,1,0,0.49696933231638163,196.13110286142006,0
13,639.25,0,0,0,0.1587804028641926,44.4451039333829,0
19,439.14,1,0,0,0.11861458407953016,123.66479102310235,0
10,1304.64,0,0,0,0.26934484860955044,730.6884446823209,0
12,1440.61,0,0,0,0.03910971817991638,342.9818990778375,0
16,92.0,0,0,0,0.057176927153795284,4.330275035120072,0
9,713.48,0,2,0,0.04587406115394553,115.74128871174038,0
21,1452.11,0,0,0,0.1476321000923002,2.068844790663646,0
16,787.46,1,0,0,0.10095137443327974,35.26960810810771,0
14,47.94,1,0,0,0.08110697090100988,13.169882881450652,0
20,327.28,0,0,0,0.14322728069146334,107.57772638593215,0
19,86.16,0,0,0,0.2897305776953063,356.5264342072109,0
9,315.35,0,0,0,0.04019245942778794,117.6252562777537,0
11,240.31,0,1,0,0.03469284081599711,99.06164142293534,0
8,607.82,0,0,0,0.016184699861302956,309.5699514382262,0
12,830.54,0,0,0,0.1568265144503351,206.97225275279672,0
17,443.04,1,0,0,0.23034042612351852,8.733506259504072,0
12,1364.2,0,0,0,0.28812982600040954,98.80772944700416,0
21,204.48,0,0,0,0.1326180198280797,1.0,0
19,292.56,0,0,0,0.07003669432031173,59.05315088015787,0
10,271.99,0,1,1,0.3377044478642828,45.550264630206954,0
22,141.33,0,0,0,0.02049176106834948,105.0250354108064,0
20,281.66,0,0,0,0.2035617146309488,227.66667740550196,0
19,1656.1,0,0,0,0.11490479327288883,152.66052416008625,0
14,3799.94,0,0,0,0.0599697037745465,150.6690564878472,0
12,853.31,0,1,1,0.0542844144388476,32.89301507497694,0
11,2542.15,0,0,0,0.3258370871055194,100.04128971351909,0
15,305.14,0,0,0,0.16029348803853646,55.92036821102601,0
10,86.42,0,1,0,0.14192526972262415,1.0,0
16,263.28,0,0,0,0.11174104444311118,97.67981322210444,0
7,319.55,1,0,0,0.05878170865251324,155.33743592564673,0
13,1276.53,0,0,1,0.3262511432461195,274.10274661271785,0
9,101.97,0,0,0,0.2258892251532531,85.8895959481945,0
16,474.97,0,0,0,0.027287446310863932,42.004609683071564,0
12,1647.68,0,0,0,0.07065368763553176,172.0081993711125,0
23,167.15,0,0,0,0.26833709703533604,2.943894753391745,0
12,762.77,0,0,0,0.08018516537140039,77.96785109842502,0
17,100.01,0,0,0,0.15243487436640585,324.8220322138778,0
11,254.0,1,0,0,0.050150224213651576,190.5528231095323,0
10,374.76,0,0,0,0.3747105141827185,241.22892104233452,0
6,38.38,0,0,0,0.16108211167225464,13.8337656394194,0
16,432.16,0,1,0,0.17601418375361863,250.31948801834582,0
5,1702.13,0,1,0,0.3509937016568272,273.6333317167346,0
15,984.67,0,0,0,0.27183150982150484,113.89299142385642,0
16,1132.74,0,1,0,0.22731440539711392,32.56431904220069,0
9,198.81,0,0,1,0.176159968212164,576.3037277918835,0
17,330.98,0,0,0,0.03501567171410449,665.0103886838601,0
5,110.65,0,0,0,0.20694988380475665,4.438063791251159,0
22,406.35,0,0,0,0.19228309060749854,77.53139565026433,0
17,159.26,0,0,0,0.29533601130024867,30.945774601492136,0
8,64.2,0,0,0,0.049162409535805675,171.63444412586662,0
9,344.72,1,0,0,0.3200372281427938,338.01304210545686,0
9,1603.74,0,0,0,0.15144665765500936,2.709479543842847,0
23,619.78,0,0,0,0.3208265762800762,66.89959353766805,0
16,64.8,0,1,0,0.2335095249482025,77.48563026076839,0
23,4823.39,1,0,1,0.2697730263748111,24.15966685944539,1
17,260.22,0,1,0,0.30839664359602104,82.00248504828701,0
11,121.63,0,0,0,0.07983979174596309,97.30046583335094,0
9,351.99,0,0,0,0.1653151546455961,99.57491883570279,0
15,451.72,0,0,0,0.14615133049533893,211.42717490902007,0
20,121.72,0,0,0,0.10568526076158528,137.39529345344906,0
8,266.97,0,0,0,0.09710425355028793,270.569052783343,0
14,1343.8,0,0,0,0.18279738134549828,6.1173951406265825,0
9,156.18,0,0,0,0.17884643369474928,21.29111162828766,0
7,249.32,0,2,0,0.23692682512055566,148.9986929681138,0
21,406.89,1,0,0,0.08866941047679314,276.28028030194764,0
20,126.62,0,0,0,0.07675855855383003,24.54784912750265,0
21,772.57,0,0,0,0.04317960398153129,235.26510934495167,0
23,1017.38,0,0,0,0.24498683218168738,196.94733201334444,0
7,495.14,0,0,0,0.004636992000785436,207.0489752188149,0
15,398.83,0,0,0,0.06642203532295367,509.7107602680987,0
23,34.47,0,0,0,0.06677889915279069,36.972205770494234,0
11,83.81,0,1,0,0.2879827151145938,36.04811682127938,0
11,511.0,0,0,0,0.1330314114807007,73.0645428207244,0
10,1714.48,0,0,0,0.11921522523080884,528.2486122136985,0
15,389.71,0,1,0,0.29945164783076195,156.84908687904777,0
23,394.19,0,0,0,0.11767039943595739,257.46006502183906,0
14,74.0,0,0,0,0.07176777259610069,329.5880920718156,0
16,200.21,0,1,0,0.17969798582080146,125.74246585432851,0
18,808.8,0,0,0,0.10705798320595313,18.605021586868084,0
14,299.58,1,1,0,0.06939627803891836,218.4731630133609,0
12,155.02,0,0,0,0.18280865063524854,187.53044650433668,0
22,460.82,0,0,0,0.1515531255550051,127.02864932698651,0
5,122.93,0,1,0,0.2527742525467345,519.6998063422202,0
10,248.44,1,0,0,0.14678632959880736,103.55776514895734,0
14,942.46,0,0,0,0.12479389095336946,151.38096825489777,0
8,273.59,0,0,0,0.07863513198211988,75.92453791929995,0
20,161.55,1,0,0,0.19322578611009164,276.03703057331785,0
13,190.22,1,1,0,0.28581464414120183,28.416471640030903,0
6,159.68,0,0,0,0.2953987853554031,434.520949696936,0
14,225.51,0,0,0,0.09831803646985803,72.42481567032505,0
18,807.03,1,0,0,0.05321234903139664,223.21413790009336,0
8,120.52,0,0,0,0.028133508972322523,172.50231707851572,0
9,439.98,0,0,0,0.04851336025426099,694.5967033314279,0
16,417.83,0,0,0,0.03483256178569506,41.211056384145394,0
18,534.31,1,0,0,0.000512666553332223,29.089125861444845,0
12,740.95,0,0,0,0.21443718631509054,101.76776293706348,0
12,236.92,0,0,0,0.22857197966889753,217.342274317653,0
10,114.04,0,1,0,0.2627567329890379,47.23637419624004,0
9,913.0,0,0,0,0.059334654397322405,87.59623458960596,0
11,515.15,0,1,0,0.06002719706250467,558.6970119193525,0
7,1384.58,0,2,0,0.18142555017039566,433.96715014308757,0
10,405.65,0,0,0,0.2780348133723084,96.15492226864951,0
14,251.6,0,0,0,0.2339900993134395,182.64992983120177,0
16,590.68,0,0,0,0.03527235536255406,94.50886992653008,0
15,420.41,1,0,0,0.20938360948710177,127.68311571262387,0
14,307.35,0,0,0,0.18141187497462818,116.74300188425823,0
13,983.76,0,1,0,0.1451729561041109,28.97119462803313,0
13,227.28,0,0,0,0.15646458878501848,52.14333642419895,0
6,137.65,0,0,0,0.05178421220437216,69.34643911620161,0
13,377.39,0,0,0,0.06646513256533597,284.2296568420958,0
20,645.66,1,0,0,0.11975325499583467,77.81590539038177,0
15,400.94,0,1,0,0.19283620422432435,149.89525116184493,0
3,8974.44,1,4,0,0.7036364882334274,5.578554441882749,1
12,705.53,0,0,0,0.06375437360477844,324.2278853182,0
18,1166.38,0,0,0,0.21368987201602907,75.90755007553402,0
5,219.58,0,0,0,0.3462458201990671,80.77504342267916,0
10,115.69,0,0,0,0.022129297547733878,1.6169291973567201,0
14,568.68,0,0,0,0.2850294945413997,100.23246940840254,0
5,4823.39,0,3,1,0.5951357603634905,6.868852220166363,1
16,381.32,0,0,0,0.060392975894945126,167.19024893549337,0
20,3586.84,1,0,0,0.06990259612592607,246.63725237628518,0
16,636.75,0,0,0,0.047193118115734005,253.66450742452164,0
10,248.72,0,0,0,0.0720098495812824,44.46093737560094,0
16,274.56,0,0,0,0.28183072079289145,266.36864331226275,0
14,490.44,1,0,0,0.10343492559589244,5.379401160510924,0
9,314.61,0,1,0,0.14879022657159202,187.71387265374705,0
5,2712.14,0,0,0,0.4395833979028728,171.65392477459577,0
17,140.8,0,0,0,0.04176358816713843,35.825794335942504,0
14,138.25,0,0,0,0.45123642971400846,62.70936837268076,0
16,732.78,1,1,0,0.11401500314587656,96.26047814208485,0
19,618.45,0,0,0,0.0754246807315427,243.27322920318207,0
7,1082.8,0,1,0,0.1676700439708939,83.6013808794934,0
11,2711.68,1,0,0,0.18738632770474223,32.5792522498636,0
15,1216.42,1,0,0,0.14855763639308303,168.96338677274008,0
14,289.5,0,0,0,0.07654719052029876,580.6831229575406,0
20,406.6,0,1,0,0.03497357915781052,113.5431601713003,0
8,384.52,0,0,0,0.3449324434590091,66.43725049827145,0
20,95.2,0,1,0,0.19896070049236944,434.1337353740756,0
13,95.47,0,0,1,0.14383759206319735,5.547733108676321,0
13,395.11,0,0,0,0.052183539785669815,151.0637605359945,0
11,471.9,0,1,0,0.06843823330974738,74.73252774559334,0
9,651.09,0,0,0,0.05279412991509724,367.42417859515615,0
6,159.39,0,0,0,0.37443069814278773,299.4432593428974,0
12,1132.98,0,0,0,0.25092829710759174,44.91419735628076,0
15,139.92,0,0,0,0.3814422520157532,74.10127586544834,0
10,324.16,1,0,0,0.18555662192776023,28.37578995442435,0
13,728.05,0,0,0,0.005169878598013692,71.79738667916715,0
10,189.25,0,0,0,0.06201881783441315,87.29170035152896,0
5,1947.46,0,1,0,0.3293284987470783,61.06451670164289,0
22,8974.44,1,2,1,0.7047072772351672,4.441332005257647,1
12,189.45,1,0,0,0.07683711088723326,38.73084383249942,0
12,1873.44,0,2,0,0.14278305308658618,181.57405790355227,0
9,263.14,0,0,0,0.08805362009019194,45.23706635782166,0
14,596.17,0,0,0,0.16002404961206237,219.48924377822667,0
14,132.91,0,0,0,0.2756681398920037,651.7564361780501,0
5,4823.39,1,4,1,0.9001139822111497,12.096995474792916,1
13,593.15,0,1,0,0.1695857428020045,313.1637207055954,0
23,1857.6,1,0,1,0.37694284509815024,21.444474276986682,1
9,389.61,0,1,0,0.10342295899799542,299.66381121602035,0
17,19.58,0,0,0,0.16007759698620955,17.431503629944547,0
18,853.98,0,0,0,0.16192037107255913,60.613945072813145,0
22,4823.39,1,2,1,0.6090835813597286,13.610683805211464,1
16,185.65,0,0,0,0.15889995066217963,280.42962784134886,0
16,1944.45,0,0,0,0.11259214037049037,60.14608400412925,0
23,1137.9,0,0,0,0.01329840289027701,252.57477663164062,0
10,392.92,0,0,0,0.12378996678962133,442.32721620832143,0
17,525.71,0,1,0,0.1727909730593893,392.76634947594846,0
7,325.46,0,0,0,0.2416777923011197,33.58660190484681,0
16,201.97,0,0,0,0.04433788499792285,432.3756770627281,0
21,420.33,0,0,0,0.22480289585197444,178.71105251745485,0
8,107.01,0,0,0,0.13559081384875935,78.1769958767061,0
1,1857.6,1,2,1,0.6071036353879231,2.6083599066030123,1
8,96.43,0,0,1,0.22306096138980316,30.966816710351978,0
13,456.34,0,0,0,0.0335192716906137,121.14838382872392,0
10,184.38,0,0,0,0.20866188349038892,75.82253257435143,0
15,544.49,0,1,0,0.3355208068388432,564.3030181851046,0
10,99.58,0,0,0,0.03974639800970327,10.8129479473738,0
22,1857.6,1,2,1,0.8485171613122267,8.614995339897362,1
15,1388.46,0,1,0,0.4337059301641145,2.1976279126414786,0
17,624.83,0,0,0,0.13972441372087221,5.5630743291411395,0
12,646.23,0,0,0,0.031396500112976275,700.2442033137198,0
14,334.63,0,0,0,0.3159695079244702,141.53323650416007,0
14,257.07,1,0,0,0.08843683841417045,345.97318878386955,0
16,1344.38,0,0,0,0.20903003791334077,14.381258608281064,0
19,158.89,0,0,0,0.13922884390853238,714.4730788803652,0
11,188.18,0,0,0,0.07929966448190233,86.43036030548352,0
21,911.61,0,0,0,0.2631886328569222,115.27056045742529,0
4,1640.41,0,0,0,0.02051265649363704,34.21306627252233,0
13,460.24,0,1,0,0.11586813434253514,147.03020760872735,0
6,317.3,1,0,0,0.1420807346689153,16.6331042856141,0
18,797.14,0,0,0,0.31945768982764855,85.63092915427072,0
12,1728.88,0,1,0,0.16728933145295635,51.6904607882977,0
17,883.05,0,0,0,0.09861320750558379,175.96696633229723,0
1,4823.39,1,5,0,0.8070153426971733,3.7552726959112115,1
13,325.38,0,0,0,0.1097299537487969,134.9600352881152,0
16,327.41,1,0,0,0.034704595470210715,45.18003114468056,0
14,64.98,0,0,0,0.4665608537077521,487.4649045682842,0
15,333.84,0,1,0,0.27508828526722484,81.68795697326802,0
6,1370.17,0,0,0,0.4695474353257799,194.38973485562104,0
17,138.98,0,1,0,0.08030988590105358,44.60469796284209,0
14,1403.19,0,0,0,0.23073853622397836,170.45249381088843,0
13,445.81,0,0,0,0.2781039641910771,55.31754326085023,0
5,8974.44,1,4,1,0.7553519990061174,0.35996864190518746,1
14,545.73,0,0,0,0.131518844774604,671.7109192487725,0
12,345.0,0,0,0,0.13624508590364703,79.04952752319963,0
18,226.52,1,0,0,0.35422272808142313,86.00522826439443,0
18,2822.76,0,1,1,0.17348581881287992,48.39071345413469,0
20,254.03,0,0,0,0.02160559479210515,272.68134930937816,0
10,334.2,0,0,0,0.07485540639285146,148.10098904315672,0
8,755.94,1,0,0,0.1677998431100293,30.51469023275173,0
9,1293.62,0,0,0,0.06412332574916904,274.3801085087059,0
8,1099.83,0,0,0,0.261728430764185,147.1925952765203,0
20,476.36,0,0,0,0.057793561191652465,150.80642399005734,0
17,284.19,0,0,0,0.261056890791456,56.056002408761216,0
10,2014.66,0,1,0,0.03255876057760635,95.19386602697142,0
11,235.38,0,0,0,0.2561820336820501,63.31423489101346,0
4,701.95,0,1,0,0.06919292067142876,67.96594883963552,0
23,197.72,0,0,0,0.06691408476719879,103.46040490297497,0
23,315.31,1,0,0,0.047795675090793244,93.56530279522381,0
16,230.41,0,0,0,0.19867519951474488,99.60032598201471,0
9,686.08,0,1,0,0.3098899085167848,99.36134806788318,0
17,1276.14,0,1,0,0.3631695044779277,104.80717193561048,0
16,112.09,0,0,0,0.08343648633804414,7.270294303095206,0
16,157.44,1,0,0,0.05002835298828234,103.51224433947047,0
19,277.89,0,0,0,0.015300848276866494,344.89738119744965,0
4,4823.39,1,3,0,0.41064571382176,1.2769938648141854,1
10,980.88,1,1,0,0.07710613864926583,277.51156011276356,0
16,225.06,0,0,0,0.3138326371920668,348.96503925632055,0
18,203.06,0,0,0,0.21160484867748341,25.988497395962888,0
15,1291.67,0,0,0,0.6023528340746392,59.72879512880396,0
13,303.07,0,1,0,0.2522926690844777,171.27912057092763,0
15,759.77,0,0,0,0.12286017765503246,54.317567872983794,0
17,1749.93,0,0,0,0.10112752038930671,35.38003136460812,0
12,334.9,0,1,0,0.07040686771436397,64.00781060780662,0
10,192.48,0,2,0,0.1553436910879518,82.89419699270324,0
2,1857.6,1,2,0,0.3097748088896799,20.444569118243027,1
16,1405.84,0,1,0,0.11576977741753897,83.93175506190852,0
14,2334.78,0,0,0,0.07571377016803058,130.32697260261955,0
18,458.11,0,0,0,0.09015623709434666,185.58467342109367,0
15,565.71,0,0,0,0.07922722215918415,36.78533511836348,0
19,188.02,0,0,0,0.23321913817644888,93.01726128120494,0
12,344.6,0,0,0,0.2006012092727165,166.52092833688351,0
15,196.67,0,0,0,0.06415851493553643,497.6018342513472,0
13,675.64,0,0,0,0.19491349735282373,101.11349444115798,0
14,865.48,1,0,0,0.05038603472034159,264.64800792502757,0
13,1010.58,0,0,0,0.023028576621127846,738.6766075859668,0
7,649.65,0,0,0,0.07966660006796804,77.33303944801865,0
11,2835.47,0,1,0,0.2253477122996593,414.60097720271915,0
11,917.76,1,0,0,0.08255183389504343,92.34440825395684,0
7,72.14,0,0,0,0.15144516786428006,204.60802723362167,0
14,90.97,1,1,0,0.2693782180767491,97.69961695578682,0
11,1981.1,0,1,0,0.16222624711687808,391.07448818708383,0
8,128.09,0,1,0,0.31435716213299353,457.9049025959359,0
11,815.32,0,0,0,0.11912890776417079,92.67420088989991,0
3,235.85,0,0,0,0.35670537247989414,25.02567966845135,0
19,580.34,0,0,0,0.1158184628817812,81.64260598538179,0
13,700.38,1,0,0,0.13435197647490213,301.98471182575844,0
6,74.21,0,0,0,0.11072951277222187,274.69120379618494,0
12,829.19,1,0,0,0.2019385504322492,55.27074553870015,0
3,1857.6,0,5,0,0.8145078795663827,1.553872069961698,1
19,4130.66,0,2,0,0.11172208825253459,163.67499525274891,0
1,8974.44,1,3,0,0.814986075803429,14.89217572590427,1
14,1232.39,1,1,0,0.27293625190154797,230.00336199863756,0
19,700.07,0,0,0,0.09655262721821845,437.9290091854743,0
6,79.1,0,0,0,0.11105138162412212,37.66472410727701,0
19,128.12,0,0,0,0.06913678437332198,40.505703249610875,0
16,336.42,1,1,0,0.21195645996572732,593.578685640444,0
11,39.61,0,0,0,0.11413062588427994,44.41215025812999,0
9,3221.17,0,2,0,0.1296468275028261,166.74858572526753,0
20,284.79,0,0,0,0.08194901551279195,765.2664295438688,0
12,1847.63,0,0,0,0.46964041803602974,109.97414919133334,0
15,251.05,0,1,0,0.18307461033848213,187.53155788300631,0
23,33.8,1,2,0,0.05215655337182434,122.97370361215994,0
13,213.62,0,0,0,0.02786253749298072,41.32046543959235,0
18,445.82,0,0,0,0.20643884417261502,36.12386400354592,0
13,713.61,0,1,0,0.17248222765570567,144.45569836953337,0
1,4823.39,1,1,1,0.6345660628764962,5.261231932154486,1
9,170.77,1,0,0,0.06458443422091095,262.0016291295969,0
4,1857.6,1,5,1,0.9037732794580974,6.308139990863558,1
10,464.9,0,0,0,0.01449401833123273,64.0487112980175,0
12,826.11,0,0,0,0.20722184481440398,216.8941730083982,0
11,1062.02,0,2,0,0.013829856208958111,155.30651550062925,0
10,227.2,0,0,0,0.09946768509535615,75.68350436005022,0
16,438.29,0,0,0,0.043328016430647306,456.3355502211333,0
9,5492.16,0,0,0,0.1517458114802993,131.17331561268566,0
22,759.86,0,1,0,0.12804793493079653,90.25067976424353,0
0,8974.44,1,1,1,0.8349871639726186,19.474799234350936,1
10,104.45,0,0,0,0.08697383502206892,87.35341063681462,0
17,210.97,0,0,0,0.18476958698103227,86.73948991796485,0
12,275.47,1,0,0,0.03351585394007915,260.0527803706825,0
14,238.6,0,0,0,0.1163196905330979,74.96179795111131,0
11,75.28,1,1,0,0.291056153656878,622.2755754492539,0
17,361.43,0,1,0,0.15025130925626906,232.7136050110312,0
7,365.83,0,0,0,0.1526162187878783,53.249753434560965,0
17,102.89,0,0,0,0.06746553600074555,721.4877188978433,0
13,437.24,1,0,0,0.03467915889094484,59.19541011801021,0
19,324.86,1,0,0,0.10599589951149796,138.3295123309771,0
6,152.92,1,0,0,0.22153746772408028,144.7808594554713,0
12,60.68,0,0,0,0.2591794290339939,518.6651369586285,0
21,181.18,0,0,0,0.11005455535739347,354.5583695124301,0
14,1099.06,0,1,0,0.1254857048226492,32.84383129834391,0
9,107.89,0,0,0,0.05308189104529397,4.521302063957412,0
22,234.13,0,1,0,0.053359596689230675,338.56357144781674,0
14,515.15,0,0,0,0.08343827589996612,182.53085152263412,0
12,744.45,0,0,0,0.15465001803273318,57.70322907274312,0
7,490.45,0,0,0,0.032470056586015476,428.7333719722794,0
14,634.16,1,0,0,0.1342284841733918,125.08899190692375,0
15,597.11,0,1,0,0.22657940901231916,114.33687981331546,0
6,602.03,0,1,0,0.26227427737941167,222.83442814742392,0
10,1865.51,0,0,0,0.1898342808545736,57.43660766019328,0
23,1857.6,1,5,0,0.5559124252821818,15.426624315741838,1
16,1447.35,1,0,0,0.1492209640209581,122.37748913557078,0
16,695.53,0,0,0,0.023073638232473676,51.5051635005106,0
15,316.42,0,1,0,0.03640684054633873,478.2713720275887,0
10,2292.39,0,0,0,0.04244099991506919,169.6158336492523,0
21,411.57,0,0,0,0.07241209256980591,78.14492377565524,0
17,1200.52,0,0,0,0.1928238934602843,48.65568805984115,0
13,717.68,0,0,0,0.219475026350009,80.7124680155813,0
16,233.92,0,0,0,0.3420245608983145,305.8379515795098,0
12,201.78,0,0,0,0.29100276298453454,54.53633327425546,0
14,278.43,0,0,0,0.10661103807678139,261.5352752893331,0
16,288.41,0,0,0,0.33102344493956093,942.8490469304794,0
9,1929.11,0,0,0,0.06557003122364738,241.4491767387124,0
14,1449.92,0,1,0,0.05373496841999622,93.00039474219598,0
13,2627.06,0,0,0,0.17985677028350075,444.58056855900696,0
18,1224.98,0,0,0,0.21099663266218505,75.25121971728898,0
7,264.44,0,0,0,0.1315458488341224,4.3486692939128435,0
19,1244.16,0,0,0,0.05245999775936311,322.5566361169355,0
17,537.98,0,0,0,0.07140365239278582,295.9815610174946,0
2,5617.24,0,1,0,0.22645819252572572,24.49895692333707,0
5,1857.6,1,2,1,0.5730184720410049,11.972819904309581,1
13,1200.07,1,0,0,0.14033091444147647,182.33214881322883,0
16,241.63,0,0,0,0.02040209908492018,521.1570336231057,0
17,338.72,0,0,0,0.2403363472011817,380.06627203803174,0
22,642.12,0,0,0,0.08091972356784473,134.2161731636801,0
15,194.27,1,0,0,0.044843317942192026,115.87810659943389,0
22,4823.39,1,5,0,0.49437060166685287,4.514106447757345,1
15,1443.86,0,1,0,0.20512191274807268,89.48973198626291,0
15,654.73,0,0,0,0.3565866835203596,57.201702631215234,0
9,1588.08,0,0,0,0.16078991651890373,117.36382286311844,0
12,228.19,0,2,0,0.06824921209913576,458.30235114525556,0
21,65.49,0,0,0,0.034425694065149524,8.83337885451227,0
19,240.81,0,0,0,0.18208134010900295,90.00367551783992,0
13,513.69,0,0,0,0.04610704112058735,146.71372788815512,0
7,163.47,0,0,0,0.18348320215167127,42.854266206835916,0
21,794.65,0,0,0,0.07273792553000469,86.0723565944688,0
10,1658.18,0,0,0,0.24420259212511206,95.98890157033709,0
15,612.75,0,0,0,0.24150482509700952,82.56500832589468,0
6,5139.79,0,0,0,0.056180083676044844,9.506494236147557,0
15,98.2,0,1,0,0.1888688263186796,400.5720882823962,0
14,303.13,0,0,0,0.10137157889062721,116.97339006264497,0
12,563.47,0,0,0,0.19636100791726208,165.50968329612635,0
14,688.76,0,0,0,0.0813141419069026,16.635572664364137,0
14,1476.15,0,0,0,0.1618626741391238,363.98895213388266,0
11,348.8,0,1,0,0.18557370508028853,99.76204470086843,0
16,323.82,0,0,0,0.10971782181334434,90.73655058717709,0
7,1540.16,1,0,0,0.011656749433037069,15.672335671262593,0
16,3542.92,0,0,0,0.1290474969605995,12.686680300255649,0
9,176.35,0,1,0,0.1945795579894083,26.81463025491847,0
10,186.45,0,0,0,0.13727927666933934,315.45908768750445,0
12,1632.67,0,0,0,0.05925714521031422,395.3114964785377,0
17,219.58,0,0,0,0.47987305562724464,93.08349811467096,0
22,910.62,0,0,0,0.25414074717902063,121.74084665421638,0
11,80.54,0,1,0,0.33238584319200276,119.63781796851795,0
17,98.45,0,1,0,0.10419699594455888,330.5350273642341,0
13,283.04,1,0,0,0.18525323493489732,78.2734827493725,0
12,239.25,0,0,0,0.05140051435226837,699.7447234806809,0
18,110.45,0,0,0,0.07852590305925149,43.569733581513475,0
15,124.06,0,0,0,0.16485663932097896,101.41581322959493,0
13,361.9,1,0,0,0.10601695870823773,100.70855973029947,0
12,302.48,0,0,0,0.3764057041932529,69.70210797866125,0
14,286.03,0,1,0,0.21967954198990663,164.65040348365847,0
13,253.81,0,2,0,0.012178377715298538,78.22774120916462,0
10,335.0,0,0,0,0.20974423576753812,68.13400420371546,0
12,261.95,0,0,0,0.04610192421374979,31.148031371456426,0
3,585.9,0,1,0,0.3360806144844915,254.41063546875392,0
16,862.59,0,0,0,0.18980050914116817,80.08195701077275,0
16,511.64,0,1,0,0.04694124626864061,57.627857450586454,0
2,4823.39,1,0,1,0.6869470260463955,2.3183217467053883,1
13,2556.95,0,0,0,0.060972637100294255,301.2872189370004,0
15,797.2,0,0,0,0.25242109188809125,109.75998696503147,0
11,851.89,0,0,0,0.23956316074581377,31.551880136894876,0
8,209.24,0,0,0,0.1568114394071799,755.5709738578527,0
15,102.68,0,0,1,0.26753023640174795,228.3433310619907,0
11,372.62,0,0,0,0.09407254457158264,16.67496798469551,0
8,59.54,0,1,0,0.2280702732487324,1.0,0
9,644.86,0,0,0,0.07510081021076713,114.28482861022952,0
12,568.61,0,0,0,0.09602462660661623,110.83390661157716,0
9,151.02,0,0,1,0.18097047171826816,75.76088941438174,0
17,882.0,0,0,0,0.14502331432424792,9.042982841421432,0
11,791.82,0,0,0,0.2133911346393525,96.66804186303501,0
14,652.28,0,0,0,0.08887366145797143,79.54715182947407,0
23,300.98,0,2,0,0.09418544087990087,456.8307270647775,0
16,1067.55,0,1,0,0.078764062868642,5.283785177082281,0
8,5383.33,1,0,0,0.13233639970011443,349.0657015125929,0
6,621.71,0,0,0,0.12934453105873098,485.5527974742112,0
9,125.72,0,1,0,0.20184367088370034,159.26144055934185,0
16,256.23,0,1,0,0.39432975584377167,52.2099238845978,0
12,876.67,0,0,0,0.13454090078270653,94.6217365024799,0
18,159.26,0,0,0,0.03508776839701738,428.0606266276435,0
17,231.96,0,0,0,0.3092674355900395,396.6644825970828,0
23,481.2,0,0,0,0.0825796326328259,25.70838060347774,0
9,249.69,0,0,0,0.15755250200521595,73.30717231797088,0
20,551.67,0,0,0,0.014169221154736313,41.194175650015445,0
16,330.49,0,0,0,0.3564677246971015,91.4820348557552,0
13,430.12,1,0,0,0.04908115149510961,99.61570685334556,0
17,111.99,0,0,0,0.053367306294751345,479.7995845158816,0
11,567.15,0,1,0,0.23268204753253702,288.50768132078764,0
7,260.6,0,0,0,0.1435797614001122,4.646249078241539,0
4,180.09,0,0,0,0.2288182705495991,77.98228171321715,0
5,8974.44,1,3,1,0.643299983400899,1.8014460128271748,1
10,1143.0,0,0,0,0.06444198780176705,104.35877803740736,0
15,283.79,0,1,0,0.022542478985113207,231.71609652231209,0
15,84.52,0,1,0,0.0652331648136779,69.24479030040926,0
3,4823.39,1,5,1,0.8063624306546591,6.866234863889207,1
0,8974.44,1,5,1,0.8556399320676591,17.97773137876976,1
9,343.36,0,0,0,0.16606367148673104,31.490172415326118,0
20,133.86,1,1,0,0.06852709825121697,326.98874440672995,0
13,1101.53,0,0,0,0.202877976055809,121.8983644593363,0
18,159.47,1,1,0,0.1162424248382774,61.89300289533945,0
14,1170.73,0,0,0,0.2823982927411539,597.1731217947803,0
12,711.87,0,0,0,0.13037292593543795,73.00047371584559,0
20,162.46,0,2,0,0.055824244757413974,173.50032272956759,0
10,150.76,0,0,0,0.2420973726561169,50.216271102940226,0
16,86.14,1,1,0,0.06841666658134664,40.2526125971625,0
20,98.6,1,0,0,0.11212133956508083,262.7630919212479,0
17,460.13,0,0,0,0.10977951069515406,55.816882816951875,0
10,100.63,0,0,0,0.29285587952206404,54.16406278713167,0
12,680.43,0,0,0,0.11715544959757841,44.79418531313183,0
18,224.07,0,0,0,0.1267329146453152,19.001470243136175,0
15,1533.15,1,1,0,0.015224103910631493,708.8444351322865,0
10,1469.42,0,2,0,0.016387005104524628,227.801557779235,0
3,4823.39,0,2,0,0.785924082301207,4.192794148337591,1
8,244.37,0,0,0,0.17241792690855176,419.88704926736744,0
22,1249.47,0,0,0,0.14911796258311646,24.582765617887553,0
9,347.86,1,0,0,0.13590793905006252,17.360311687674155,0
13,248.1,0,0,0,0.026211541134903517,153.45876017967,0
18,366.64,0,0,0,0.12841125392720676,275.3238617192818,0
16,1153.91,0,0,0,0.3333395064284333,147.7627693654862,0
8,130.25,0,0,0,0.11515140373843663,159.08225388247732,0
13,1559.02,0,0,0,0.09609125122423294,5.80517997958279,0
16,355.24,1,0,0,0.18691397404651283,140.53463926595876,0
12,74.8,0,1,0,0.2560019554809104,95.47691669376015,0
19,780.93,0,2,0,0.2960296804166983,272.39575629723805,0
22,287.63,0,0,0,0.16650100399288098,24.295141122709182,0
5,192.17,0,0,0,0.011130615234466647,81.89689538891373,0
14,2435.73,0,0,0,0.3512082300325189,44.241263596728636,0
8,899.55,1,2,0,0.05941725242820782,41.42687494239122,0
17,1023.97,0,0,0,0.151591031924627,264.0980127100685,0
12,690.4,0,0,0,0.16265977282246366,35.00432281624901,0
14,1205.38,1,0,0,0.2759979437470687,84.20474269345503,0
18,302.16,0,0,0,0.2581052045779592,56.56117423504206,0
15,1192.95,0,1,0,0.05564056777609475,84.75564105966019,0
13,381.41,0,1,0,0.10040571279713414,78.35790178987557,0
17,355.55,0,0,0,0.008167179105794896,622.9807843147613,0
3,4823.39,1,0,1,0.7184220949819725,0.1,1
23,292.27,1,1,0,0.39626195134477465,13.846385856275859,0
6,198.44,0,2,0,0.1268583825934072,137.74891991122027,0
6,636.43,0,2,0,0.1497279429494229,61.12028579320157,0
19,179.23,0,1,0,0.09038876007324124,331.19240971294516,0
15,3402.63,1,0,0,0.13677512155596616,223.6937866472676,0
16,352.93,0,0,0,0.13132124282287747,203.30344198752988,0
0,4823.39,1,1,1,0.9200456365480129,9.696460908729865,1
15,309.6,0,0,0,0.2637446039610322,28.983125853382656,0
16,3309.77,0,0,0,0.598200569248619,17.755232207773656,0
4,969.31,0,2,0,0.15043851909119502,276.8761646742187,0
19,428.65,0,1,0,0.29481884552257326,109.49880276910649,0
14,140.95,0,2,0,0.2939480910378688,29.463561659882306,0
9,462.52,0,0,0,0.24295186014181125,133.01904779935006,0
13,3795.32,1,1,0,0.24265215852572586,206.1343770278359,0
20,606.76,0,0,0,0.1561954916352588,11.530853347365541,0
10,282.49,1,0,0,0.004135426126332481,307.8611640268225,0
22,534.99,0,0,0,0.15388269687431894,154.59887687032378,0
21,158.31,0,0,0,0.02566512463570248,242.8700743311448,0
15,635.53,0,0,0,0.14473974422856886,272.6051061413309,0
5,78.34,0,0,0,0.44269354658149146,310.0417139280153,0
22,61.35,0,1,0,0.08782965645371171,1078.6605741477522,0
12,387.58,0,0,0,0.27695745899580954,97.85219515638755,0
14,2428.68,0,0,0,0.034301225000569376,1.0,0
11,1230.25,0,2,0,0.05279294474499484,209.94949113254256,0
0,8974.44,1,5,1,0.8617148541623884,5.5909797589600805,1
14,287.93,0,0,0,0.1140689070992831,90.92881438014766,0
15,231.07,0,0,0,0.3802657166154199,357.5826460568051,0
11,26.49,0,0,0,0.1551892610271341,260.1532176846673,0
14,242.92,0,0,0,0.08277898673421978,175.7168711876079,0
15,2814.73,1,0,0,0.1944438307730094,490.28430993092286,0
21,1366.08,0,0,0,0.10372820809746713,405.1432315985398,0
13,486.4,0,0,0,0.02731045174274975,636.3133374722213,0
16,132.67,0,1,0,0.03914602485992486,22.27503512237797,0
11,361.69,1,0,0,0.14356443407466626,599.3092860144816,0
11,531.43,0,1,0,0.0655643247573603,170.5113026071791,0
16,682.09,0,1,0,0.11961975576471545,205.9167950057629,0
23,399.69,0,0,0,0.05829952209773086,478.83001877695733,0
4,8974.44,1,2,0,0.7943076811346744,9.851631128188913,1
11,595.63,1,0,0,0.037081272071045474,4.691325795307048,0
23,97.68,0,0,0,0.07399361674566285,4.529648900780066,0
13,1293.38,1,0,0,0.36105643175861074,519.5597578020795,0
14,181.3,0,0,0,0.6169308609945838,235.8984418707024,0
7,1244.72,0,1,0,0.10515853322945545,150.00460041107755,0
14,298.32,0,0,0,0.07100392811762694,242.6857519142747,0
22,8974.44,1,1,0,0.6493145688352864,5.458186359806918,1
16,1052.07,1,1,0,0.23293100486850218,99.55261525438547,0
15,410.14,0,0,0,0.030596097335520395,307.364822914424,0
15,96.0,1,1,0,0.2623918368023652,227.08014528128757,0
15,3374.75,0,1,0,0.1055685026537739,333.93474780609745,0
10,1228.09,0,1,0,0.24929709722238663,136.30618732352644,0
15,210.68,0,1,0,0.23632661064758337,79.63980241796853,0
8,910.96,0,1,0,0.08395064300442417,377.42937825835133,0
14,508.85,0,0,0,0.3553205866173485,22.58170527840659,0
7,329.02,0,0,0,0.15176725251343884,728.3159165761601,0
22,1857.6,1,4,1,0.48467432098837077,4.396401456661267,1
19,261.6,1,0,0,0.19540404142574852,63.28975165534447,0
13,164.04,0,0,0,0.16398305189403684,21.406732498927077,0
0,3880.97,0,0,0,0.1604097804318275,66.99898805002479,0
22,320.97,0,0,0,0.2523078432495012,17.346431067771643,0
23,8974.44,1,3,1,0.869730299957934,6.962671939812597,1
11,69.54,0,0,0,0.1672387244760317,63.43539134613141,0
7,446.0,0,1,0,0.08245107264811395,244.47265562442453,0
7,112.74,0,0,0,0.2274443096526913,163.16157144545986,0
14,330.02,0,2,0,0.2617549863713814,103.53021311123479,0
12,177.53,0,0,0,0.023551500528763262,590.9875356405469,0
19,442.91,0,0,0,0.3324645949115381,351.93093124864896,0
23,104.82,0,0,0,0.060465600769522565,133.93158006715532,0
16,759.64,0,0,0,0.29440413151260586,71.44471670736755,0
19,726.09,0,0,0,0.4077419746197347,104.62944531309395,0
23,227.47,0,0,0,0.18911274369396078,208.94124252988985,0
11,297.95,0,0,0,0.05152320747897239,95.11859326397811,0
12,598.59,0,1,0,0.061311506311227774,371.9083002280901,0
23,2244.93,0,0,0,0.059004436128789105,34.8212598758012,0
14,279.71,0,0,0,0.023168777410981087,243.29142053764858,0
8,62.59,0,0,0,0.11280029237860226,75.53137749920522,0
14,359.14,1,0,0,0.48118304635245535,32.48390947311981,0
16,337.51,0,0,0,0.09619113956340826,482.34090846387744,0
15,290.52,0,0,0,0.03460611551959974,594.142359925126,0
10,10.0,0,0,0,0.09603424517656316,268.699059926477,0
3,1232.15,0,0,0,0.000860410694962428,53.07106186475938,0
5,391.78,0,0,0,0.38496710720417543,12.861959336871625,0
15,228.44,0,0,0,0.050403883124918905,231.71843297497668,0
19,108.15,0,1,0,0.09667313167367664,594.1646846832647,0
4,4823.39,1,5,1,0.6399025571509089,4.665803380423148,1
14,357.43,0,0,0,0.18518724949942705,7.813783334442485,0
17,73.34,0,1,0,0.10492813100619926,106.98443285271361,0
18,487.2,0,0,0,0.25007411531381524,19.81973282520227,0
11,3216.92,0,0,0,0.20929764958412328,156.62005584464518,0
20,1316.49,0,1,0,0.11493466315057962,31.32610299572932,0
17,75.5,0,0,0,0.2841841094434421,218.44097507031807,0
19,776.91,1,0,0,0.3007119027525033,181.31262284913666,0
23,805.26,0,1,0,0.05527638820657264,79.484850479049,0
19,175.34,0,0,0,0.11355129286827842,11.770412809105716,0
11,188.39,0,0,0,0.09713670908341691,160.72557996118195,0
8,600.5,0,0,0,0.11396198316006052,212.1706546186403,0
20,247.78,0,0,0,0.19313246759248015,387.32380379807955,0
18,331.7,0,1,0,0.07754084957475878,47.927059147456326,0
19,533.91,0,0,0,0.18659716263392584,4.77267463567835,0
13,355.99,0,0,0,0.2699948102090158,483.45243156871203,0
9,183.9,1,0,0,0.020749360001426683,85.81557375503951,0
6,1137.56,0,1,0,0.17660203883168937,114.51803522317765,0
8,177.97,0,0,0,0.11968187398864974,261.81045248290314,0
11,1363.85,0,2,0,0.422159142259778,301.56069869502994,0
11,766.82,1,0,0,0.13630548943024473,344.0720074236383,0
18,498.76,0,1,0,0.010476634127541426,274.6974326460081,0
0,747.03,0,0,0,0.5494523702901336,31.872815730382143,0
23,988.64,0,1,0,0.20449031026182254,1196.7214958436457,0
14,2579.66,0,0,0,0.16705608851530024,191.63549338547568,0
23,1421.67,0,0,0,0.2950376598073712,220.54331800978724,0
12,149.42,0,0,0,0.1327370021178683,492.17796254503486,0
3,4823.39,1,3,0,0.693904857474872,14.903682476226189,1
15,426.03,0,1,0,0.25044296639376806,73.00703810917511,0
13,839.25,0,0,0,0.3167950547035826,40.54860426001225,0
6,277.92,0,0,0,0.2973097162047289,229.8902369974753,0
13,189.0,0,0,0,0.12100702674634627,84.91580667688565,0
13,676.12,0,1,0,0.024278269425601712,135.28698142955344,0
19,555.91,1,0,0,0.30107905741016533,2.787342305310851,0
15,2092.7,0,0,0,0.2855252315744265,763.4847240564851,0
20,936.47,1,1,1,0.2891690865263367,704.9706546709149,0
18,400.91,1,0,0,0.021800229828739123,89.82446750949539,0
14,2218.04,0,0,0,0.020991773709935043,481.87094771398137,0
23,2924.52,0,1,0,0.21201185899771038,56.467206503360536,0
9,751.69,0,0,0,0.19949945616853554,5.770646328252945,0
12,228.83,0,0,0,0.23930255693052185,149.21557149990844,0
11,190.62,0,0,0,0.2532159182411861,1.0314093890489322,0
16,1858.36,0,0,0,0.0864935031815953,583.7432114788943,0
16,163.5,0,0,0,0.05188434208801896,311.75134072897805,0
0,70.75,0,1,0,0.1785237933984926,215.8822846213052,0
9,517.07,0,1,1,0.24443527933244985,189.6107968643666,0
4,290.41,0,0,0,0.08196639556649714,156.06136004564615,0
13,425.24,0,0,0,0.418228342474073,8.520818351399905,0
10,341.65,1,0,0,0.17885592598639236,117.17260869327357,0
21,202.33,1,2,0,0.10579279847899979,178.3002685302691,0
0,167.23,0,1,0,0.25892170540198894,125.9993240439447,0
17,1116.66,0,0,0,0.052075568950041194,93.76079479845133,0
9,594.28,0,0,0,0.06406144835879775,22.759320270576538,0
18,803.36,0,1,0,0.01186571699446267,604.1838195006286,0
14,1242.33,0,0,0,0.048831396342667296,229.4928069254527,0
0,8974.44,1,4,1,0.7621875498042082,10.232285522684645,1
15,982.39,0,0,0,0.01551626833530358,23.4547359154345,0
18,703.27,0,0,0,0.23612728782189016,121.69256723582461,0
13,2081.51,0,0,0,0.18599348105779187,159.47178853691267,0
21,131.31,0,0,0,0.07965258569446312,209.84538933188537,0
18,1161.34,1,1,0,0.11421905100419887,157.11937694446988,0
7,641.73,0,0,0,0.4345889094608339,372.24916003968826,0
3,134.72,0,0,0,0.11145080142153672,54.237996549699226,0
10,303.5,0,0,0,0.17586752963940486,287.3902823834776,0
10,1409.46,0,0,0,0.05675137803313143,73.9760281557264,0
3,4823.39,1,4,1,0.7275479871459,5.838918317152908,1
13,253.77,0,1,0,0.12921322633024693,58.933840390623594,0
15,250.34,0,0,0,0.07264595522533199,66.45874659104143,0
13,56.52,0,0,0,0.21364721951630605,131.38228923316686,0
14,435.7,0,0,0,0.32779734893168844,288.1302212191864,0
16,867.68,0,0,0,0.025038400662451055,83.97435082289431,0
12,265.59,0,0,0,0.10369540191860158,67.32289862515174,0
11,170.16,0,2,0,0.6171365598229033,12.645165449332191,0
18,150.1,0,0,0,0.01477349308351699,11.50198428581404,0
20,345.33,0,1,0,0.041708210623122265,87.61404399585595,0
12,244.02,0,1,0,0.15434777714790837,3.9592547308074613,0
23,892.31,0,1,0,0.0704264023501865,245.5782458494953,0
19,723.57,0,0,0,0.03297719498312083,259.4840832393834,0
9,2856.72,0,0,0,0.161290974158433,245.69333667530978,0
16,378.69,0,0,0,0.0964540728078988,31.042041458817483,0
13,337.03,0,0,0,0.07990487696841884,25.133259621349335,0
11,2366.46,0,1,0,0.13474984121522016,237.58031493814437,0
11,44.22,0,0,0,0.29203183868277166,337.8748949968579,0
23,666.4,0,0,0,0.11573879039976834,80.91856571677539,0
8,160.09,0,1,0,0.1473451535585944,583.5698662788983,0
11,407.28,0,0,0,0.07696852390058792,24.718758682524577,0
7,1854.03,0,0,0,0.08920480032787217,92.43977936262357,0
11,142.84,1,0,0,0.0034427284160084785,52.5387629338335,0
14,360.48,0,0,0,0.16362508668034567,270.902336363417,0
13,84.69,0,0,0,0.10987041184889834,277.7038252426187,0
16,673.61,0,0,0,0.07627082411670233,458.1127755968381,0
20,497.49,0,0,0,0.03480876769997143,85.34496384112636,0
18,274.79,1,1,0,0.10123621230823542,8.2953760446513,0
9,166.11,0,0,0,0.3349011294813321,224.5519979856284,0
17,1658.27,0,0,0,0.19857412312942999,3.5695960002549625,0
17,59.61,0,0,0,0.003463212915686293,819.7491885259777,0
12,814.98,0,1,0,0.06466643430254163,34.969564916088956,0
17,678.04,1,0,0,0.03167894176082647,42.95631369933544,0
22,163.83,0,0,0,0.26337119946767207,128.18483938651985,0
15,142.97,1,0,0,0.10323835651679573,98.00513633328242,0
16,421.78,0,0,0,0.1619938735502916,159.7482537827365,0
9,173.06,0,0,0,0.027296556844002704,254.18506409683,0
22,843.76,0,0,0,0.14781210784557294,59.78255024226589,0
18,447.24,0,0,0,0.24832516002201524,1.93476552296695,0
13,529.4,0,2,0,0.08603657034564209,30.061859408097934,0
23,517.0,0,1,0,0.6064352327197169,155.95454997477302,0
5,635.76,0,0,0,0.0448093373844438,85.48059689100101,0
21,581.61,0,1,0,0.33549886979403654,524.0487920025816,0
10,1367.88,0,0,0,0.19192674015481503,79.57545201580125,0
13,76.06,0,0,0,0.09833386153632573,95.72894745056458,0
14,481.2,0,0,0,0.34880576443590344,155.38236327612614,0
13,935.19,0,0,0,0.06915423618779434,103.10468330501111,0
18,373.1,0,0,0,0.17938020814179587,25.062143589123394,0
6,379.88,0,0,0,0.026623105656448286,891.3935313240231,0
4,2535.92,0,0,0,0.15085002876782047,317.0037133872353,0
20,401.69,0,0,0,0.23094173038263968,49.48900953294223,0
12,283.07,0,0,0,0.03665627595025464,423.3456788938953,0
11,160.23,0,0,0,0.09748364563737003,146.78741306254204,0
6,174.66,1,0,0,0.1295817352200076,137.86375892766395,0
5,1857.6,1,4,1,0.9617155118397972,13.497092389611465,1
10,617.92,0,0,0,0.23083961276554954,210.8418374802645,0
9,622.49,0,0,0,0.12518930491857114,115.61526509907176,0
23,80.87,0,0,0,0.0492875889791279,399.46311201311454,0
6,789.79,0,0,0,0.08730220681296472,205.85270287076074,0
13,131.31,0,0,0,0.055600976303847235,275.04731553330885,0
13,1338.57,0,0,0,0.13231798014968005,42.134214658634285,0
18,325.67,0,0,0,0.039261252838014876,278.8919536201386,0
19,308.43,0,0,0,0.10355444946082802,24.08113106244985,0
11,542.7,0,1,0,0.13414063697860262,15.224999870088087,0
18,519.42,1,0,0,0.17197737528868084,10.400944228504871,0
6,623.29,0,1,0,0.18426382308675215,25.33560178869361,0
5,362.97,0,0,0,0.07962316515807479,217.06303904421537,0
16,848.53,0,0,0,0.23079985604637146,140.79345990657671,0
6,413.01,0,0,0,0.24700687813159306,2.2706080758595784,0
12,163.07,0,0,0,0.1620547158455082,23.872538937916996,0
19,116.4,0,0,0,0.04615222031549032,1.4386195730779798,0
13,232.51,0,1,0,0.2673501442675121,90.9499318741108,0
13,74.95,0,0,0,0.08839788931686929,160.1910417108598,0
7,696.65,0,0,0,0.23246958390890754,394.39345890207176,0
18,3248.11,0,0,0,0.17593867354480236,400.09776339684294,0
4,8974.44,1,2,0,0.8552790443103859,5.561180549699672,1
3,1604.46,0,1,0,0.08042718643520777,38.087248903861585,0
17,34.31,0,1,0,0.30508958551874715,333.5439632959793,0
20,1654.75,1,0,0,0.05706398513500055,145.68731685442245,0
18,1214.1,0,0,0,0.06578184879592178,5.812055068396325,0
8,391.8,0,0,0,0.1294983844117429,203.4174527454136,0
11,657.93,0,0,0,0.03298245942997015,164.49822637616634,0
8,178.35,0,1,0,0.13117149796855157,10.530476410391655,0
11,602.08,1,1,0,0.14442824105770502,178.58330520279813,0
14,313.51,0,1,0,0.1983447327090897,394.9438263404248,0
19,558.45,1,0,0,0.037692768230618144,75.28079532838353,0
18,175.24,0,1,0,0.12035234358171304,102.67882061446362,0
12,375.53,0,1,0,0.07499334069746798,53.768059742579304,0
23,490.32,0,0,0,0.2288637924201479,218.06416646029624,0
10,429.54,0,0,1,0.3263623422745059,17.57438664964827,0
7,1207.07,1,0,0,0.26830088137335045,190.01253267574072,0
17,238.55,0,0,1,0.26369761400182284,131.45955237572645,0
15,2242.3,0,2,0,0.1372132937166093,58.10925681913059,0
14,292.39,0,1,0,0.1576337773162451,31.49745087300023,0
0,1857.6,1,1,0,0.6103376107451598,0.8722606261373819,1
8,257.72,0,1,0,0.1478016320867882,54.2429472785172,0
8,560.96,0,0,0,0.3976611387598479,325.3494818606988,0
16,2706.63,0,0,0,0.10295038892944403,91.48291666618701,0
6,168.55,0,1,0,0.035783395453328815,709.0598270123147,0
14,237.19,0,0,0,0.20480346366075086,354.7466267721386,0
9,3905.7,1,0,0,0.03175893154646565,19.71437205160158,0
23,932.13,0,1,0,0.17873146880421628,166.35106010583587,0
15,1147.58,0,1,0,0.37781094206636806,55.067750236037405,0
13,1822.71,0,0,0,0.30480113923412966,29.82035212955249,0
10,128.66,0,0,0,0.15371232280989403,37.355550742010195,0
22,579.01,1,0,0,0.19022343534859076,148.8922765988864,0
21,232.94,0,0,0,0.2779934184445753,17.81983822482239,0
9,203.26,0,0,0,0.21420239845522399,117.38573788023284,0
16,816.47,0,0,0,0.048196975307962416,1.318039004678416,0
11,843.96,0,1,0,0.42964019221342425,122.3727599370969,0
16,699.83,0,1,0,0.0974692532226346,180.9769843316288,0
17,3332.67,1,2,0,0.10518603731073971,2.5809916613669444,0
12,139.92,0,1,0,0.038318104961109684,155.50850140983985,0
12,77.55,0,0,0,0.09535851675476903,2.307142243393612,0
14,586.74,0,0,0,0.06436097228167532,77.42339833622515,0
11,452.53,0,0,0,0.2022277795360188,37.41414813981515,0
11,263.33,0,1,0,0.022163360654701522,22.97979313464707,0
11,1154.34,0,0,0,0.13107040380047819,57.46604492785301,0
10,376.47,0,0,0,0.36261437467082974,45.73431710780221,0
7,154.57,0,0,0,0.16235491399800941,221.4815885970035,0
11,352.39,1,1,0,0.10962792457332879,349.07371826876715,0
11,302.07,0,2,0,0.056373967035210755,58.84751982896775,0
5,1105.87,0,0,0,0.23360880626937405,106.1708639676504,0
7,958.92,1,0,0,0.1260486088298732,29.43277850659364,0
15,932.31,0,0,0,0.09415641775618666,171.80649869936437,0
15,290.33,0,1,0,0.15366897217986475,533.3149285082505,0
16,258.18,0,0,0,0.12439846153339108,259.6132507304078,0
12,516.62,0,0,0,0.43933371600775223,814.8297238279863,0
8,529.5,0,0,0,0.26859301844444333,276.43975846032384,0
12,494.18,1,0,0,0.04591730235703104,74.6651587905703,0
14,350.71,0,0,0,0.20220901492113927,143.10132174616328,0
23,8974.44,1,4,1,0.8340793909709759,8.826694651914364,1
13,93.04,0,0,0,0.25269398757995865,273.44296364875214,0
18,532.82,0,1,0,0.07646889977738713,47.046949310809296,0
18,4541.66,0,0,0,0.22377845071147787,166.86159715503678,0
18,130.65,0,0,0,0.2821765844447573,20.30079357317954,0
10,420.97,0,0,0,0.1398007106420621,602.4462538761148,0
16,79.59,0,1,0,0.11776670821671828,296.7392202458816,0
3,4823.39,1,2,1,0.7386800339926647,19.617342077560963,1
15,247.56,0,0,0,0.04882441887809933,49.475295399747445,0
11,675.16,0,0,0,0.29434259272931523,138.73665648455383,0
7,2015.87,0,0,0,0.2774312167996522,453.2559273611294,0
11,414.77,0,0,0,0.060368159526197326,43.766319794755,0
9,164.49,0,0,0,0.37966466324876147,109.77710342506626,0
14,150.76,0,0,0,0.2106612265057857,38.75385322634432,0
9,462.63,0,1,0,0.03676660352300792,16.74055859517893,0
10,105.92,0,1,0,0.11798784449883562,99.81819270274474,0
13,564.73,0,0,0,0.19901016405044342,446.29935143166244,0
8,357.39,0,0,0,0.21195831017204816,243.57843792278172,0
15,1926.9,0,1,0,0.10708671525847464,84.35584201238926,0
22,8974.44,1,7,1,0.46709178065277707,33.38109932028361,1
23,535.27,0,1,0,0.21968633788156736,204.53730401649756,0
12,385.93,0,0,0,0.06368940010150739,349.90659161679775,0
15,444.74,0,0,1,0.08456900641226396,28.025422547258653,0
18,452.18,0,0,0,0.1313948847963446,1.0,0
9,46.21,0,0,0,0.09302484423274943,30.51053169848148,0
11,265.01,0,0,0,0.022896681747861077,70.71591845335992,0
14,2226.0,0,0,0,0.20459149152276193,442.8338860228651,0
13,915.88,0,0,0,0.2640415008805172,14.361326035541769,0
7,527.26,0,1,0,0.05700866968840212,136.18833874301288,0
23,1857.6,0,4,1,0.9066061170873913,1.6922097361524489,1
9,678.03,0,0,0,0.05219756375786321,137.74451763758222,0
2,83.45,1,0,0,0.00943725853743033,100.45608015840577,0
9,629.55,0,0,0,0.40436225798166464,413.63583815691874,0
13,358.25,0,0,0,0.28283600255708247,157.30215047357362,0
12,2628.4,0,0,0,0.04693209975309965,104.63036200551447,0
10,1487.11,0,2,0,0.19794118685174977,15.233184225156801,0
4,182.33,0,0,0,0.3074172093277779,194.10998147349218,0
9,403.74,0,0,0,0.05307503348062291,512.4526936157276,0
12,374.7,0,0,0,0.23308766244440604,391.43905853804836,0
9,859.95,0,0,0,0.04846778596830541,482.62990781628093,0
18,440.86,0,0,0,0.1826253468128547,305.99223655537196,0
23,322.06,0,1,0,0.23486470775274415,47.39178551733917,0
6,284.96,0,0,0,0.02510581440400568,140.15652818247193,0
20,641.08,1,0,0,0.04977265785055046,186.82477025352594,0
16,194.72,0,1,0,0.2537707568751135,193.0625667192757,0
18,505.51,0,1,0,0.06706452592673087,104.11254113584924,0
21,553.41,0,0,0,0.4279754950452116,57.407908994800685,0
3,1420.8,0,0,0,0.21737833197771045,16.924571739535594,0
15,926.44,0,0,0,0.15779465600064632,626.2635397309018,0
13,246.19,0,0,0,0.09310671301101117,15.716929499604813,0
18,190.41,1,1,0,0.2594111528691083,151.90882506280153,0
19,77.35,0,1,0,0.20240288843259213,40.32448907351141,0
14,491.46,0,0,0,0.22997196971334982,141.80302188116525,0
23,8974.44,1,5,1,0.845382761140997,4.877173325013798,1
14,1041.36,0,0,0,0.08398938534374213,86.9185919404087,0
12,2599.9,0,0,0,0.19192457321878462,48.037245501871816,0
11,326.52,0,0,0,0.14080423407392723,342.5456419588687,0
22,8974.44,1,4,1,0.9591407967093608,9.456946530978707,1
15,77.16,0,1,0,0.005561221405271559,38.884734641538095,0
12,1679.21,0,0,0,0.05723799548159341,91.83562320714164,0
10,838.8,0,0,0,0.21954075791750988,534.0094613873732,0
8,299.73,0,0,0,0.06199948075527516,3.17249744186205,0
7,164.21,0,0,0,0.23845511174338835,112.41768355573409,0
18,380.94,0,0,0,0.06815467560922173,128.65629709975465,0
20,751.86,0,0,0,0.0678285696710522,529.9098248707204,0
16,330.32,0,0,0,0.00998014312815705,769.5444645283328,0
0,4823.39,1,0,1,0.563525935646237,3.1457729822928067,1
13,146.55,1,1,0,0.10354827264207155,56.01046304642248,0
20,160.54,1,0,0,0.15613530990860663,124.95824092658182,0
19,1283.42,0,0,0,0.11581750712207693,59.12117762117023,0
7,1320.55,0,1,0,0.20095902289974785,180.14075577319525,0
12,1144.94,0,0,0,0.16670686300883442,34.294109216353874,0
19,319.81,0,0,0,0.29034078304807565,334.109481315027,0
18,793.86,1,0,0,0.11255635880658843,139.4984483453459,0
9,272.83,0,0,0,0.13799058279242354,61.0783215316901,0
15,359.08,0,1,0,0.03373020709375725,295.54154999219327,0
9,1168.89,0,1,0,0.33368297956778864,114.13098433288755,0
20,147.56,0,0,0,0.08419749657466755,9.386494086973737,0
18,466.78,0,1,0,0.1799536933005144,242.61513734274135,0
16,95.87,0,1,0,0.02995465584213621,237.26946396974327,0
12,102.81,0,1,0,0.08553693061703069,516.1896188098602,0
11,1478.08,0,0,0,0.03331489130414817,1.0,0
8,203.95,0,0,0,0.17871470663228192,23.712295566567313,0
22,174.43,0,0,0,0.23305696731605505,178.71045905732336,0
20,1165.63,0,0,0,0.20498149619598136,29.695314107028725,0
18,795.8,0,1,0,0.27622299976017184,244.9485353192225,0
15,1133.53,0,0,0,0.18418584578193514,105.82649231969606,0
15,1756.38,0,0,0,0.0890451838286725,200.55934785982697,0
15,442.74,0,2,0,0.07144355029734839,493.89262554418525,0
8,3043.92,0,0,0,0.060080960767726926,368.11455402069487,0
6,537.57,0,0,0,0.00586759618462197,116.86219989779337,0
11,44.13,0,0,0,0.34628063202641596,59.161547554443665,0
17,796.15,0,0,1,0.2331769194878798,226.1985997080363,0
16,651.08,0,0,0,0.11605511736647849,204.90127311837205,0
17,636.22,0,1,0,0.21634941509511676,389.44850412369163,0
16,1648.3,0,0,0,0.4389068277511095,584.9519046757348,0
10,112.15,0,0,0,0.22268225347509016,118.42697136776798,0
23,115.54,0,0,0,0.2029065396164922,411.726367645025,0
5,484.47,0,0,0,0.18115634500907501,576.9772140953133,0
17,609.01,0,0,0,0.22115720569947905,270.00642874212855,0
13,177.91,0,0,0,0.2918069633467152,27.672921211080762,0
20,123.9,1,0,0,0.1481878861356948,713.8860091228754,0
14,1099.78,0,0,0,0.018893662529673116,37.51473026015698,0
23,837.58,0,0,0,0.15576097436936584,177.37516401915053,0
13,184.3,0,0,0,0.022889192779082815,49.726037969330044,0
18,1331.61,0,0,0,0.1287715016098237,412.81412599453427,0
23,8974.44,0,5,1,0.9044491437988901,14.875167905214274,1
19,159.74,0,0,0,0.06709038628600837,7.25791562869234,0
8,997.62,0,1,0,0.17649387157041418,356.98685704362174,0
23,408.23,1,0,0,0.027217429784926205,155.19455107860452,0
13,852.22,1,0,0,0.12870322393527608,140.59194807863065,0
13,489.25,0,2,0,0.012689280965279782,235.79589263042016,0
16,1005.41,0,0,1,0.08435426119890357,10.428596574931781,0
15,1224.2,0,1,0,0.3171608036692721,9.048209680741625,0
11,637.96,0,1,0,0.062154523960352474,11.643256199632523,0
0,4823.39,1,4,1,0.7395642955683364,7.983003563974751,1
2,8974.44,1,3,0,0.5122217214110193,0.394168945388686,1
0,611.67,0,1,0,0.23411278942246572,72.04465231912093,0
23,1490.38,0,0,0,0.10474140137560012,41.52633429353432,0
11,32.23,0,0,1,0.2402069024837834,182.0396657053768,0
14,358.01,1,0,0,0.15377436780933096,159.0855280809177,0
7,153.37,1,0,0,0.050997200721844514,317.48218572987736,0
21,1025.3,0,1,0,0.04082492949645138,206.24779501195067,0
23,4823.39,1,7,1,0.7418507019893225,13.757203346398681,1
18,539.65,0,0,0,0.12376070304859588,64.97969253585858,0
6,250.58,0,0,0,0.14746628450788618,419.177948660875,0
8,298.06,1,0,0,0.13735372864941137,197.27743775538664,0
10,253.87,0,1,0,0.09797482273576104,176.65499838326056,0
14,711.12,0,2,0,0.2674853081298232,33.943994190916065,0
21,242.11,1,0,0,0.0657518244162804,444.2627075815132,0
2,131.99,1,0,0,0.10220255596901129,318.8266633162512,0
14,273.21,0,0,0,0.01735738585236176,1114.6228687381838,0
11,648.42,0,1,0,0.13176225927119772,4.977934290092244,0
18,64.28,1,1,0,0.13449132994494703,482.7973364317361,0
4,1857.6,1,3,1,0.6643184710253867,5.976949200946803,1
23,1857.6,1,1,0,0.979848253615759,13.414967782526022,1
16,1184.93,0,0,0,0.17475820605332823,158.90137357993268,0
18,123.29,0,0,0,0.29534949615504713,29.31010817879543,0
10,404.12,0,0,0,0.05827740606787759,144.1197654597245,0
21,311.21,0,0,0,0.16632075638670388,409.7605731906585,0
14,386.59,1,2,0,0.07300632781782695,29.553197388336443,0
12,1146.55,0,0,0,0.09512471063052878,10.64123500744705,0
12,880.42,0,1,0,0.37852391254654677,55.716159920016345,0
12,308.55,1,0,0,0.10844460624493389,164.8789064570175,0
3,4823.39,1,4,1,0.7155197211852884,7.548068678329486,1
4,512.8,1,0,0,0.010035490183761358,52.22756528729191,0
21,383.49,0,0,0,0.19742941319182417,261.36109879874033,0
13,473.04,0,0,0,0.02141457452972548,20.4479483093832,0
15,73.74,0,0,0,0.25149577043252413,164.6208743696097,0
10,271.77,0,1,0,0.08222229271341323,24.31658012809939,0
7,216.36,0,0,0,0.04085417075410016,107.38413296032573,0
20,984.7,1,2,0,0.022252134084103717,19.153532848394384,0
13,237.58,0,0,0,0.2552893893649023,21.077879120878386,0
4,887.38,0,1,0,0.2030803804454597,7.717191981400484,0
12,1384.45,0,0,0,0.34308262067721124,1666.284765246824,0
11,2192.75,0,0,0,0.35453941369755565,19.672032915426687,0
22,101.78,0,0,0,0.2784346894947659,105.20667689806392,0
12,636.48,0,2,0,0.34032345419104704,108.85947273137938,0
15,257.62,0,0,0,0.34530764343337006,120.80637740798564,0
23,367.22,0,0,0,0.20805201889541464,106.52856484367264,0
11,1244.16,1,1,0,0.19152538944447225,380.15672433693203,0
15,1896.76,0,0,0,0.2127743643926647,8.005393623901966,0
3,912.03,0,1,0,0.1687836439591614,28.011218024417463,0
11,121.68,0,0,0,0.1177190114845852,368.8115827444822,0
2,8974.44,1,1,1,0.7605452394447142,10.24154018462699,1
10,81.67,0,0,0,0.38570331672276076,178.12632745407922,0
6,892.24,0,1,0,0.2524111671582604,1.2440877264782277,0
8,180.25,0,0,1,0.11000314456930838,150.27838199824507,0
13,115.68,0,0,0,0.2871935285104196,151.35530107567533,0
15,211.2,0,0,0,0.4389783742419968,8.5520803315178,0
12,540.69,0,0,0,0.1460799962557121,49.11205804594851,0
13,182.83,0,1,0,0.1590198305120096,426.4161219024924,0
18,419.0,1,0,0,0.3959850268429379,238.4312006700049,0
15,537.65,0,0,0,0.03394874009862052,96.55977984117132,0
18,442.65,1,0,0,0.01916013101475018,193.3491409044584,0
19,190.15,0,1,0,0.13344953802136839,456.54927791508163,0
14,346.52,0,0,0,0.06836294560151025,247.36497008779793,0
12,626.95,1,0,0,0.22497184625041855,82.52035471326228,0
15,987.53,0,0,0,0.3993121076594472,60.191432370293136,0
13,820.82,0,0,0,0.13127686727952834,9.59036547839365,0
22,571.91,0,0,0,0.09768197404305302,2.3405296544366534,0
14,145.78,0,0,0,0.010107046567839275,438.9564514879414,0
19,157.53,0,1,0,0.03150215845708788,15.042716850510178,0
23,254.72,1,1,0,0.3076908410069286,18.234231532568955,0
5,341.9,0,0,0,0.22027302306874266,20.22997541618287,0
11,1132.54,0,0,0,0.06878421614781918,99.59577358576449,0
23,4823.39,1,4,1,0.7373615959539463,4.1872786322329345,1
8,315.85,0,1,0,0.20552708667686312,11.744107275506511,0
5,4823.39,1,4,1,0.8100796107404397,0.2828588115622539,1
5,4823.39,1,1,1,0.8462828956919562,1.476781584969086,1
17,923.15,0,0,0,0.14429455896469062,607.5789223652658,0
8,56.15,0,0,0,0.12445712935390198,56.94639104667613,0
13,714.88,0,0,0,0.2568181905569699,122.44744471932694,0
5,8974.44,1,3,0,0.765776345223028,12.705213839674357,1
18,267.29,0,0,0,0.07979860266317866,93.79958066175628,0
3,1857.6,1,2,1,0.9025938808708308,12.58790524306856,1
14,78.18,0,1,0,0.39781465480543377,7.555205270484953,0
8,305.2,1,0,0,0.1880603969271051,288.1556471983446,0
14,377.92,0,0,0,0.6814655769387262,699.0153657013192,0
8,1545.54,0,0,0,0.042049093270967945,384.8752383857773,0
11,80.65,0,1,0,0.07245672736763502,32.35785881144528,0
1,538.55,0,1,0,0.09453050872489262,40.66649372866576,0
7,117.8,0,0,0,0.24909713624434884,79.53044109404817,0
3,368.54,0,1,0,0.13214126587967395,144.42010226032872,0
5,192.95,0,0,0,0.16900968908273817,176.83189701372467,0
4,4823.39,1,2,1,0.6468764139596335,10.829343403435265,1
10,1243.75,0,0,0,0.20082895981634666,101.15823558996391,0
18,1264.58,1,0,0,0.1499640921035854,207.47130191374714,0
21,359.31,0,1,0,0.13586014705692473,424.43622420225734,0
12,281.41,1,1,0,0.1536257707972803,36.66481463160924,0
18,291.08,0,0,0,0.2518937401925631,110.88509457261345,0
8,217.26,0,0,0,0.13766054599672997,8.095825806994503,0
13,803.57,0,0,1,0.07703705136453246,24.637987608465,0
19,496.98,0,0,0,0.12671043791039951,260.88121507489643,0
14,148.08,0,2,0,0.20622159402464352,674.7017293991349,0
1,1857.6,1,6,0,0.9154229090825922,7.432512034753752,1
13,181.51,0,0,0,0.05151329394970953,162.43134690043752,0
14,343.5,0,0,0,0.07103560356654486,243.2349412599698,0
11,444.22,1,1,0,0.1563852519526838,413.0878962328171,0
16,496.44,0,0,0,0.059441963030607815,1.0,0
10,411.99,0,0,0,0.10056881679477439,6.163069919304476,0
13,444.3,0,0,0,0.19154394801537758,89.18808422753504,0
15,361.06,0,0,0,0.17241895662629927,297.8801878289609,0
16,97.2,0,0,0,0.07420915607165282,16.543785211901362,0
14,737.72,0,0,0,0.2674681847102971,243.12352517275647,0
13,286.08,0,0,0,0.12854844052995065,472.50170398935995,0
13,100.56,1,0,0,0.20381787797035797,4.417325237502158,0
12,800.73,1,0,0,0.04542681015916332,46.09989987063789,0
16,316.91,0,1,0,0.3324465437154931,378.28611431062984,0
22,838.79,0,0,0,0.16947381949002246,321.7692982834788,0
6,100.71,0,0,0,0.03952193361975364,110.55313762075359,0
9,2772.2,0,0,0,0.35437442958210513,57.56235691860901,0
6,521.06,0,1,0,0.20625904027044875,244.58785668751867,0
14,1585.46,0,1,1,0.13427292794771273,46.68689459601485,0
21,578.85,0,1,0,0.12673511441217394,178.17955852437598,0
5,1590.84,0,0,0,0.05806443901607336,48.20752012388082,0
7,112.12,0,1,0,0.22824903749178113,113.79415196647669,0
6,700.59,0,0,0,0.4164358703952614,378.9105272378061,0
18,1782.83,1,0,0,0.051172108223972564,481.9252610073221,0
13,1747.73,0,1,0,0.25665755929299083,14.28982635148969,0
2,912.29,0,2,0,0.05131959183812046,570.5205438492017,0
18,454.3,0,0,0,0.10586158674326211,87.85381772823696,0
17,207.45,0,0,0,0.21115568903280701,92.41530551950737,0
18,240.55,0,0,0,0.1966023381893485,51.093411903267615,0
23,106.44,0,0,0,0.13182957100080828,195.91379353811914,0
16,2263.13,0,1,0,0.2498802304596221,114.63867170904857,0
16,832.58,0,0,0,0.01917554892556684,410.6437171079472,0
4,4823.39,1,6,1,0.5469335748825599,4.466482608134557,1
14,124.59,1,0,0,0.05672151954411964,234.14490003800452,0
15,404.51,0,0,0,0.03618148102541871,85.6345646969983,0
19,544.7,0,1,0,0.0628356296372007,47.84824958058648,0
15,349.76,0,0,0,0.19859291492513262,127.71676916513044,0
18,122.79,0,0,0,0.07155249203741129,289.9923722567642,0
4,2335.72,0,0,0,0.2850974914080283,120.29784022929013,0
0,1857.6,1,2,1,0.9193212084584146,19.209341943601903,1
9,1182.95,0,0,0,0.029444048197855042,7.077345908760626,0
12,407.03,0,0,0,0.3997435265219855,16.343733559019896,0
5,1245.62,0,0,0,0.4885788007590095,88.51081891619523,0
16,699.85,1,0,0,0.06492345623761349,94.69445746245533,0
22,58.19,1,0,0,0.41614888328358696,54.327111709045504,0
16,3016.72,0,0,0,0.058154245003729885,37.79561121626845,0
15,604.43,0,1,0,0.11407651401365988,123.53116023419177,0
8,255.72,0,0,0,0.21990856098477463,190.90536253022293,0
13,176.21,1,0,0,0.14567172410147555,102.11818574165827,0
16,303.42,1,0,0,0.07770402755423936,209.22930318105745,0
15,380.35,0,0,0,0.2569474466307222,7.651405125898334,0
8,418.01,0,0,0,0.06660790163127506,32.974232551498524,0
4,3033.17,0,0,0,0.09824372451661156,44.15798135425835,0
13,564.76,0,0,0,0.1251099037766337,17.00128188657278,0
0,1555.34,0,2,0,0.1979143345306954,309.9894876381148,0
13,1587.04,0,0,0,0.2620038671140829,10.68530450709918,0
15,398.65,0,1,0,0.23846074058002079,27.294286883455324,0
20,302.93,0,0,0,0.018908484822208194,282.4606643306442,0
9,118.13,1,0,0,0.3246199348354976,27.59873528522207,0
2,803.56,0,0,0,0.1085314914825351,55.614530368856876,0
5,1034.25,0,0,0,0.16980379409546825,141.60983974543245,0
19,2352.8,0,0,0,0.04359478418124349,311.5785754458173,0
19,482.35,0,0,0,0.09546055117846686,349.1186167565906,0
12,721.82,1,0,0,0.011348989621749224,45.990818607636356,0
11,916.37,0,1,0,0.06388835560381559,445.6061273421344,0
8,131.87,0,1,0,0.06250022617008673,114.91241945620826,0
16,484.31,0,0,0,0.04647974028781476,283.5094500116419,0
12,60.04,0,0,0,0.09995232513252697,325.1218039567218,0
10,378.76,0,0,0,0.03277407031769518,46.456748004874115,0
10,672.78,0,1,0,0.07383040965056664,3.9519930916216155,0
5,181.76,0,0,0,0.17481052750667803,4.88409396043401,0
12,751.74,1,1,0,0.15564080183969292,12.745289134637998,0
8,533.07,0,0,0,0.09463435082488326,552.472944142719,0
4,669.1,0,0,0,0.38846692752238493,10.743637349661926,0
12,478.08,1,0,0,0.09706228028705595,180.44892382100414,0
21,1227.15,0,0,0,0.16100055597077906,6.628792037812883,0
2,8974.44,1,4,0,0.7840643664757976,1.0289534463970766,1
12,656.95,0,0,0,0.008178482571483804,227.77677960472187,0
14,62.17,0,0,0,0.16393758264479505,99.23421737140504,0
8,1028.25,0,0,0,0.12240277943051242,496.8228497777176,0
21,1909.45,0,0,0,0.03851408281918799,106.01644122819032,0
22,341.99,0,2,0,0.042476326167512526,468.30082427455153,0
14,534.91,0,2,0,0.08145083643994017,245.33602266763134,0
18,737.3,0,0,0,0.1439989192218975,169.63691622093566,0
6,2541.52,0,0,0,0.16480216115031782,347.8137235207395,0
17,74.44,0,0,0,0.2977155398459523,12.32706126294965,0
23,271.58,0,0,0,0.28881914331669845,76.88437153068432,0
16,444.85,0,0,0,0.22064947120861314,48.861292767126685,0
0,4823.39,1,0,0,0.9365924237185788,0.5306470585713318,1
5,1857.6,1,0,1,0.8049269741901822,3.7888703781788204,1
18,187.55,0,0,0,0.08869089112388537,61.56776945840732,0
16,146.93,0,0,1,0.11949019735141016,19.849997025104393,0
17,122.69,0,0,0,0.17256464681220127,5.862807038107838,0
12,259.03,0,1,1,0.19070541266459598,245.04141212457577,0
23,683.86,0,0,0,0.06365046173586149,624.6291090470347,0
18,625.63,0,1,0,0.0843747662450521,10.93745519080296,0
10,696.24,0,0,0,0.10844610232439844,261.85574937535426,0
9,101.05,0,0,1,0.106817978913332,218.15541787023062,0
23,4823.39,0,1,1,0.5923217257860347,4.019894607992136,1
10,98.21,0,0,0,0.16816410524485595,288.5607019108669,0
3,211.94,1,0,0,0.37361795640190465,200.78313454290205,0
13,4814.58,1,1,0,0.1327056383246929,59.076977724752545,0
17,1271.03,0,0,0,0.15623248400568965,135.89459393465313,0
4,167.3,0,0,0,0.08945686012377337,226.38366110305014,0
16,375.33,0,1,0,0.16289899301773603,197.11540259771814,0
2,4823.39,1,3,0,0.7013020221694588,23.46506843503521,1
16,6966.2,0,0,0,0.10932294919771332,148.44710083160794,0
18,473.01,1,1,0,0.031247036155685894,15.039255686257542,0
10,160.04,0,1,0,0.11438414801211783,150.18290948445494,0
10,4846.31,0,0,0,0.2802919051820852,329.849963011239,0
16,1107.08,1,0,0,0.18978847565238924,140.5763942305698,0
9,200.08,0,0,1,0.2529506728160202,33.41194305107694,0
13,163.24,0,0,0,0.07635081399418665,129.37899268147356,0
10,695.81,0,0,0,0.06587368543040024,227.6634677456686,0
0,1857.6,1,2,0,0.5434492877197858,2.094815267024134,1
12,905.86,1,0,0,0.23461216393795642,2.707511102302576,0
3,4264.72,0,0,0,0.10089514814934705,344.6082131256332,0
12,342.64,1,0,0,0.12130485000027391,142.39792080898155,0
4,551.75,1,0,0,0.024442505891946832,176.98735083544344,0
9,1684.78,0,0,0,0.18636243458981314,4.818417316198861,0
13,532.79,0,0,0,0.16745739095586187,17.226907356376014,0
15,257.52,0,0,0,0.06951516347786586,23.06146832473186,0
21,297.45,0,0,0,0.1011140951983168,61.78599259496765,0
11,432.38,0,1,0,0.0784205505071908,135.13484829400653,0
16,1114.01,0,1,0,0.20774930847131215,186.34834872349091,0
12,203.14,1,4,0,0.013741820697003705,87.6314000350793,0
8,537.01,0,0,0,0.06563673846269481,41.04252036232066,0
18,617.09,0,0,0,0.12143611771475188,224.97102324339406,0
15,1364.64,0,1,0,0.11202456523824561,310.2803886924767,0
21,218.09,1,0,0,0.18008128961582964,209.02023220059357,0
16,57.8,0,1,0,0.1575717645251567,11.246296145230191,0
16,229.46,0,0,0,0.4109315167058137,282.95392069098847,0
15,1443.82,0,1,0,0.18379242873787174,100.88717998502662,0
7,152.1,0,0,0,0.027565124555098092,19.604946608084045,0
16,92.71,0,0,0,0.018573101710949468,49.78337381349597,0
14,265.34,0,0,0,0.08817313006885735,55.229818717691735,0
23,694.84,0,1,0,0.4678905282889106,291.4338061257372,0
15,1393.71,0,0,0,0.09906196123231358,144.85206033488953,0
17,1395.09,0,0,0,0.18857596177982439,162.45106006173773,0
1,1857.6,0,5,1,0.9032149855181325,26.50349567650609,1
13,85.63,0,1,0,0.4497397485635354,142.7576127873363,0
12,320.03,0,0,0,0.10207822564846578,138.781113650823,0
19,508.79,0,0,0,0.2092103556608943,25.57451014851421,0
20,514.77,0,0,0,0.02642325292125361,55.95896316066783,0
14,162.36,0,0,0,0.19469638891373298,56.90807899377715,0
8,1100.96,1,0,0,0.06108802837061863,123.73313227616855,0
7,1799.93,0,0,0,0.1555154848850845,21.323427249274694,0
9,84.44,0,0,0,0.013829838176374978,2.0916934609461193,0
16,2701.86,1,0,1,0.07339515339797317,16.454408063030762,0
10,1056.95,0,0,0,0.008577311573495932,31.21322759067061,0
4,271.9,0,0,0,0.13164423309007442,34.76483966009559,0
3,610.26,0,0,0,0.23713814570908626,11.480133765878822,0
16,1245.13,0,0,0,0.01737516286769855,149.51922337017356,0
7,53.21,0,0,0,0.19322124633004023,221.63034432865302,0
16,1222.6,0,1,0,0.052787229931829785,195.8490496690334,0
18,229.51,0,1,0,0.08169964507393798,158.9413351884269,0
22,1360.47,0,0,0,0.1374343513711151,41.19168946178626,0
11,1183.43,0,0,0,0.11256879346778,120.75380717967705,0
15,211.01,0,0,0,0.2072729345966828,100.3188930723722,0
12,304.9,0,1,0,0.5893477392378684,78.80338892905806,0
1,8974.44,1,7,1,0.850580759639352,14.221479321071227,1
13,126.5,0,0,0,0.12921113400489007,99.31319354662133,0
8,2591.24,0,1,0,0.5992326595572022,630.1816603055165,0
2,1857.6,1,3,1,0.5267567768281644,2.4148737686696378,1
12,406.4,0,0,0,0.22795359690125444,222.1753026782946,0
14,646.72,0,0,0,0.24981973870179353,12.631411057185954,0
10,237.73,0,0,0,0.21699008817683385,52.03059289677316,0
10,616.16,0,1,0,0.09505433254961607,624.6272876260347,0
4,464.72,0,0,0,0.33113599078017925,102.5202159041728,0
17,1047.6,0,0,0,0.38039884520749206,115.0051117257687,0
22,2925.63,0,1,0,0.12595661711618517,380.0666535094748,0
17,197.95,0,0,0,0.11626924416053717,106.48371575555382,0
11,8961.09,0,0,0,0.3059018248029798,595.4981969126609,0
19,475.31,0,0,0,0.16922402289960764,286.85251068691923,0
16,979.58,0,1,0,0.07581883296666475,256.18821976116106,0
13,319.54,0,0,0,0.041225746167289794,7.418917481798109,0
8,1489.14,0,0,0,0.20682272834087667,37.196552518916185,0
5,572.69,0,0,0,0.043873373145403564,438.9074093390926,0
9,93.59,0,0,0,0.06511458381011216,187.92158143897018,0
16,56.41,0,0,0,0.13231608658938035,87.0986643084666,0
17,1884.26,0,0,0,0.06970925759404217,106.02167435072376,0
16,525.85,0,0,0,0.1214394348816445,452.08701018249843,0
15,331.27,0,0,0,0.04386954561493804,39.328517094829124,0
9,190.04,0,0,0,0.01924165943374971,565.1196403018414,0
14,299.56,0,0,0,0.23113145808235774,487.2881866608673,0
8,61.2,1,0,0,0.0647529208583191,99.12939970633242,0
17,126.27,0,0,0,0.4693014599908239,388.00849001059987,0
18,141.1,0,0,0,0.16705351362354756,6.54798260161833,0
18,1397.01,0,0,0,0.027567646992867362,27.194630951612943,0
12,24.85,0,0,0,0.24359290437061654,10.77963989854437,0
16,2465.94,1,0,0,0.04572314572997495,104.14518313973593,0
17,72.13,0,1,0,0.2789161618986278,334.97516902213516,0
19,95.64,0,0,0,0.06237124329247704,78.39140570742703,0
11,600.93,0,0,0,0.059709369345814625,44.519789406447046,0
8,168.27,0,0,0,0.10783398720922566,36.209797644445146,0
12,859.42,0,0,0,0.15842619572143912,402.3088305278522,0
15,171.42,0,0,0,0.2711525851901203,106.39632792741814,0
17,1361.87,0,0,0,0.146904981126751,161.11848803778142,0
17,352.89,0,1,0,0.2504603896664549,56.16055021961358,0
22,740.01,0,0,0,0.2299016262075546,257.8227213107438,0
22,134.05,0,0,0,0.014455910207201075,208.97573561147266,0
19,219.26,0,0,0,0.156499439741702,162.32360111307776,0
20,141.45,0,0,0,0.06419171711695766,16.89929322422165,0
8,198.97,0,0,0,0.0728981557571621,12.291777101332613,0
21,85.32,0,0,0,0.17665987918768522,5.2698955458192325,0
15,531.97,0,0,0,0.17918055808764918,621.3682831072596,0
13,388.13,0,1,0,0.20864576435371165,2.5093199251736937,0
12,336.36,1,0,0,0.025970025667250627,198.4465561537001,0
16,785.68,0,0,0,0.27381263539293677,35.63461335734349,0
19,52.31,0,0,0,0.2656177757769515,234.6653843929237,0
10,216.36,0,0,0,0.011887388821969647,80.74338331813951,0
14,897.84,0,0,0,0.0816440745158428,147.57742848475746,0
17,895.48,0,0,0,0.02336061158932499,216.52518042908028,0
8,773.61,0,0,0,0.2372915890210842,18.156329300189878,0
14,98.05,0,0,0,0.08748105855856021,133.83755495270776,0
19,561.96,0,0,0,0.15478103358470305,7.913907613795588,0
10,607.72,0,0,0,0.0882488685005571,569.1354525859217,0
3,102.29,0,0,0,0.022039468689232438,112.25395149169421,0
8,1151.08,0,0,0,0.08432564458749404,155.35461298190054,0
15,1185.3,1,0,0,0.1803072962786641,287.6573979864506,0
20,1884.49,0,0,0,0.20610355819510645,29.327814954838985,0
22,360.4,0,0,0,0.35827596229352965,158.1732527032571,0
19,154.68,0,0,0,0.17286145702514583,36.94181403010225,0
15,85.49,1,0,0,0.03978823374681499,23.29671375074079,0
7,180.07,1,0,0,0.0011530305978091223,225.16499140274186,0
20,231.14,0,0,0,0.12761386782240747,139.0354799998351,0
8,127.46,0,0,0,0.33173756480944083,69.23943651467805,0
13,1318.92,0,0,0,0.29276938676857744,17.53391639305593,0
12,139.08,0,1,0,0.10881382094031333,18.807623980091805,0
14,297.01,0,0,0,0.16046898780102195,16.098455284709424,0
15,101.52,0,1,0,0.13122369866626854,52.152164899750325,0
17,403.56,0,0,0,0.24104199319529201,3.1503256799742436,0
13,141.17,0,0,0,0.1749025943645028,44.94811617250273,0
15,473.71,0,0,0,0.03516847059664269,248.52358062217945,0
19,1227.87,0,0,0,0.08946068596459045,19.708023130024866,0
11,479.53,0,1,0,0.2608864579558445,59.08577034316883,0
22,1808.95,0,0,0,0.0647415648060779,197.08219478737823,0
6,92.35,0,0,0,0.111815084943401,267.19241915881906,0
22,8974.44,1,3,0,0.742561947245898,2.3448830695496987,1
0,1857.6,1,3,1,0.9020614893689749,7.2776284220488385,1
20,53.48,0,0,0,0.08867402635407703,8.579508207214188,0
18,302.32,0,0,0,0.1253197931624522,399.7355413773276,0
21,375.21,0,0,0,0.12210433404951898,67.32081457427117,0
8,207.97,0,0,0,0.21916598985912603,89.54609177821933,0
14,716.74,0,0,0,0.30505278239719774,31.978950310203825,0
18,181.02,0,0,0,0.05438466667550777,42.75949684405496,0
21,74.98,0,0,0,0.11137972615259008,213.5254117647132,0
15,341.02,0,0,0,0.1702867431095122,34.28504971369044,0
16,120.07,0,2,0,0.13920665281938366,129.9694949585644,0
20,676.49,0,0,0,0.007644650101938954,13.491045377470897,0
13,67.58,0,0,0,0.1526915868568215,246.97735878363733,0
15,129.91,0,0,0,0.07098715942499606,74.24968094325926,0
23,3871.37,0,0,0,0.009527538346046723,116.79167483887002,0
13,112.56,0,1,0,0.03511153017372987,36.442214424014104,0
17,1112.19,0,0,0,0.11431005187623715,24.08325717961907,0
16,334.91,1,1,0,0.2644118850091816,316.33985795533636,0
2,59.35,0,0,0,0.24115361475646777,540.0868893649076,0
22,1197.64,0,1,0,0.051433170264542846,111.25565041475845,0
9,570.96,0,0,0,0.03121924621466203,2.3056944869615372,0
17,225.45,0,0,0,0.08551209535380608,365.82506571329884,0
13,83.18,0,0,0,0.01407294433838902,53.00827040110063,0
16,307.3,0,0,0,0.28913400675305634,26.500528127366863,0
17,160.07,0,0,0,0.1464610416180156,31.488023452885393,0
2,1410.79,0,1,0,0.014310345628653675,546.6781561346367,0
15,54.37,0,0,0,0.29171546906127793,34.789795425093324,0
12,2438.16,0,0,0,0.2311634451826447,68.55881546248568,0
6,61.01,0,2,0,0.14665751550031325,730.435096538621,0
16,393.69,0,0,0,0.41798701013448153,150.73808372957473,0
6,688.36,0,0,0,0.16923511966253785,183.8265747260475,0
9,378.58,0,1,0,0.3261661829606912,164.20033413301297,0
18,330.67,0,1,0,0.21639654192034172,300.19364428947995,0
12,2132.27,0,0,0,0.00941598857652041,302.52920405351983,0
17,720.7,1,0,0,0.08855635133643214,506.8866154210015,0
10,323.9,1,0,0,0.02513850140286071,489.3002475514188,0
1,8974.44,1,4,1,0.7753497989074856,1.0871671906268292,1
22,929.29,0,1,0,0.20284924022873282,49.56349892758094,0
9,708.73,0,0,0,0.14384031825423257,89.63420379684722,0
19,589.97,0,0,0,0.30613223244904725,572.6216597824946,0
0,542.05,0,0,0,0.008830257529651062,122.3000211776179,0
14,319.28,0,1,0,0.25929094312728795,49.96334513272956,0
13,138.89,0,0,0,0.118070249751673,243.5358211584472,0
19,1070.28,0,0,0,0.15026123960289672,396.63522633021495,0
8,498.46,0,0,0,0.1478738016374563,12.256582453526367,0
11,165.04,0,0,0,0.010318370260645048,55.42459141896285,0
18,375.5,0,0,0,0.3356486577344794,426.851541192062,0
5,242.66,0,1,0,0.19955807481314214,504.9740752594949,0
11,463.81,0,1,0,0.0063856567846397715,103.76291931438881,0
14,3433.28,0,0,0,0.2471516828542182,246.68238895509182,0
21,1990.29,1,0,0,0.264225348307429,490.0574932882436,0
17,1320.99,1,0,0,0.20226379599563107,77.80954301278439,0
14,702.81,0,0,0,0.18723345810218495,267.3437601640658,0
16,525.59,0,0,0,0.31851565867157816,276.6352734093001,0
19,537.93,1,0,0,0.3690268207182041,989.0499141302195,0
16,2619.93,1,0,0,0.060665478637684477,14.85261040402213,0
20,65.44,0,0,0,0.023328178448090903,255.44810567525624,0
10,289.52,0,0,0,0.3037836250541317,128.69235498034337,0
2,4823.39,1,10,0,0.44987158224791296,10.100033788610876,1
9,352.29,0,0,0,0.24266034220763064,158.7288660739928,0
21,315.35,1,1,0,0.11715498121182633,299.9782735209447,0
7,609.72,0,0,0,0.1720622583192101,531.6298377608013,0
4,817.81,0,0,0,0.12481149376735792,326.4188103756881,0
20,120.23,0,2,0,0.15298146431647716,386.9592045988871,0
15,5931.97,0,0,0,0.17576642273257023,60.09007548499667,0
14,201.16,1,0,0,0.240059026315486,106.95402604635382,0
16,198.73,0,0,0,0.14023313047647792,548.1960841957531,0
19,1595.38,0,0,0,0.2844182882298494,29.711018957887234,0
12,724.57,0,0,0,0.07089959203325404,139.25183697639568,0
11,581.75,0,0,0,0.017367089841855147,99.98123689403747,0
8,431.48,0,0,0,0.15529988827154695,188.89791080434483,0
11,840.79,1,0,0,0.06387914293594106,128.83822810646362,0
13,390.8,1,0,0,0.08667214696782505,36.5530359245282,0
1,4823.39,1,4,0,0.5561054505729333,6.164837823618456,1
8,96.18,0,0,0,0.19699699668186113,1109.9910699578418,0
16,761.66,0,0,0,0.24861238496210109,132.76464646422258,0
10,2765.39,1,1,0,0.05504264718014769,43.88852751890199,0
10,69.03,0,0,1,0.4455138847113038,41.16190975692285,0
16,1161.02,0,0,0,0.12313140267195782,175.98177234296685,0
19,233.31,0,1,0,0.1045341506390156,236.50241783944085,0
1,798.39,0,0,0,0.11230158790513049,23.236242813300326,0
10,1970.58,1,0,0,0.00875075531782649,125.65055849104819,0
10,705.83,0,1,0,0.08828855921371333,70.59987204415724,0
4,1533.61,0,0,0,0.11961913063723661,350.0351930084843,0
16,580.81,0,0,0,0.18158334320101735,14.467682948316254,0
13,448.48,0,0,0,0.0832412377506013,11.010209351990163,0
5,347.67,0,1,0,0.06787506066006938,35.30758101529575,0
11,259.3,0,0,0,0.18922564775447223,61.831054768997845,0
13,79.88,0,0,0,0.07005505637351149,216.48198585310882,0
12,1088.76,0,0,0,0.03834345512856882,172.9039564692063,0
19,1043.43,1,0,0,0.06813300962478569,150.03885161045946,0
17,817.5,0,0,0,0.33857525314380377,596.484034556894,0
18,593.07,0,0,0,0.029201931865654673,175.41384429313638,0
17,222.0,0,0,0,0.24500237171752848,474.48529604827644,0
23,4823.39,1,3,1,0.8393454931360679,1.8135350523614329,1
10,2057.76,0,1,0,0.0388999254119227,262.27805280865704,0
11,140.6,0,0,0,0.3222034467357182,217.02412854468068,0
9,317.74,1,0,0,0.6799650452205037,101.44165400626137,0
11,195.24,0,0,0,0.0777105696185928,49.49538952560216,0
12,103.14,1,1,0,0.019360103140029405,62.05578688625877,0
20,679.44,0,0,0,0.04355089715483991,70.55387555479054,0
17,337.88,0,1,0,0.14245683800187894,93.87707014336658,0
10,2273.68,0,0,0,0.05793895962487053,770.7074161870554,0
16,1683.16,0,0,1,0.13634857701685066,118.49430848638633,0
20,2624.24,0,0,0,0.014724046525097949,71.81617151311447,0
20,58.98,0,0,0,0.30350885127191635,554.1944654791165,0
13,334.03,0,0,0,0.19877511176054985,234.83916768334544,0
10,57.11,0,0,0,0.27584860546907175,6.160637252204238,0
13,2426.62,0,1,0,0.03454882750949386,8.165958937616688,0
8,79.88,0,0,0,0.3379127954387492,186.5792248622844,0
8,470.72,0,0,0,0.08258417366915013,315.31676183946195,0
7,810.53,1,0,0,0.1584697688342355,93.54668770754274,0
23,244.99,0,0,0,0.10198419226983252,115.56918220337997,0
7,161.56,1,0,0,0.24141418947606416,188.5253200343187,0
14,1029.52,1,2,0,0.0996687246354412,199.52421651042133,0
15,574.97,0,0,0,0.07379917242654399,361.24765892135196,0
13,163.43,1,0,0,0.38795158834945126,35.606264847275526,0
23,63.31,0,0,0,0.40584234584054624,53.42450463970755,0
8,235.57,0,0,0,0.14844707673247137,212.91024802210677,0
19,267.83,1,0,0,0.12792320834812415,99.31429916278455,0
18,317.71,0,1,0,0.08703894618628903,275.9103388996891,0
9,38.35,1,0,0,0.12129638489427771,120.87593006003232,0
2,160.85,0,1,0,0.05824462799940248,504.9973639472851,0
13,1203.38,0,0,0,0.361966055111787,46.166788686714675,0
9,791.02,1,1,0,0.04655941857493461,102.90738187292547,0
20,670.5,0,0,0,0.13115998395444659,71.05684827932397,0
3,8974.44,1,3,1,0.6339676517236535,10.371261984971655,1
4,1857.6,1,2,0,0.9076684112608107,17.175802196812146,1
17,1191.35,1,0,0,0.0617889524035516,254.9876196732707,0
13,2626.43,0,0,0,0.20654086881848263,149.5510025968754,0
14,146.42,0,1,0,0.1671786235760715,169.85754810646145,0
12,122.69,0,0,0,0.18212085503897427,44.29401409978622,0
22,4823.39,1,3,0,0.9525101699363117,14.1148640789417,1
16,461.36,0,0,0,0.09701033416873323,541.6836274153204,0
8,55.21,0,0,0,0.11099347834113547,209.53569721209118,0
5,8974.44,1,0,0,0.6527210566506519,4.729015550181592,1
13,547.1,0,0,0,0.2706260041817419,710.8338517851968,0
7,94.51,0,0,0,0.18867082434630894,209.93307664226307,0
6,130.53,0,2,0,0.052433238388745876,66.42418317798045,0
17,288.57,0,1,0,0.11962625520767287,29.212544370650445,0
11,442.0,1,0,0,0.2448091701471462,999.6236265555134,0
10,230.58,1,0,0,0.022964103517168877,373.91020078066515,0
17,252.29,0,0,0,0.09338213071898349,416.4368174934097,0
17,320.29,0,0,0,0.165202378916779,36.774867656451306,0
11,1541.31,0,0,0,0.24960566867446865,58.5830516114825,0
13,420.57,0,0,0,0.07400520592741498,250.0644027030269,0
8,1120.75,0,2,0,0.14179252991969535,185.18594343541503,0
1,573.15,0,0,0,0.09283558223645083,92.32243307605901,0
9,671.33,0,1,0,0.14294653800405427,117.2612552522737,0
13,173.75,0,0,0,0.02853809939602858,2.8941166428296907,0
17,337.54,0,0,0,0.11280384661318849,527.5618113142704,0
23,8974.44,1,2,1,0.7680464602262113,2.0131574276053628,1
10,169.89,0,0,0,0.5158461287369642,133.61692093021446,0
18,78.09,0,1,0,0.30846601067090557,369.96965891976964,0
23,38.09,0,0,0,0.28194914178686936,29.10318756485723,0
8,1178.33,0,0,0,0.20185092466161944,734.3146909044822,0
5,149.36,0,0,0,0.2186022410745045,26.26869804330819,0
9,139.75,0,0,0,0.39045555627965345,284.5541676547957,0
7,307.89,0,0,0,0.3180733872930672,30.359856390205767,0
12,2535.51,1,0,0,0.24376236236292936,17.151639501094415,0
10,2105.99,0,1,0,0.11655589417177713,89.39529855485354,0
17,266.45,0,0,0,0.1098387947968007,164.46596786873246,0
18,193.0,0,0,0,0.1759494285749306,269.5163983125557,0
6,175.61,0,0,0,0.08940870684586796,159.08700286270465,0
12,670.24,1,0,0,0.12326824595939145,240.11665066268708,0
15,64.19,0,1,0,0.20846791726887884,144.2255972617356,0
17,866.14,0,1,0,0.04519817766635477,31.27573278319007,0
15,2169.52,1,0,0,0.3375142145433563,308.1857793524922,0
19,836.32,0,0,0,0.23998492618086403,57.14002991449113,0
15,238.94,0,0,0,0.32834567702145917,22.167095758421397,0
10,313.17,0,0,0,0.06192313582432373,231.41521358555934,0
23,1857.6,1,5,0,0.9283148220728651,0.45655632002181246,1
14,621.75,0,0,0,0.16241528238261482,140.05304419591275,0
9,280.29,0,0,0,0.02329206635059774,426.64492187684175,0
9,3930.57,1,0,0,0.11100157579728094,258.98819168145155,0
8,639.17,0,1,0,0.0034954771143649323,210.3306100325608,0
11,506.64,1,1,0,0.34981051972681104,71.36799247902506,0
8,213.31,0,0,0,0.14908390128711976,561.4773907461295,0
21,338.29,0,0,0,0.04673982367342672,29.321840866954176,0
10,396.42,0,0,0,0.16350351986419587,155.50090786457966,0
4,67.17,0,0,0,0.1456625467509596,12.397622685882151,0
13,399.77,0,2,0,0.04185004768601987,59.65257537982589,0
6,570.44,0,0,0,0.24128841640387386,206.748396565121,0
0,1857.6,1,1,1,0.8289105829213312,4.098361968174494,1
15,228.77,0,0,0,0.027180077012293823,476.748481115521,0
19,163.48,0,1,0,0.030682081389826435,478.4240236021277,0
7,326.95,0,0,0,0.04839256285174019,233.74720442885774,0
9,130.31,0,0,0,0.1092155937369185,82.49228878821997,0
7,949.85,0,0,0,0.09511904026031928,193.98341632973577,0
19,700.78,0,0,0,0.1916158565024777,865.362947101716,0
0,108.63,0,0,0,0.40182411156075853,249.67331641304233,0
7,541.77,1,1,0,0.2395802033860438,119.49422969614206,0
12,467.74,0,0,0,0.31807470003216215,131.581925546069,0
17,248.85,0,1,0,0.14247698868296413,208.4952280403494,0
9,291.25,0,0,0,0.04650698903761335,21.456941211159155,0
12,692.19,0,1,0,0.19311819005802128,205.99305935342193,0
16,153.74,0,1,0,0.11782389820720986,82.18366664652838,0
15,125.01,0,1,0,0.167007216128817,10.090024695127775,0
3,8974.44,0,2,0,0.8258634183360343,3.177098146001277,1
17,144.56,0,0,0,0.45394599558797555,148.29368885153266,0
15,73.37,0,0,0,0.12282344025110307,163.62706921935697,0
17,186.88,0,1,0,0.07771625994368513,231.31486870811315,0
11,427.72,1,0,0,0.02649592465517142,312.0673891067517,0
17,819.53,0,0,0,0.09003755587532501,7.728175119850013,0
19,2651.48,0,0,0,0.3270391196430754,165.13242606459553,0
15,1065.42,0,0,1,0.09761875055156566,346.68946552598294,0
11,28.73,0,0,0,0.27950139044856265,514.5041030134969,0
0,273.75,0,0,0,0.1796626599241529,528.6541994216507,0
16,496.06,0,0,0,0.14030899737672928,111.96955610916653,0
22,39.83,0,0,0,0.23405891334345327,109.94028899498264,0
5,95.28,0,0,0,0.20266575426453398,366.5736154953271,0
6,1120.68,0,0,0,0.16032798691224423,40.50456636263433,0
12,235.17,0,0,0,0.2766757896311849,99.15209083501178,0
12,159.05,0,0,0,0.12175004812106104,147.78950930642338,0
10,1004.12,0,0,0,0.21949057300065125,107.38324580157933,0
9,685.26,0,0,0,0.24720773527265094,152.77590228965954,0
12,1886.51,0,0,0,0.2302967194033338,37.74894651195037,0
21,575.42,0,0,0,0.1696765571948264,80.14147197561509,0
21,450.22,0,0,1,0.05038495933496805,458.75094384303844,0
16,178.36,0,0,0,0.19774114694825498,45.64828715186658,0
23,985.25,0,2,0,0.1311153693750762,309.01555975486156,0
17,60.02,0,0,0,0.03966589723247921,181.00474786211723,0
10,73.25,0,0,0,0.07842803076396228,249.5296636100725,0
22,1857.6,1,2,0,0.8749474353232495,7.174231233171584,1
11,766.73,0,2,0,0.09006765323507394,7.0978451177175454,0
16,195.61,0,0,0,0.12322452431341456,972.839232743014,0
23,434.34,0,0,0,0.09340154344476467,287.1695217390233,0
19,411.59,0,0,0,0.15872937880347182,85.50173967699972,0
15,546.51,1,0,0,0.03699313046183404,141.7601783750058,0
16,174.0,0,0,0,0.2480262192099605,101.27693306596241,0
21,439.56,1,0,0,0.08638346851668695,240.80747503336755,0
9,1474.93,0,0,1,0.09530799565094833,365.5589154012847,0
14,188.08,0,0,0,0.16004542689997067,108.43777873287156,0
13,336.18,0,0,0,0.2787167333368732,108.71791202404916,0
13,3721.21,0,0,0,0.07891228447043415,178.8893505726057,0
7,399.79,0,0,0,0.33590028966549934,148.84785627552284,0
16,463.99,0,1,0,0.39695524457925707,102.61981329562242,0
12,637.57,0,2,0,0.08134035459148548,231.70150056212944,0
17,1010.38,0,0,0,0.18164163612611992,1170.4071075846753,0
23,5107.71,0,0,0,0.1870756667449271,357.50275314512567,0
15,105.16,1,0,0,0.009635565559714735,60.00567023981249,0
13,1957.07,0,0,0,0.2797159346651519,171.0773092029978,0
8,454.28,0,0,0,0.08178501159876027,8.53961837248785,0
1,359.74,0,0,0,0.17634407997370033,34.60644287097545,0
9,27.17,0,1,0,0.22163153482942782,119.04443136382831,0
9,449.25,0,0,0,0.2650059646018139,45.11327491395373,0
11,1042.04,0,1,1,0.26516096016093593,71.70350393079917,0
10,395.46,0,0,0,0.32529396133851257,52.419307289438436,0
12,180.18,0,1,0,0.11236691507817775,124.0074762771789,0
16,1856.27,1,1,0,0.17791520583379697,12.042601932473987,0
18,738.44,0,1,0,0.3190073837071747,116.45474042034161,0
12,314.27,0,0,0,0.14053052425899562,67.02223685324144,0
14,523.51,0,0,0,0.13339894077176717,46.8454305969092,0
13,369.06,0,0,0,0.0823294056199419,245.79939079979198,0
6,190.17,0,1,0,0.08393433364654933,62.29274606205444,0
20,4362.1,1,1,0,0.24757634122302763,12.116745806120624,0
20,1526.88,0,0,0,0.13859185345948982,573.362406122199,0
16,519.41,0,1,0,0.13122682513620715,46.944650345153676,0
10,470.97,0,0,0,0.12218122938055508,320.51217352117317,0
11,461.78,0,0,0,0.08730516931951761,29.519196647144348,0
9,827.83,0,0,0,0.047501315291749974,50.82886648925345,0
15,251.64,0,0,0,0.23531297777990878,133.05168126078482,0
16,1413.78,0,1,0,0.1994697241633751,12.02725600647785,0
7,970.83,0,1,0,0.3593356994453216,289.80652194210217,0
14,115.72,0,1,0,0.08814641172099628,127.90447281943274,0
10,63.01,0,0,0,0.1182231887783095,262.7216216984827,0
9,843.16,0,0,0,0.5962219769586085,230.18922660748117,0
14,430.01,1,0,0,0.09402070255402795,69.75984482556152,0
10,65.77,0,1,0,0.21115976469668185,325.59549897371903,0
9,77.67,0,0,0,0.07004547409844282,105.13948423547377,0
10,274.29,0,0,0,0.559170331481899,5.117126527248507,0
15,59.8,0,0,0,0.10119603419842993,9.642460433145557,0
9,127.74,0,0,0,0.07799149763681731,119.00160283201963,0
13,1425.55,0,0,0,0.01739349218065183,14.894794964178315,0
4,1177.69,0,0,0,0.09680227354703842,78.74655278709312,0
23,415.13,0,0,0,0.03825747744222564,24.863195530415798,0
13,1183.43,0,0,0,0.05740934616165754,322.63788977706196,0
17,132.41,1,0,0,0.19125313319897322,237.34471862122234,0
13,840.06,0,0,0,0.23188386484786996,216.51699098656735,0
21,319.29,0,1,0,0.07697313187315874,13.325636319016713,0
10,580.16,0,0,0,0.07242792545807117,31.9607464057424,0
16,1348.94,0,0,0,0.06706213681770158,254.50688898734836,0
11,215.94,0,0,0,0.10177333545996099,52.42612755838981,0
7,194.98,0,0,0,0.11451835348313164,214.8394411161956,0
20,474.09,0,1,0,0.21071787112340357,20.965724451167443,0
0,256.9,0,0,0,0.08934263529426525,740.7377987386279,0
3,1857.6,0,2,1,0.7320637041792638,31.971706754294527,1
17,246.52,1,0,0,0.12861082512625668,31.510627617130005,0
9,710.85,0,1,0,0.1781379395955587,1004.5415037334523,0
18,113.17,1,1,0,0.1530851951874552,45.121139832974215,0
19,338.62,0,0,0,0.15284379141437157,276.0790387190595,0
20,699.17,0,0,1,0.03258688712779054,19.179628035906678,0
14,795.24,0,0,0,0.19092950379165818,81.07787824038896,0
2,393.31,0,0,0,0.23693134493255072,94.28022312955484,0
12,318.54,0,0,0,0.28949381049326217,71.71173886641527,0
16,267.23,0,0,0,0.09267289235340452,400.04711586690325,0
13,410.21,1,0,0,0.16860235354006498,21.45372731328248,0
18,573.46,0,0,0,0.0694917594924389,193.8716624557318,0
13,415.77,1,0,0,0.15844011396511995,419.5521756574366,0
14,568.25,0,2,0,0.20979577849200212,209.95997896331482,0
11,731.71,0,0,0,0.25305200241335074,57.9207525047312,0
18,295.78,0,0,0,0.17737239489266915,81.24838138650681,0
7,439.45,0,0,0,0.08032295130492781,101.35705033302706,0
16,516.94,1,0,0,0.2877678146469347,182.16156535653715,0
16,235.54,0,0,0,0.29369307188977967,146.0105765425892,0
3,169.66,0,0,0,0.17892190627369284,177.47519760233592,0
14,700.94,0,0,0,0.06243743620917397,184.9658825438682,0
16,1083.44,1,0,0,0.08819561009654936,62.88648579206321,0
14,230.71,0,0,0,0.09680215609154862,57.64417988339652,0
15,243.72,0,0,0,0.2594268073257852,73.38615179164393,0
16,866.95,0,0,0,0.012822560319641556,8.053319475021567,0
9,863.72,0,0,0,0.07035086767610713,29.412360178961713,0
15,638.06,1,0,0,0.04064433606370397,139.74516723372585,0
22,137.77,0,1,0,0.18803921731960863,237.12514265655406,0
8,329.52,0,1,0,0.2993253360999479,75.52177452108398,0
15,1980.92,0,0,0,0.1834486543862538,330.64204924012535,0
13,857.29,0,1,0,0.1622178617604365,46.66882165464236,0
11,216.07,1,1,0,0.2022648658672705,57.468277595833484,0
19,697.75,0,0,0,0.06307225843310983,31.384294628237388,0
19,657.07,0,0,1,0.3649484539822317,133.9852993815171,0
20,90.46,0,0,0,0.03672130429950793,56.63235079569729,0
12,317.06,0,0,0,0.13043844252179088,143.38886736028365,0
12,1613.74,0,0,0,0.39327835904608477,40.537473053455926,0
10,473.4,0,0,0,0.4287964620200282,136.5809255620508,0
18,195.49,0,0,0,0.04516423598340113,394.2082618406056,0
22,2374.45,0,0,0,0.15638204980588927,9.45995941602331,0
20,275.53,0,0,0,0.19789606850698413,12.622659261934828,0
3,4823.39,1,5,1,0.8010722098544233,4.246295139411663,1
13,93.1,0,0,0,0.34061830635117374,113.76777723901785,0
12,6287.83,0,0,0,0.05978020440503567,116.86508859721172,0
10,1439.52,0,0,0,0.2068802481989094,353.8484584177095,0
16,1285.9,0,1,0,0.15057621953326855,78.6025534987845,0
16,68.19,0,0,0,0.10104377056987798,458.5699235302694,0
12,1206.38,0,1,0,0.09115826737579305,18.6190603222443,0
15,1382.89,0,0,0,0.2308524292159252,15.84601338605344,0
21,50.59,1,0,0,0.13411748071393942,150.5183638285979,0
15,433.59,0,0,1,0.146405038625097,224.1559677550461,0
15,584.19,1,0,0,0.08586369043491214,247.96093769214582,0
22,117.99,1,0,0,0.040382799096225365,467.8513389607221,0
14,235.25,1,0,0,0.1836033883658837,211.96383098194997,0
4,1227.83,0,0,1,0.011057606447168515,176.61145363206163,0
19,231.81,0,0,0,0.05262895012484427,31.532212797750937,0
2,1857.6,1,3,1,0.6101931295934334,12.324048378031197,1
19,167.14,0,0,0,0.33394911058209936,47.06449351675723,0
14,174.89,0,1,1,0.11802364345461067,209.11226921904253,0
14,318.2,0,0,0,0.13502907911755926,184.12328262065375,0
11,1160.92,0,0,0,0.27776716439161764,132.36798249790684,0
2,122.87,0,0,0,0.11959435284818283,179.94400266166028,0
12,1894.38,0,1,0,0.05118398822753668,159.27482945289395,0
15,1332.88,1,0,0,0.0718311393854464,452.68266627104526,0
2,8974.44,1,2,1,0.7058233045849817,23.195943369098035,1
16,3981.99,0,0,0,0.08527286538866378,114.27585252881424,0
12,1663.58,0,0,0,0.3253824810815122,250.09901369360222,0
21,140.69,0,1,0,0.1054017158761109,381.572889100776,0
10,1347.72,1,0,0,0.08778840642701609,104.38032540358876,0
5,1181.33,0,1,0,0.18302551847864545,171.99966764129798,0
20,604.72,0,0,0,0.39210110838505635,161.50863923674603,0
21,1152.66,0,0,0,0.3323919287445734,46.58818134161963,0
14,261.09,0,0,0,0.14362197590296608,235.36632056328935,0
11,404.42,0,0,0,0.04593562681761374,653.6280471933397,0
14,936.39,0,1,0,0.3691599487072467,170.8731116454986,0
13,671.65,1,0,0,0.11441150293069054,463.78690214065506,0
10,312.21,1,0,0,0.3126674649114927,34.28848164576263,0
11,120.35,0,0,0,0.22191394938677278,273.5119488385208,0
15,2079.63,0,1,0,0.4486301863252026,517.4366158884035,0
12,706.62,0,0,0,0.17518015638034146,132.4377115927653,0
17,401.6,0,1,0,0.1275219390648364,24.748813016011837,0
11,653.06,0,2,0,0.2763107754987228,737.5865051274384,0
8,251.86,1,0,0,0.20628893759763764,93.5583655791847,0
15,110.33,0,0,0,0.12215106560844526,282.73431839397773,0
13,54.2,0,0,0,0.20707178550572405,106.6360178002218,0
14,570.09,0,0,0,0.049503932266753356,3.311742354134033,0
16,200.29,1,0,0,0.1103462146655065,165.86518248028403,0
11,294.93,1,0,0,0.3382096250686212,15.546842410076135,0
14,150.77,0,0,0,0.1694783500232698,46.46546482107568,0
10,173.27,0,0,0,0.050850071533040005,92.33808755176682,0
23,350.11,0,0,0,0.4796460192897063,81.9425286019128,0
13,3568.46,0,0,0,0.17527713139427795,150.61585262672335,0
18,1118.87,1,0,0,0.46713112836834547,223.2424973368497,0
9,74.85,0,0,0,0.4450534466821226,156.83543777254488,0
3,1857.6,1,3,1,0.8286201891739722,3.433363745130572,1
15,205.46,0,0,0,0.05618383996564414,354.1415330066958,0
18,381.72,1,1,0,0.3160557535255673,474.63240209228826,0
14,865.0,0,3,0,0.21935327089278017,63.8870765341402,0
18,470.83,0,0,0,0.06120785007152638,126.41086897919004,0
8,288.17,0,0,0,0.3928016670696121,210.5584882979792,0
0,4823.39,1,1,0,0.8059657896070539,3.1908011661691194,1
21,2282.27,0,0,0,0.03631240401644137,419.4169368285561,0
12,199.95,0,0,0,0.28466674870826875,13.483985707140796,0
13,713.52,0,1,0,0.2832793356281144,271.7123086535321,0
6,221.81,0,0,0,0.21062329488611212,122.9437870811375,0
18,580.44,0,0,0,0.1258737371992593,201.2325565254372,0
19,106.58,0,1,0,0.4838426490411806,611.3263713882277,0
16,433.8,1,0,0,0.08955278556214172,76.36856181619906,0
9,223.91,1,0,0,0.08939863086368953,359.3175883666748,0
13,365.88,0,0,0,0.011511785017508812,95.97849673888612,0
9,100.66,0,0,0,0.1342282375893181,39.72775626497137,0
14,112.5,0,0,0,0.14760521438767993,277.04006019821435,0
15,302.95,0,0,0,0.06313411205292378,112.62867789174211,0
8,590.71,0,0,0,0.4833983130897157,249.82634347162963,0
7,261.59,0,0,0,0.04658101242105378,324.5835045358661,0
22,399.91,0,0,0,0.26429991680087134,121.03312318632085,0
23,4823.39,1,3,0,0.86479546758574,5.05770734715988,1
9,444.7,1,2,0,0.0776047467239643,407.19288863572035,0
15,1125.7,1,0,0,0.008012361729855028,360.9303202796362,0
6,327.7,0,0,0,0.10289637093554492,25.915685188326172,0
11,485.76,0,0,0,0.28740062432223656,10.382308205320811,0
13,1045.94,0,0,0,0.41314285112565236,32.2360012809075,0
14,720.6,0,0,0,0.30349403699832395,80.99579022866808,0
20,206.94,0,0,0,0.10749477390299181,127.33946513033392,0
15,308.6,1,0,0,0.3111068390620642,31.578815457858934,0
14,280.8,1,1,0,0.06933026021599116,129.80454235710553,0
16,350.98,0,1,0,0.12723955278955218,17.94477134551886,0
10,96.47,0,0,0,0.027074672291625145,122.46579244488187,0
23,1048.22,0,1,0,0.1529562474739593,316.70180981880975,0
14,358.72,0,0,0,0.07845756213647885,390.19129853178276,0
14,1206.42,0,0,0,0.3119821747537313,277.15366019351814,0
13,721.17,0,0,0,0.15569154407912494,64.99843026807916,0
23,648.77,0,1,0,0.09398986982363439,373.86529650177084,0
11,329.07,0,2,0,0.11162113708932132,532.0371206913919,0
2,4493.26,0,0,0,0.0758940927270817,19.451771833866083,0
8,341.89,0,0,0,0.1373713336296613,3.6990803483127266,0
4,230.57,0,0,0,0.2657238255779993,13.400913193751304,0
18,1474.71,0,1,0,0.06773090230274068,456.367606545322,0
22,119.13,0,0,0,0.2868839340874105,336.0163752518529,0
5,8974.44,1,1,1,0.6202683505899129,15.472038042097369,1
18,504.33,0,0,0,0.04098032275547167,467.1331199606101,0
14,533.13,0,0,0,0.0430344221294366,319.5826849912486,0
16,414.29,0,0,0,0.0881909753440934,8.771661014641175,0
16,495.11,0,0,0,0.17683129935782613,574.048852714341,0
20,362.02,0,0,0,0.12578026894566666,535.3019426011181,0
11,195.22,0,0,0,0.24108642495284266,215.59133073850157,0
10,537.73,0,0,0,0.1098649803579237,58.23055954403482,0
9,215.39,0,0,0,0.06828514121348046,154.16389351068747,0
13,128.46,0,0,0,0.07470623996444987,21.8934447960209,0
12,166.06,0,0,0,0.1019489703512657,21.98865610001218,0
2,1857.6,1,1,0,0.6784204834845914,9.439686396030211,1
16,426.78,0,0,0,0.2016477937033187,15.225592062317622,0
5,172.89,0,0,0,0.05465814014855187,180.56640726863856,0
11,765.69,0,0,0,0.4864556809001567,53.30844432128039,0
2,4823.39,1,3,0,0.8898710808069514,4.675029164740126,1
23,103.62,0,1,0,0.034519286318658665,31.5111286701031,0
8,213.06,1,0,0,0.11677747089771834,29.595341714700282,0
20,444.87,0,1,0,0.1929309906618836,259.2983125315863,0
19,188.39,1,0,1,0.11549377372629627,137.91367121141238,0
18,492.55,0,0,0,0.087352256061601,248.4890903259746,0
12,201.91,0,1,0,0.04894296114535474,1.0,0
11,281.31,0,0,0,0.29728290830279547,65.13720165673685,0
2,8974.44,1,6,1,0.33893376809090914,17.694532028217903,1
10,432.62,0,0,0,0.13519372596522697,480.0403409965925,0
4,380.08,0,0,0,0.30743631187417947,45.38847354127738,0
23,328.67,0,0,0,0.27734978911353986,95.56708809691902,0
15,299.62,0,0,0,0.07056937442535338,222.30127746191823,0
19,103.09,0,0,0,0.023463288301621223,442.0981973600521,0
17,340.59,0,1,0,0.2084472891195229,168.77421344402816,0
7,129.05,0,1,0,0.24542071457325235,48.38252156368096,0
3,1857.6,1,2,1,0.7635296200578248,38.943716971465975,1
23,4823.39,1,1,1,0.794288863991209,12.109509814270249,1
17,262.38,1,0,0,0.3464014535201215,120.80964788941877,0
14,105.03,0,0,0,0.13658710787034503,162.54972131549866,0
0,8974.44,1,1,1,0.7254038708870869,4.354927216201116,1
13,1081.64,1,2,0,0.0736552789704017,57.286828013904696,0
6,265.17,0,0,0,0.05207508216890164,9.79019477002306,0
15,400.57,0,0,0,0.18335595326167511,571.7986717059856,0
16,66.69,0,0,0,0.016459653237746976,183.83326175161443,0
20,280.05,0,0,0,0.29635207649632445,162.27914264341618,0
22,244.36,0,0,0,0.10656013677285713,265.4869955739808,0
17,180.44,0,0,0,0.18622207480834901,166.1808348292115,0
15,423.68,0,0,0,0.01567322880910609,21.888010945106046,0
17,1195.4,0,0,0,0.0645913551710452,258.80327436297597,0
14,402.47,1,0,0,0.5409269239125046,57.20782474401151,0
12,106.09,0,0,0,0.023115528256152026,31.712523117476856,0
4,1857.6,1,2,1,0.7848346841438124,0.10741574342886319,1
12,366.31,0,0,0,0.06198509442432455,24.816595639094306,0
17,506.35,1,0,0,0.0635154303464517,138.9135606098509,0
17,1722.08,0,0,0,0.14336580260051293,331.9426641212726,0
19,355.8,0,0,0,0.3185991026011177,37.14877340163097,0
1,431.33,0,0,0,0.020201477530306263,354.625437322096,0
14,110.87,0,0,0,0.0912725886713956,80.0465551667271,0
6,793.53,0,0,0,0.1051987383328451,142.71957807458486,0
8,2095.51,0,0,0,0.2700703719638909,3.985221187085275,0
14,197.36,1,0,0,0.1482398527996496,164.65827875135807,0
21,230.93,0,0,0,0.18088933760244616,190.28036956565245,0
13,855.92,0,0,0,0.3251335907808483,13.297833701405107,0
15,186.67,1,0,0,0.12391988299660114,64.30822876533554,0
8,257.03,0,0,0,0.07251020222361391,2.3835229725252245,0
13,454.2,0,2,0,0.07353421227927033,420.6834288034518,0
17,199.1,1,0,0,0.13707243075166692,20.238857900157775,0
18,3601.79,0,1,0,0.03841804244420101,6.569538406104778,0
15,851.61,0,0,0,0.03621771586498381,311.68936600793955,0
15,316.57,0,1,0,0.062362516377696825,154.95146492366914,0
7,463.9,0,1,0,0.029463880283991422,69.53943551310763,0
15,1012.41,0,0,0,0.18856433017215116,243.58677613686544,0
8,1202.38,0,0,0,0.06675504885401981,262.71843579112016,0
16,554.81,0,0,0,0.4041359968746244,298.47607631357107,0
13,646.04,1,1,0,0.05463757468162036,66.22430373919171,0
19,109.58,0,0,0,0.11886444574160471,184.11127653607923,0
16,115.46,0,1,0,0.011282368634483914,111.69575191895527,0
5,909.93,0,2,0,0.17991965280975344,64.54054751642657,0
9,273.67,0,0,0,0.25824762277484786,429.40729600343525,0
23,265.34,0,0,0,0.20343015484715374,47.23150554400214,0
16,3684.46,0,0,0,0.16629040585905938,190.5156772865935,0
18,1384.67,0,0,0,0.04975620291738193,19.312867799431693,0
7,811.81,1,1,0,0.1912723091697504,243.72647870826302,0
2,8974.44,1,3,1,0.6416099168047678,11.434514663222513,1
6,376.12,0,2,0,0.17853675005964514,72.341720592486,0
11,1228.6,0,0,0,0.23970176449235125,129.5535514443757,0
17,175.88,0,0,0,0.2868321374417107,186.2617186226196,0
20,229.41,0,2,0,0.09268283296477507,204.85568619473727,0
14,151.18,0,1,0,0.09953630320843931,6.6663589154485745,0
15,701.46,1,0,0,0.1131310381502472,219.51373935768754,0
17,466.62,0,1,0,0.15881056419317263,24.150990991679585,0
9,2600.92,1,1,0,0.18185228539405446,3.942092641867778,0
15,152.71,1,0,0,0.20119952700115093,51.86345813342831,0
20,243.25,0,0,0,0.06349408668817182,209.9846925033363,0
7,1269.26,0,0,0,0.1701324710477717,296.314166776315,0
10,135.58,1,1,0,0.1692487070763934,7.558810806630529,0
20,2046.14,0,0,0,0.11082715508226275,48.01907377446045,0
13,270.22,0,2,0,0.11848744986819891,193.36162330663026,0
15,2701.87,0,0,0,0.16719353695427372,83.48364312021965,0
19,715.23,1,1,0,0.04949011640047001,23.932873301210826,0
11,280.04,0,0,0,0.2722050628561601,42.55670634028641,0
6,1173.79,0,0,0,0.3119376748993245,45.7143216724228,0
9,288.76,0,0,0,0.13379491793397724,110.91514562507153,0
11,295.28,0,2,0,0.19085919450057595,81.25447654795164,0
18,995.54,0,0,0,0.04910119894409101,124.1470890904999,0
20,328.38,0,0,0,0.04188886656077216,234.65602650199457,0
8,263.9,0,0,0,0.029203628346160228,131.10858240815006,0
2,1857.6,0,4,0,0.5413879693985442,4.311962108646297,1
20,438.35,0,0,0,0.5185719332997085,185.10694247276555,0
10,177.86,0,0,0,0.06729738787321449,20.67191300184367,0
9,360.79,0,0,0,0.16557376540973184,76.75488944547682,0
2,380.67,0,0,0,0.24669331188709756,200.94812150317506,0
21,273.63,0,1,0,0.12179049453632174,312.0141218949206,0
23,1314.86,0,0,0,0.24156153072441877,841.7539779313379,0
17,347.59,0,0,0,0.2172571367192145,713.8318162020162,0
9,525.94,0,1,0,0.008240018840594571,78.10529935513058,0
7,3344.82,0,1,0,0.061702276620557925,128.18866500104454,0
18,522.99,0,0,0,0.0008532222403288208,2.0633459020920917,0
14,285.87,1,0,0,0.47107535389627814,348.3929105873042,0
15,242.75,0,0,0,0.0479529217615865,236.65500799110822,0
9,148.77,0,2,0,0.28815564888672274,122.82064772729615,0
15,237.99,0,1,0,0.20116976807403603,378.08750602391433,0
15,277.51,0,1,0,0.2960885933632303,345.5599275597607,0
15,177.93,0,0,0,0.18023647399343803,102.15874786106271,0
22,1857.6,0,1,1,0.5022743072519243,1.223537229185104,1
15,12530.58,0,0,1,0.36423534118501394,225.72072998352468,0
7,177.63,0,0,0,0.048257787549572564,14.516998281662808,0
9,486.54,0,0,0,0.11672762688564939,92.11005304704975,0
13,1203.2,1,0,0,0.004514438450778332,895.6162634884093,0
13,1378.73,0,1,0,0.23665260258728385,277.1860302562189,0
10,2581.33,0,0,0,0.1681200680476037,43.869946404709296,0
7,201.45,1,1,0,0.015914527777287676,263.28959326076085,0
1,8974.44,1,2,1,0.8657579234986965,11.198141057640532,1
23,98.25,0,1,0,0.2730190602095604,297.2304692531232,0
10,1372.32,1,1,0,0.05595416655622783,9.19075275110682,0
23,118.86,0,0,0,0.07123824126420913,73.01039218201475,0
6,893.23,0,0,0,0.06069576005035213,273.53652045478,0
6,853.17,0,0,0,0.2394439622813159,75.87123576617408,0
9,229.91,1,0,0,0.11727526563949463,251.25592916077258,0
15,65.31,0,1,0,0.4723480936561838,443.6271231147076,0
13,1228.33,0,0,0,0.20792768868045616,37.225722909822665,0
6,460.83,0,1,0,0.06221714547205283,280.90487013219604,0
12,4603.32,0,0,0,0.16145989484859102,159.40899421709707,0
17,1124.4,1,0,0,0.07052573146149065,264.3361092080255,0
16,204.14,1,0,0,0.2906726320179154,42.74861267088407,0
15,185.16,0,0,0,0.12275163453640736,268.69688511761586,0
1,1687.72,1,0,0,0.19488698704465532,5.023377377992491,0
15,176.72,0,0,0,0.14378359543614636,96.50656412228174,0
17,99.22,0,0,0,0.3124670673971154,72.33894564697687,0
10,345.3,0,0,0,0.09022149691282666,93.47492666092238,0
12,182.78,0,1,0,0.02355742429418163,115.88889560389634,0
5,167.27,0,0,0,0.17607058496432276,148.91409542368444,0
11,253.4,0,1,0,0.1220927533695529,74.45769897514307,0
12,19.53,0,0,0,0.16572651428845253,210.25092786478837,0
20,190.11,0,0,0,0.08544899423029284,207.49429696656787,0
13,93.26,0,0,0,0.023937783160369926,21.93115732015547,0
12,95.54,0,1,0,0.2305230547660324,330.984613879263,0
13,1120.72,0,0,0,0.32027378323579153,409.4433708801158,0
11,197.6,0,0,0,0.024262039926185325,294.9496835122382,0
10,135.39,0,1,0,0.06243412584454389,115.94356889388811,0
2,4823.39,1,5,1,0.7432795907727304,17.869787160098337,1
19,425.0,0,0,0,0.11997527027703393,101.04358133782092,0
1,1857.6,0,7,0,0.3567393921120101,10.490332862293942,1
6,365.37,0,1,0,0.08934282131359798,244.6193395646306,0
5,4823.39,1,3,0,0.9901653930050311,0.7099164168190055,1
18,115.04,0,0,1,0.055738494966879784,19.949830632358264,0
9,134.94,0,0,0,0.20287387798626558,157.68720446453148,0
11,401.68,1,0,0,0.18841469374903935,622.7587944631771,0
13,793.13,0,0,0,0.18487242097422274,42.59282369277578,0
19,1107.61,0,0,0,0.1240247986439502,422.3514031284328,0
14,285.35,0,0,1,0.04760641880845397,157.18357492810256,0
22,109.4,0,0,0,0.40002265698998846,268.12799065583016,0
18,120.6,0,0,0,0.2806186068665759,215.09969516202034,0
11,208.78,0,0,0,0.12048411215572671,153.7733882077607,0
16,387.66,1,2,0,0.12103938380300079,22.46213961367303,0
12,231.02,0,0,0,0.18254550356476903,190.05720334384102,0
16,118.51,1,0,0,0.1254426493299583,71.02819988267767,0
8,77.72,1,0,0,0.3166594309795292,484.713873530271,0
23,2078.83,0,1,0,0.26705673289141935,887.5695381956681,0
15,534.12,0,2,0,0.2304295976564375,155.27665188195476,0
1,194.44,0,0,0,0.2691790693203426,55.18913373120747,0
18,625.52,0,2,0,0.04168954984468953,1261.9622677539826,0
17,506.77,0,1,0,0.08363237144220252,495.471431021346,0
14,515.2,0,0,0,0.21461824226787268,89.31521357546751,0
15,583.51,1,0,0,0.04581889378963556,40.63210797170317,0
13,1547.0,0,0,0,0.015111956124681247,258.15055216352573,0
17,1812.48,0,0,0,0.1893540029011663,173.7676772199978,0
18,203.11,0,0,0,0.271243320772719,42.4294006667064,0
5,187.69,1,0,0,0.05513440527185731,11.765108081527616,0
11,2535.86,1,0,0,0.017881728778912514,199.78103514139673,0
7,41.64,0,0,0,0.29259569921992573,93.41813626623801,0
14,232.29,0,1,0,0.04167660635276562,294.85083505719285,0
13,144.41,0,0,0,0.19078873848468825,63.444424640806815,0
9,309.01,0,0,0,0.12244647487620913,341.9642523648442,0
16,64.16,0,1,0,0.12357345854408078,128.4211203539766,0
10,210.53,0,0,0,0.1341381076366195,75.69507688454252,0
11,102.59,0,1,0,0.11382551366511912,545.8498943377823,0
15,354.31,0,0,0,0.18594581369301555,246.77510574538425,0
5,984.42,0,0,0,0.04909048906024733,57.13516008257881,0
23,182.04,0,0,0,0.017683758533289698,61.99911569689477,0
14,825.83,0,0,0,0.09903271010988202,95.82020473925508,0
15,294.29,1,1,0,0.017655057479255443,133.0340140811063,0
18,232.94,0,0,0,0.2124417811686426,370.39124912646184,0
13,2309.39,0,0,0,0.2331112718061509,90.80163486651531,0
20,122.1,0,0,0,0.03809689334174945,918.7655320583763,0
3,841.97,0,0,0,0.0805695322970233,68.68933037932331,0
16,249.74,0,0,0,0.056406967451338164,87.50137520710378,0
7,2822.77,0,0,0,0.33641697540228194,208.68390511640888,0
17,2017.54,0,1,0,0.07077714825300621,327.48823796930344,0
23,944.08,0,1,0,0.09614346310149097,5.022912654386866,0
20,154.27,0,0,0,0.2775628059471869,207.18576187524528,0
19,208.25,0,1,0,0.10263720940130981,194.09316272645506,0
19,496.98,0,0,0,0.14809363279174959,49.70506471283593,0
13,2178.02,0,0,0,0.16366953984650554,85.93543127108804,0
8,136.88,0,0,0,0.15086788376091234,10.364005051462327,0
11,1395.12,0,0,0,0.2332887233694762,104.07184513828092,0
6,117.41,0,0,0,0.12365103645494539,152.82614219425238,0
11,96.65,1,0,0,0.1870791099773559,284.0636393820279,0
11,494.49,0,0,0,0.12931187773538985,139.71284765637049,0
8,217.01,0,0,0,0.32158530226481463,116.01973299931161,0
17,97.13,0,0,0,0.0051016336551905385,6.334031600704132,0
15,288.14,0,1,0,0.1585234761554013,50.81664975425659,0
9,761.69,0,0,0,0.04593448586292801,17.550416996903174,0
4,640.19,0,0,0,0.01886515050124709,109.5957875475655,0
13,963.87,0,0,0,0.14118501177122303,9.78473770199117,0
17,239.52,1,0,0,0.365982082370495,175.2103449208392,0
18,63.48,0,0,0,0.31845369905361,191.95299739822042,0
17,2935.68,0,1,0,0.22120580286598582,624.978221908696,0
10,595.13,1,1,0,0.05924748755524277,17.01817958526242,0
14,48.15,0,0,0,0.05588357862954627,179.47589336887418,0
13,473.96,0,0,0,0.09224739158527952,48.39400087881652,0
17,371.59,0,0,0,0.17470570767132407,350.3564259029549,0
8,190.1,1,0,0,0.1977918829166365,218.86007538794428,0
19,9487.74,0,1,0,0.22281202900442026,534.0219161614511,0
7,1717.12,0,0,0,0.3277562637338938,68.68475766912513,0
12,1147.08,0,1,0,0.10614756428786744,131.13617868425547,0
8,701.67,0,0,0,0.13578581557857994,137.87419506713036,0
10,191.04,0,0,0,0.31412487076004275,82.22691192364137,0
23,1857.6,1,2,1,0.7200382426223358,9.340930689266871,1
22,201.98,0,0,0,0.06293447233808823,40.51488263500183,0
17,109.64,0,1,0,0.1251163158169286,85.14312444435299,0
10,1049.25,0,0,0,0.20496691429135092,158.2947486998595,0
21,852.56,0,0,0,0.18356629765474183,496.1506040115266,0
14,148.17,0,0,0,0.19931421829904883,93.79735821113219,0
14,193.41,0,0,0,0.2285916936777517,1.0,0
21,395.68,0,2,0,0.00438232947500692,30.391571170549238,0
10,5180.77,0,1,0,0.4162043223815749,45.698108572075135,0
18,49.16,0,0,0,0.03225772216030939,209.2519498528396,0
9,922.97,0,0,0,0.08436293836842378,28.469153887119,0
21,328.32,0,1,0,0.28724754627468413,272.8326944392167,0
5,246.05,0,0,0,0.19614991404829207,107.48686466852982,0
17,55.21,1,1,0,0.05386007872735077,121.75492202072436,0
10,74.27,0,0,0,0.18135392902501127,35.39297609033286,0
11,371.38,0,0,0,0.06942389930480229,283.22522425155864,0
4,231.22,0,0,0,0.039298534272289055,23.495964972991786,0
15,74.09,0,0,0,0.10300202921895328,119.59270919521956,0
5,4823.39,1,2,1,0.7406539257818501,4.030876386203779,1
9,830.98,0,0,0,0.010063406681529658,218.14457864094297,0
20,344.44,0,1,0,0.06959994638113896,106.85949982675558,0
16,529.58,0,0,0,0.019534967440352907,643.7358920719256,0
14,222.4,0,0,0,0.09002752927615752,41.03231621077756,0
16,1841.38,0,0,0,0.20838705870431254,163.5941376960117,0
15,77.97,0,0,0,0.16327040761317116,88.68953329602643,0
17,477.82,0,0,0,0.026476823328286818,134.0911384591232,0
12,157.07,0,0,0,0.16137980656117865,170.86874155452116,0
6,1019.07,0,0,0,0.013324430631763516,126.61076783171144,0
23,4823.39,1,5,1,0.43239401784577447,3.0895544761448717,1
7,411.16,0,0,0,0.3155312200194823,777.882511795847,0
21,558.54,0,1,0,0.025685680079171123,165.07861639442746,0
13,226.45,1,0,0,0.15647825299687274,412.89732442265483,0
12,467.96,0,1,0,0.07500230068347222,300.0181288483536,0
14,324.7,0,0,0,0.21318414032403082,244.89543162010162,0
10,237.96,0,0,0,0.23944438349029964,52.709498708129246,0
11,77.6,0,0,0,0.2173695967006441,102.9713254574514,0
19,685.22,1,0,0,0.1757482397295616,150.81288042218281,0
16,500.13,1,0,0,0.2169446635118882,27.82421860922831,0
13,324.52,0,1,1,0.07449112392369335,5.454274469965526,0
18,253.61,1,0,0,0.004128233959379363,312.06936998560536,0
8,160.75,0,0,0,0.1825646665868661,20.193886694737287,0
16,229.81,0,1,0,0.21915428071599083,1.2867683062617106,0
14,88.32,0,0,0,0.13337786003791643,294.66695907079605,0
11,223.99,1,0,0,0.3721445955207238,200.4117337407482,0
16,2422.1,0,0,0,0.3997545043627561,300.37207788433585,0
13,368.6,0,0,0,0.03684841511472446,110.24427524353963,0
13,1076.02,0,0,0,0.2348391460198476,11.52806208679413,0
16,804.59,0,0,0,0.3175811053039824,43.16083774160603,0
15,352.92,0,0,0,0.15254045913750694,139.6367098229498,0
20,405.93,0,0,0,0.051219036958633765,206.9422911302665,0
1,4823.39,1,4,1,0.5560730265471139,14.018478076921918,1
21,161.4,0,0,0,0.12373975662448929,9.7690323085176,0
10,233.04,0,0,0,0.21754964296252274,92.69178459087006,0
23,406.75,0,0,0,0.031435287851916835,42.7945747128344,0
14,1088.89,0,1,0,0.04656755334403469,93.3010648210152,0
6,1488.08,0,1,0,0.11541316414412629,3.042201776275662,0
18,259.53,0,0,0,0.029567021050432584,50.69632032163421,0
9,942.66,0,1,0,0.16232962962223976,91.5156200531328,0
3,4823.39,1,3,1,0.8018348527720701,0.865696513353535,1
12,326.57,0,0,0,0.05348034700220737,123.48759097784786,0
14,171.13,0,1,0,0.13283693118034637,94.15612931816763,0
15,375.61,0,0,0,0.15990902899840154,286.5944853877167,0
19,799.21,0,0,0,0.009132533030690377,325.4089918409873,0
17,474.66,0,2,0,0.2722648223857674,4.831230905977313,0
19,2034.59,0,1,0,0.30816236878242476,217.75950718448632,0
12,113.98,0,0,0,0.27172233151274633,143.79883800214532,0
15,115.96,1,0,0,0.05860384662821883,155.59074805166077,0
16,172.64,0,1,0,0.18018588220288823,22.988052195613406,0
12,509.14,0,0,0,0.06335344957370002,327.7930468393807,0
12,89.99,0,1,0,0.08665622283429064,72.23788139944995,0
2,4823.39,1,4,0,0.9719219036033899,0.3827051458722183,1
14,213.85,0,0,0,0.344089611572996,53.7600196087548,0
14,243.91,0,0,0,0.09264416028628929,32.11101237119789,0
17,263.56,0,0,0,0.15267832433100129,58.28404390307115,0
20,361.68,0,0,0,0.12600808954244694,38.20187203292934,0
7,747.2,0,0,0,0.10605092842598751,310.1107638615166,0
17,410.38,0,0,0,0.17941673347388187,92.036335176756,0
15,330.89,1,0,0,0.23482143931397734,554.4571173209539,0
16,728.12,0,1,0,0.15201374429839007,255.98064710258856,0
15,176.92,0,0,0,0.15294476639931812,458.2024679766401,0
10,150.37,0,0,0,0.1874686109599626,63.510437300341415,0
4,103.09,0,1,0,0.24834273286440342,581.5979240319457,0
17,173.46,0,0,0,0.20270804585075564,98.89328438482539,0
13,48.59,0,0,0,0.05882898822579708,108.61926490501773,0
18,1337.63,1,0,0,0.036590573820422544,66.3128076254759,0
18,308.23,0,2,0,0.2964143208345483,95.44076588717839,0
17,84.01,1,2,0,0.02514036863807775,117.09253854955595,0
14,1321.39,0,1,0,0.247049723212173,82.904819399137,0
15,241.69,0,0,0,0.08845315495670611,152.97644832266624,0
4,8974.44,1,4,0,0.7040449511472245,11.46734503210848,1
18,85.43,0,0,0,0.09967427612388441,225.62628818487914,0
8,720.78,0,1,0,0.10279769693432289,24.772449946903016,0
8,105.7,0,1,0,0.09496364908067598,7.798088315500646,0
13,179.97,1,0,0,0.03848361859668757,369.5462639118081,0
21,2249.33,0,1,0,0.15312909945333814,45.58708143663945,0
21,50.85,0,0,0,0.5039391356778885,76.7300936545142,0
19,397.59,0,0,0,0.26912265239101696,90.0265902996568,0
16,672.72,1,0,0,0.09789875381422733,192.3424559119559,0
21,721.15,0,0,0,0.07144941667309974,196.51325545865703,0
20,41.66,1,2,0,0.07506408875997243,44.66670528179571,0
8,262.59,0,0,0,0.18403354033903124,81.55689429107284,0
15,156.43,0,0,0,0.2583542659077204,383.55253829154407,0
16,2434.99,0,0,0,0.09028427423112068,111.86300062799796,0
16,767.7,0,0,0,0.2376487989882068,302.41557029018514,0
19,561.96,0,1,0,0.046609138088763886,133.90218063930982,0
11,197.68,0,1,0,0.12600740693792914,143.0287731325789,0
5,8974.44,1,2,1,0.5675436872327673,13.749769051452487,1
18,37.1,0,0,1,0.09495963846223988,191.49594190642617,0
15,129.14,0,0,0,0.15433667101286833,722.2105807172569,0
22,360.01,0,0,0,0.19493801444577605,528.6928981211078,0
14,845.21,0,0,0,0.058395352456849424,764.5645865808535,0
14,716.48,0,0,0,0.30416007540183654,596.1362246979767,0
11,185.46,1,0,0,0.058382912061195356,43.45576630522751,0
12,66.23,0,0,0,0.22657390929787596,7.2595934058980225,0
6,222.47,0,1,0,0.3758312212342987,20.93949783318488,0
14,526.02,0,0,0,0.04192298713889743,380.27365631398993,0
15,726.3,0,0,0,0.3054613456585365,230.65280234664897,0
7,494.01,0,0,0,0.17153630125290026,485.0198529971324,0
6,319.1,0,0,0,0.12341302023422582,199.59206726431194,0
12,125.26,0,0,0,0.1048161733234731,771.8705385527227,0
8,404.13,1,0,0,0.23376945231271315,61.8633836477383,0
8,421.37,0,1,0,0.13609454114305683,64.52894277206691,0
12,3102.5,0,0,1,0.1742243925457178,223.32049117075965,0
16,315.25,0,1,0,0.08247008912829494,320.8732294273468,0
8,218.05,0,1,0,0.11339252235951798,7.475801177723107,0
9,832.36,0,0,0,0.1731748958804782,19.335319023746123,0
14,1342.35,1,0,0,0.15311162775982096,13.257549546079455,0
23,197.27,0,0,0,0.14879898674214012,219.68267145046545,0
0,276.85,0,0,0,0.20717720596340775,235.1839325206435,0
14,401.95,1,0,0,0.14850449393078807,502.0543603858454,0
7,2649.99,0,0,0,0.1546499322414036,378.6055958368393,0
11,1215.7,0,1,0,0.20332022024741367,77.0608761551062,0
16,158.74,0,0,0,0.2739054160324296,312.30700219649935,0
16,1678.18,0,2,0,0.23050292167651038,23.760937024736123,0
10,348.11,1,0,0,0.2307984330525129,4.548775517302764,0
15,501.39,0,1,0,0.05222392179519034,140.90845603224528,0
16,447.94,0,1,1,0.1182727323713761,48.781239447868565,0
16,1799.55,0,2,0,0.059737401425422214,343.72839197116747,0
12,1070.71,0,0,0,0.0811239918135683,71.70932870792085,0
4,679.55,0,0,0,0.11105112046412034,17.254800495902785,0
11,390.48,0,1,0,0.09453283627544196,320.2155460659966,0
19,432.24,0,0,0,0.16069202358948875,286.15948431430195,0
11,174.42,0,0,0,0.12976702221782793,348.5764046900939,0
17,54.86,0,0,0,0.3778723296078977,222.546005439455,0
14,665.5,0,0,0,0.12677871588903852,54.60542849184538,0
17,389.85,1,0,0,0.3130669443027848,134.43559262922025,0
19,2801.89,0,1,0,0.15986042395272496,31.045064918083842,0
19,2044.14,0,0,0,0.07765353443805913,86.51156437991123,0
4,8974.44,1,5,1,0.8615642318068113,7.897831501055656,1
20,738.74,0,1,0,0.09216142069633322,412.7746983035021,0
10,453.27,0,0,0,0.05383924292360683,9.992355925560643,0
10,202.59,0,0,0,0.12065019807878319,73.64650436393423,0
12,2803.22,0,0,0,0.46098152710347395,354.01470423022727,0
0,4823.39,1,5,1,0.6531192931283446,4.333500467912103,1
23,289.16,0,0,0,0.1771318867342277,185.948247384485,0
13,1490.04,0,0,0,0.2696256407979332,221.97658215682657,0
15,82.7,0,0,0,0.0840016692395904,97.6841289419675,0
15,234.05,0,1,0,0.28085849176638233,144.53883544254396,0
12,307.95,0,3,0,0.3318016051356674,48.75259746516713,0
17,126.58,0,0,0,0.12310747380106914,370.1636835460917,0
10,325.18,0,0,0,0.07325957139118539,164.11793150268304,0
16,536.99,0,0,0,0.017015652877243066,17.230792412976317,0
13,303.26,0,0,0,0.08659990874794846,90.58397491460615,0
20,76.12,0,0,0,0.11184456206541012,316.4170606286948,0
17,106.75,0,0,0,0.08634441324286936,439.6611568676172,0
18,664.82,0,2,0,0.23867183020777763,733.3214926242848,0
7,916.49,0,0,0,0.3693473047104594,13.845552047083535,0
16,426.16,0,0,0,0.212958662462636,492.84750855400455,0
11,104.71,0,1,0,0.13954574209813309,56.01275159680607,0
10,640.96,0,1,0,0.2483194971917142,23.684091706082604,0
14,223.72,0,0,0,0.11855955965502783,124.56805818108454,0
12,316.35,0,0,0,0.12767718872686748,274.1917380338555,0
0,37.26,0,1,0,0.2217930251470088,175.43627562149285,0
5,386.67,0,0,0,0.046809029787795414,640.3858489548292,0
20,87.06,1,0,0,0.07969563222586523,533.6963867253647,0
10,604.29,0,1,0,0.06889462544566838,22.022371307591918,0
11,190.26,0,0,0,0.1776103906431828,31.433007812487187,0
12,697.81,0,0,0,0.3028671650227901,200.3905692762672,0
21,89.78,0,0,0,0.2812201595179278,162.27910087058424,0
13,549.23,1,1,0,0.017522741946412616,283.9143884352156,0
10,328.26,0,0,0,0.27842203762936074,547.2938786991535,0
20,1160.28,0,0,0,0.13724984619202,10.003616967171618,0
10,422.04,0,0,0,0.017757111372155333,433.0421587365451,0
12,2581.73,1,0,0,0.03996558521934825,233.67526990753444,0
12,215.86,0,1,0,0.11782943161169665,230.00507854101295,0
15,2020.69,0,0,0,0.2731988750614071,104.12673398385571,0
16,1384.67,0,1,0,0.5228607978453653,428.3069821551284,0
14,105.84,0,0,0,0.05835832627333817,217.84957502888238,0
21,571.07,0,0,0,0.058196328777645766,60.915316429951474,0
15,48.45,0,2,0,0.5879011790694194,237.7137947152757,0
5,4823.39,1,2,1,0.5749409790011738,0.7910462371229067,1
12,793.1,1,0,0,0.021028841924493825,142.3029301121011,0
12,351.9,0,0,0,0.0665017997651651,113.95789105165987,0
16,1203.79,0,0,0,0.06478875890428533,32.1934785357957,0
11,133.12,0,0,0,0.16663692594024454,40.045677011489815,0
10,801.03,0,0,0,0.24083436663506427,72.54255212026796,0
0,351.82,0,0,0,0.044596784140179056,176.4837175733881,0
8,62.97,0,1,0,0.155898159828462,512.5033394623673,0
12,243.28,0,1,0,0.1249611780646831,187.75057260406157,0
18,583.24,0,0,0,0.14024180874524086,313.2392520086287,0
11,632.83,1,1,0,0.07609493635351237,67.1476595208247,0
21,331.15,0,0,0,0.5759551900246686,403.4719188514416,0
23,4823.39,1,0,0,0.9098940077263641,0.1,1
5,2254.1,0,0,0,0.09697931710848558,524.8626987565182,0
17,127.34,0,1,0,0.16391809359968565,44.71084283652605,0
20,1438.85,0,0,0,0.3676005464292857,346.12344273672136,0
16,201.59,0,1,0,0.3206410362857114,223.19060701363708,0
14,272.02,1,1,0,0.15937518415331922,52.54028723372065,0
21,323.01,0,0,0,0.03928154697659095,110.00568149334603,0
8,1650.64,0,0,0,0.24552944371618093,89.16670139222066,0
19,1325.21,0,0,0,0.19220067264080953,21.458266314080483,0
6,282.04,0,0,0,0.15239277058676293,135.75035401113624,0
12,411.87,0,0,0,0.03551104689605061,164.74722882980979,0
19,380.16,0,0,0,0.13908522370072368,81.58129124680809,0
15,373.87,0,0,0,0.021761937663212546,55.819345573665444,0
17,239.29,0,0,0,0.22053988673555192,241.2622446763888,0
12,2568.52,1,0,0,0.022081685596859548,127.36181269923362,0
11,527.86,0,0,0,0.08277694843916097,25.647704413690242,0
16,231.47,0,0,0,0.0999591261223336,12.182185417506538,0
14,285.31,0,0,0,0.15287949326780897,20.909542681134546,0
8,1988.46,0,0,0,0.1058694134600369,188.7136441143134,0
14,602.17,0,0,0,0.11857762151111226,120.60761063508654,0
15,156.64,0,0,0,0.02865053662476891,190.3441457596896,0
12,702.4,0,1,0,0.10464424340127618,155.7719074657442,0
9,134.13,0,0,0,0.2992231198514238,3.0428755203580726,0
16,180.69,0,1,0,0.09638177311696726,62.812165961767505,0
15,1016.9,0,1,0,0.1312857834994327,115.88846619446842,0
11,487.62,0,1,0,0.11291414717393718,340.8799408300615,0
11,782.17,0,0,0,0.3100844429162435,127.17744196561178,0
20,579.9,0,1,0,0.0522853539663868,144.56923344410922,0
13,81.93,0,0,0,0.0479230261009114,1087.150522137081,0
12,168.3,1,0,0,0.1706646041553726,62.822643301818054,0
10,539.39,0,1,0,0.10286218723398903,196.77845131061883,0
14,2092.59,0,1,0,0.2520332475327629,373.92941416635773,0
11,188.98,1,2,0,0.017938787718099813,81.19522006296053,0
17,127.44,0,1,0,0.15297035538086978,182.95967344146774,0
5,119.14,0,0,0,0.17417725032882972,7.054954274354736,0
5,2110.17,0,0,0,0.23560938577482718,54.98094877831731,0
19,654.42,0,1,0,0.10803086177164038,73.19416929400438,0
13,636.8,0,0,1,0.14639459123574158,883.8315307137356,0
23,8974.44,1,0,0,0.8561000152812911,14.569722794472412,1
21,245.21,0,1,0,0.1702223316410581,408.34199820233516,0
7,446.32,0,0,0,0.10330448216633023,42.71466369696792,0
19,136.23,0,0,0,0.1328454786654767,32.71551006842438,0
15,483.93,0,1,0,0.5064481083591208,300.1537288047302,0
17,311.66,1,0,0,0.23144555959350085,80.36951485943561,0
9,2427.73,1,1,0,0.04437135203228182,608.5578211961474,0
7,278.48,0,0,0,0.2412107429089269,230.39794561230005,0
17,298.75,0,1,0,0.2278220842836438,49.445328728051095,0
19,801.43,1,0,0,0.07671427090599181,50.61787268207909,0
22,472.59,0,1,0,0.04469090469489805,438.37264605402555,0
10,304.73,0,2,0,0.05989777731083594,20.7201691748915,0
13,334.2,0,0,0,0.16518663699357383,36.20338337736523,0
8,336.93,0,0,0,0.4318618959955566,46.23283446746067,0
11,699.93,0,0,0,0.11253911128270211,171.9083544157057,0
18,222.41,0,0,1,0.2601552624550375,28.980209991413844,0
7,71.86,0,0,0,0.05524257572070339,108.18681356395632,0
18,156.92,0,0,0,0.31366908973132995,219.86403507094187,0
11,187.2,0,0,0,0.036085432158470286,30.816585049285305,0
21,840.24,1,1,0,0.21692711896995254,325.47641899885696,0
5,8974.44,1,2,1,0.9270540490126506,10.95691584434106,1
14,206.32,0,1,0,0.200788349971432,379.2918271805091,0
13,203.2,1,0,0,0.09284749100679697,220.1551783630971,0
15,5753.25,0,0,0,0.13279838176234693,7.456336781066738,0
17,164.89,1,0,0,0.0374850939377594,46.71083879635114,0
17,485.24,0,1,0,0.07977902939548065,1.019545076169223,0
9,575.91,0,0,0,0.21978366961219226,1.0,0
15,317.85,0,0,0,0.25498093837757463,24.157532986572015,0
0,8974.44,1,1,1,0.9568074844949942,13.825855506513108,1
11,274.19,0,0,0,0.032359788282530395,86.34352906421931,0
7,719.5,1,0,0,0.17343283064554457,137.5820949068502,0
15,215.34,0,0,0,0.19830059510249148,62.5125914493131,0
10,254.65,0,0,0,0.18895313456747778,176.24192918953625,0
16,179.88,0,0,0,0.2744620098465133,208.15136857329057,0
19,83.9,0,0,0,0.04987812613649924,187.1922172662524,0
17,225.05,0,0,0,0.09235109782323998,48.11517144317679,0
10,871.95,0,1,0,0.08026053697419404,211.35525919636154,0
7,517.47,0,0,0,0.05780360043720116,143.0958542301424,0
18,700.35,1,1,0,0.1352832848726603,563.5942663479005,0
20,298.83,0,1,0,0.12256636955312133,368.511310278329,0
9,617.97,0,1,0,0.08820049037679042,151.2095424747912,0
15,592.58,0,0,0,0.058828622062070825,286.3359483464895,0
23,1521.91,0,0,0,0.13270316372255894,176.41578582034137,0
9,278.78,0,0,0,0.03229962816892969,386.2657717968114,0
2,549.41,0,1,0,0.013097123143459786,110.65833870106538,0
17,338.97,0,0,0,0.09912121465970795,243.42453490556028,0
7,154.36,1,0,0,0.12432052114039711,85.52632149773522,0
14,285.21,0,1,1,0.15816188488839045,61.65695840391452,0
13,1036.11,1,1,0,0.05689111729516546,231.55315432782348,0
18,451.96,0,0,0,0.18997445509158029,67.50908456491287,0
5,1857.6,1,2,1,0.9596085398821291,9.962859838945418,1
11,1137.74,0,0,0,0.036452659403894,438.59641747024483,0
23,4823.39,1,1,0,0.6245001362677978,3.9330629258021914,1
18,172.98,0,0,0,0.4429054993555867,42.13927334161779,0
15,311.2,1,0,0,0.054675633433112644,170.63809766380453,0
17,715.35,0,0,0,0.2655186815146721,141.9828926445109,0
11,615.66,1,1,0,0.2530777863949716,53.382181267138634,0
14,912.67,0,1,0,0.1746177416095678,163.14988076229903,0
13,2242.8,0,1,0,0.17621355380486176,149.73341990890177,0
20,207.48,0,0,0,0.08320448880265922,118.96677396677693,0
8,3524.57,0,1,0,0.2742319766671469,293.7102135936262,0
16,159.39,1,0,0,0.11236666534708922,23.17173181713598,0
3,490.29,0,0,0,0.07266940543412,170.29781394744796,0
7,290.26,0,1,0,0.3747841371593039,6.371867286924605,0
18,1910.01,0,0,0,0.24208119928629085,120.77617211162492,0
16,2242.67,0,0,0,0.021551565748600166,10.071364321956349,0
14,336.59,0,0,0,0.08527881640998777,604.0088893212798,0
17,666.93,0,1,0,0.16632237339347725,193.47943106859708,0
10,265.97,0,0,0,0.11263236716722604,34.62776675190773,0
12,648.32,0,0,0,0.3653413107998992,136.77380902911963,0
19,67.17,0,0,0,0.4425179632674723,38.38269816043085,0
14,182.85,1,0,0,0.006846006041856826,477.16552574680844,0
4,94.4,0,0,0,0.21833771927635173,138.61134119802276,0
18,364.18,0,0,0,0.11680936309146282,363.36989687394765,0
15,1008.28,0,1,0,0.28324174100554667,140.16083342329773,0
16,422.55,0,0,0,0.19123732214782221,18.168841399399096,0
21,911.08,0,0,0,0.016638911382251844,150.51951782244134,0
6,144.27,0,0,0,0.03052074444509395,58.942009793018414,0
9,445.42,0,0,0,0.1571725215576999,63.127193591983186,0
21,1830.75,0,0,0,0.182837344054932,110.36803848417391,0
17,366.0,1,1,0,0.1344737483339367,212.81984556013393,0
18,601.22,1,0,0,0.13337713918050906,40.88824319752388,0
11,199.97,0,1,0,0.1891134306785831,163.40424600792673,0
8,752.94,0,1,0,0.23258980241435917,280.62210563542675,0
4,289.9,0,0,0,0.08818089244890814,33.55924119102555,0
13,121.32,0,2,0,0.11405867797693334,308.5788327812358,0
8,453.97,0,0,0,0.10734305095204923,248.89441653447136,0
14,259.06,0,0,0,0.012552815852291756,139.09395140440085,0
14,111.4,0,0,0,0.07073744934122458,22.998258345650374,0
12,251.66,0,0,0,0.20202050515217054,77.78170035581043,0
7,2194.76,0,0,0,0.1318213447696918,258.8240337318896,0
13,1129.39,1,0,0,0.3061560146688576,154.82845372269844,0
14,550.1,0,0,0,0.052280973099664625,99.2489030722486,0
21,33.46,0,0,0,0.2875146488982226,184.7290417449963,0
10,603.05,1,1,0,0.18453446159258843,12.461431099276737,0
16,1052.49,0,0,0,0.08041838926479646,23.807998887765375,0
14,256.79,1,1,0,0.11492686335536312,306.99869090128493,0
11,600.8,0,1,0,0.30633868140674825,219.05027034995337,0
22,1857.6,1,2,1,0.9227161756071883,0.5714411363065214,1
11,82.08,1,1,0,0.09483519410892188,494.6613826336218,0
11,1358.34,0,0,0,0.1392738706938583,261.7207551814567,0
19,215.83,0,0,0,0.25549266353817157,89.63610827087022,0
16,152.02,0,0,0,0.11013870123818169,221.6592335640943,0
16,202.21,0,0,0,0.17274363948065544,36.14211001848262,0
11,298.54,0,0,0,0.09849269069230916,98.17361769457193,0
0,485.43,0,0,0,0.01122102603422212,681.589224635814,0
4,8974.44,0,1,0,0.8759780354174703,1.7418552158956475,1
13,110.04,0,0,0,0.2331208327500824,68.53730269825968,0
10,535.68,1,0,0,0.11587097455789375,126.98083396776197,0
14,502.16,1,0,0,0.3661972997616139,158.59916677709106,0
6,190.65,0,0,0,0.03227557412711198,88.35738469765144,0
20,263.57,1,0,0,0.43293113164838326,142.2881529491164,0
19,136.54,1,0,0,0.2358292461429239,233.48873787020435,0
15,625.77,0,0,0,0.13665533625364973,224.06455707018924,0
19,632.86,0,0,0,0.08642671608496463,14.189449604928143,0
12,1114.11,0,0,0,0.11950309433047594,60.93395723523372,0
12,438.15,0,0,0,0.06939225333694042,53.61673062414194,0
8,58.78,0,0,0,0.333285554560353,24.90136715644094,0
18,342.6,0,0,0,0.18912679948340783,44.494658926435555,0
8,335.13,0,1,0,0.07679853078506912,162.26933292419565,0
12,114.01,0,0,0,0.3752264307818171,221.56700393743392,0
10,431.39,0,0,0,0.23874709265399674,124.65806386248808,0
8,237.3,0,0,1,0.11815408288628491,799.5290783419144,0
6,1289.92,0,3,0,0.18047170428371662,783.0859584489723,0
10,643.82,0,0,0,0.0745682149563447,251.29765840379355,0
0,4823.39,1,2,1,0.887321202409883,9.525269633908932,1
17,2329.37,0,0,0,0.24654592869159492,28.399515740505873,0
14,697.79,0,0,0,0.11075956985547325,12.605337686186537,0
11,1195.96,0,0,0,0.2752113162791161,53.350618323343596,0
22,1888.97,0,1,0,0.06036921783313789,456.1362908483915,0
10,78.1,0,0,0,0.13178675603353868,149.39299737986235,0
8,902.06,0,0,0,0.07010724547585774,117.00496837223801,0
11,194.8,1,0,0,0.0681300810097027,86.051466472201,0
16,524.47,0,0,0,0.1479857779536736,216.89220899634464,0
12,276.93,0,0,0,0.18214214444816132,335.1491439204615,0
12,185.25,0,0,0,0.0025469195370297934,57.814623178629056,0
8,1930.86,0,0,0,0.2152027954048876,43.016836283152514,0
13,394.38,0,0,0,0.18730610074729195,67.10348046097953,0
15,958.49,0,0,0,0.06710044203268964,28.4352049290759,0
9,390.65,1,0,0,0.0488674469056456,87.56149502364696,0
5,640.44,0,0,0,0.15205299264599623,148.67863657480441,0
10,2736.31,0,0,0,0.11945757013631918,200.90528283082034,0
16,328.04,0,0,0,0.3013414032275951,49.793313814820394,0
15,507.57,0,1,0,0.0063359575953012585,230.567241162631,0
8,89.59,0,1,0,0.14924108793766439,10.633969929967634,0
21,68.56,0,0,0,0.34179528570692025,130.24010649830421,0
13,2394.26,0,2,0,0.2382050815464802,112.86707939528556,0
12,947.79,0,0,0,0.03967490761322506,166.7414033955386,0
14,481.53,1,0,0,0.07096096336108398,332.0425384051157,0
21,977.87,1,0,0,0.3100203917627362,342.6167761905338,0
13,177.38,1,0,1,0.05955068373414219,310.76137145090183,0
6,2002.62,0,0,0,0.30988517554847467,354.3204921167282,0
22,376.1,0,1,0,0.07644203860165993,151.22009322531667,0
7,808.04,0,1,0,0.20113635504733948,54.29692681081318,0
17,515.09,1,0,0,0.1811039853671409,147.3739229703602,0
6,339.22,0,0,0,0.03779402002124463,396.2552503096021,0
12,260.55,0,0,0,0.13069738682110404,112.6174806299352,0
4,1857.6,1,3,0,0.8632369586494056,1.6554227384878935,1
23,182.2,0,0,0,0.1901267296092526,246.17255393596247,0
14,1136.88,0,0,0,0.19984524675682766,5.133548710018715,0
21,451.77,0,1,0,0.20704969282946104,71.12654601730881,0
19,561.37,0,0,0,0.20239098073580622,35.184929921521345,0
7,612.3,1,0,1,0.1716637530798762,326.1908681389431,0
20,116.33,0,1,0,0.048871287000161426,10.959654260420926,0
11,615.35,0,1,0,0.33192656298816753,119.7644616888062,0
5,147.16,0,0,0,0.14558784741738975,183.83932585129284,0
10,1251.06,0,2,0,0.13401107886411762,526.0993897560865,0
5,559.86,0,0,0,0.03288489607238816,403.3176555113822,0
14,3024.16,0,0,0,0.03896797841997116,152.14164896097006,0
7,842.15,1,1,0,0.18707237840851784,37.91250547701263,0
20,51.64,0,1,0,0.28809214252863985,348.36311197876927,0
14,1633.44,0,1,0,0.16832922567269057,90.78706100968841,0
9,3131.12,0,0,0,0.12003849840296238,8.296333249542098,0
14,805.16,1,0,0,0.05057559829072907,66.21029916322644,0
12,706.8,0,0,0,0.0541813324486717,74.99087086218961,0
6,789.18,1,0,0,0.22219472276688085,1.0,0
15,364.56,0,1,0,0.2260705496667122,418.0936193382507,0
10,252.79,0,1,0,0.16114085772539422,51.21432395112561,0
14,94.3,0,0,0,0.012658752524605639,81.9930319725543,0
18,256.96,0,2,0,0.060332128543797985,452.34295884107496,0
14,189.09,0,0,0,0.0611678619700222,258.82618525618295,0
18,1611.45,1,0,0,0.10554102454377394,565.4468467811246,0
10,100.08,0,0,0,0.1210192983262822,13.998552011049282,0
7,212.32,1,0,0,0.04402774109154523,263.49573800937986,0
23,1003.38,0,0,0,0.31022045034209433,108.08461012739096,0
6,139.67,0,1,0,0.20947486366222684,37.218274343703456,0
8,1474.77,0,0,0,0.04069490761377118,65.77785830458309,0
13,496.27,0,0,0,0.35407929614230477,85.03577054905398,0
20,2018.26,0,0,0,0.06632612559077937,7.97015227315931,0
23,461.15,1,0,0,0.13490284804648425,22.873018309783866,0
11,737.03,0,0,0,0.22678625633988767,74.63816707611443,0
11,928.48,0,1,0,0.15268819711324144,153.5056174203749,0
4,155.3,0,0,0,0.07123456477581896,10.881577780861734,0
12,111.99,0,0,0,0.23111403673804798,62.90134565685661,0
3,1857.6,1,2,1,0.966136718790424,4.986833217936855,1
20,462.16,0,0,0,0.34316201843636923,409.2913815042892,0
14,334.61,0,0,0,0.29300798260600247,57.78267404395732,0
8,194.38,0,1,0,0.12512665497759573,46.484289975872734,0
21,448.85,0,0,0,0.1311750773131748,479.5004008883434,0
23,1857.6,1,1,0,0.6342024126150824,1.4941297493226307,1
1,2617.69,0,0,0,0.22879477974206577,161.34087089529598,0
0,567.58,0,0,0,0.2848849672519576,67.10797307697707,0
10,578.88,0,0,0,0.22253853860260783,314.1580549718828,0
7,963.71,0,0,0,0.11036457861763313,277.3421745257564,0
20,4241.19,0,1,0,0.09187243045160585,50.79179654190236,0
0,545.38,0,0,0,0.1949502315485556,167.30859903535406,0
17,627.5,0,1,0,0.17988592262275238,238.97599687165572,0
18,217.69,0,0,0,0.2746387582856393,752.5111693820992,0
21,1147.23,1,0,0,0.13293555860038064,150.0148241308777,0
15,184.36,0,1,0,0.03663967728167296,145.53581108501996,0
11,745.83,0,1,0,0.18136183499426725,412.38086455807235,0
3,252.98,0,0,0,0.06120502617290367,93.93025967409437,0
15,603.62,0,0,0,0.05995946631529499,462.3217043401745,0
19,602.96,0,0,0,0.14323593952395522,336.5516065108799,0
18,81.14,0,0,0,0.2851117115239014,482.2780985375625,0
10,2879.23,0,0,0,0.05590654651747642,45.79977132936272,0
0,8974.44,1,6,0,0.5968801676050877,12.169543846347882,1
15,469.75,0,0,0,0.1448542929566,122.42003079325019,0
19,18.12,1,0,0,0.18115741929113907,67.53958811067756,0
8,116.04,0,0,0,0.023983276685608276,89.89746033251302,0
11,79.42,0,1,0,0.2785450810722437,200.7844920932751,0
10,193.06,0,2,0,0.2881772289561768,269.2487008065497,0
10,72.71,0,1,0,0.1346753640623833,70.71274944383356,0
11,149.8,0,0,0,0.2824870709147636,124.58945263080753,0
19,2122.56,0,0,0,0.11141788418100547,434.93766679630994,0
8,115.87,0,1,0,0.12817004955423367,98.17904667100892,0
23,102.71,0,0,0,0.09920023380225539,76.67781061262387,0
18,339.18,0,1,0,0.07959485854666856,66.48098454505941,0
13,479.47,0,0,0,0.24166856100820142,37.245975758278995,0
18,495.74,0,0,0,0.10143624474500872,152.32623359127564,0
20,587.07,0,0,0,0.093993199884614,53.240944410337896,0
17,66.38,0,1,0,0.1493746395461743,371.91550057616814,0
7,210.1,0,0,0,0.243654380748369,77.86337633794432,0
16,142.7,1,0,0,0.09839227418744396,298.7379252668177,0
6,637.48,0,0,0,0.0359051718716054,455.04409953086065,0
17,253.66,0,0,1,0.14585918091051628,163.3700265391376,0
22,1857.6,1,3,1,0.49778527236228853,11.939124626666255,1
15,490.78,0,1,0,0.04485159493730442,96.88846005246702,0
11,800.66,1,1,0,0.042689144596477935,93.76139134194085,0
11,1252.03,0,0,0,0.022749832040170552,44.501053357267736,0
9,145.73,0,2,0,0.17392562031042144,345.2926579466496,0
15,53.18,1,0,0,0.4472761987118236,3.2278515746891223,0
17,1337.63,0,0,0,0.07931396690302422,18.49487996624317,0
9,1203.1,0,0,0,0.03509053655010215,57.619818531173706,0
20,766.82,0,0,0,0.17388031583389355,170.3045467370308,0
13,528.63,0,1,0,0.2833345952479282,78.96450730644924,0
10,389.42,0,0,0,0.10339551746154563,528.0108487223715,0
15,565.7,0,2,0,0.02175834498569876,176.58260837093647,0
8,2326.51,0,0,0,0.3053153499483528,85.04240859026338,0
10,428.74,0,1,0,0.07569227597809729,114.64433599017636,0
12,317.83,1,0,0,0.10585567265499227,103.06604664599035,0
8,1271.52,0,1,0,0.23928081466637016,155.29167253626287,0
15,475.44,0,0,0,0.27317918511677647,551.1503322901626,0
17,29.47,0,1,0,0.2696750409932637,68.92999503429816,0
13,794.25,0,1,1,0.12053541705189726,62.162361581173386,0
8,673.31,0,1,0,0.10655215467732487,139.4293484791448,0
17,581.74,0,0,0,0.02195132172120611,90.45819304822317,0
13,357.62,0,1,0,0.17845303661006628,51.1868177624541,0
20,214.1,0,0,0,0.024616013974212397,355.3825516139159,0
3,1857.6,1,2,0,0.8655905880136449,0.1,1
19,513.89,0,0,0,0.0989577758869638,37.71068916135579,0
12,377.66,0,1,0,0.07272300382891538,179.73203738443695,0
11,545.34,0,0,0,0.4909139871311373,961.5101763059603,0
9,365.48,0,0,0,0.4273971850222725,45.31939935538471,0
0,480.13,0,0,0,0.066716389020248,101.96728653011861,0
7,385.43,0,0,0,0.10077412288132441,100.35576411680495,0
13,750.48,0,0,0,0.14739040643663576,141.6974517156379,0
22,1339.08,0,1,0,0.06651562988516871,50.99138535229511,0
22,4823.39,1,5,0,0.6547746898383346,3.4058967651872685,1
19,222.2,0,0,1,0.06008824489882906,37.28303092924819,0
10,1071.8,0,0,0,0.14280871589095728,122.28740113005777,0
12,381.09,0,1,0,0.2069449113705336,253.08235368416888,0
8,280.27,0,0,0,0.00825287681565508,56.92682229442766,0
11,1850.6,0,0,0,0.12789297646484718,90.97977140736698,0
16,295.55,0,0,0,0.34691827439975986,54.242587951107815,0
13,745.22,0,0,0,0.2817858188625247,396.1149432402706,0
12,669.15,1,1,0,0.05374852421960217,41.40456436838661,0
6,384.0,0,0,0,0.06785893962945509,54.35136021901218,0
22,1061.5,0,0,1,0.007475262681863344,131.24083242409415,0
18,90.74,0,1,0,0.21217298049534633,50.39443379235208,0
12,462.52,0,0,0,0.03280338380855249,74.74772187069907,0
14,509.22,0,1,0,0.25651469941741706,75.12277098274102,0
15,346.09,0,1,0,0.4267389268702993,264.48410556002966,0
10,140.04,0,1,0,0.19587141003763606,242.94450754448908,0
11,1811.69,1,0,0,0.06672059297177299,34.7312959355695,0
0,302.25,0,1,0,0.15556981089507246,196.41051939764577,0
16,835.13,0,0,0,0.23664178624606558,203.53731805077237,0
10,355.58,0,1,0,0.030875728242215177,71.39661255026685,0
13,798.67,0,0,0,0.4144433410957405,17.326859381786576,0
13,113.1,0,0,0,0.0977013095779115,181.0730497737101,0
23,129.35,0,1,0,0.03588035831237192,123.15328993780533,0
16,530.88,1,0,0,0.1087949374869885,251.75176174995923,0
17,328.9,0,0,0,0.25195639879233184,203.09959910418448,0
15,410.29,0,0,0,0.03659262094845378,90.12281646601983,0
19,466.97,1,0,0,0.37542283872676835,170.11369498423298,0
15,56.86,0,1,0,0.0603082546389743,105.46259145704745,0
16,96.16,0,1,0,0.1232717801226326,178.70304012218458,0
5,160.24,0,1,0,0.11601602556564591,83.64794273411759,0
2,1857.6,1,3,0,0.928975894087333,1.8866344575159144,1
11,1204.65,0,0,0,0.15411776229243465,89.78988150557767,0
13,431.65,0,0,0,0.2093208699796348,142.85661043250494,0
19,188.28,0,0,0,0.13967092516327279,11.227223427650102,0
2,8974.44,1,5,1,0.7669452242212882,13.537650465924456,1
10,294.73,0,0,0,0.009667093122424617,183.70200154470115,0
12,402.14,0,0,0,0.15050619340520008,48.11637160203592,0
18,613.74,0,0,0,0.06393054759438063,1.0,0
14,970.84,0,1,0,0.09420871386608913,632.291842237126,0
17,331.62,0,1,0,0.17663167825466514,589.8371297599126,0
9,161.63,0,0,0,0.13389166828550764,69.27834048168343,0
10,754.79,0,0,0,0.12027603651917955,149.71799801618783,0
11,306.54,0,0,0,0.17382225228108686,223.2596087265253,0
17,290.45,0,1,0,0.13541448184225874,1.818755935115319,0
8,462.78,0,0,0,0.1713255083520381,112.4740078446624,0
9,1077.85,1,0,1,0.08511323512141825,128.8925166513897,0
14,141.62,0,0,0,0.054683213968678646,356.57934024752075,0
13,992.17,0,0,0,0.07319947873786845,15.665784525224987,0
17,130.46,0,1,0,0.12177996111358795,15.642233887899504,0
17,162.59,0,1,0,0.4161617990144251,213.13743031701472,0
9,584.17,0,0,0,0.1498348044149854,56.060302842461624,0
13,452.78,0,0,0,0.166882678579939,90.16237937358675,0
19,183.52,0,0,0,0.11500803713686203,156.47140520576968,0
19,107.22,0,0,0,0.030933253450457047,201.5075923022929,0
17,368.46,1,0,0,0.06817567251418269,62.38855810471243,0
20,214.09,0,1,0,0.021335212274400293,91.43829109286686,0
11,266.25,0,0,0,0.12274365093796372,439.1733248206742,0
9,854.22,0,0,0,0.046985136443289804,315.96342773437806,0
23,2855.86,0,1,0,0.265023373410817,482.06126417700494,0
12,685.02,0,1,0,0.07871887321798682,533.3861302530787,0
13,1105.28,0,1,0,0.41792883293053223,21.145445365289078,0
17,328.99,0,0,0,0.3013763664661451,188.8037374175776,0
14,72.04,0,0,0,0.08562528725685462,207.2831532149705,0
19,1110.67,0,0,0,0.07731391332302914,52.69282745719002,0
18,228.43,0,0,0,0.05011904197409353,35.872862292895576,0
12,466.37,1,0,0,0.19392959114918837,54.21192483010794,0
7,7323.18,0,1,0,0.03976595319000944,127.25200311381627,0
8,188.23,0,1,0,0.06535905991328646,93.5526801591888,0
17,503.1,0,0,0,0.3155374674976455,758.4598329204164,0
4,325.75,0,0,0,0.05414892708489045,221.08384669340234,0
9,408.96,0,1,0,0.1319345744125549,55.574736334016485,0
8,412.4,1,0,0,0.29095879637558913,704.6002232321887,0
17,368.48,0,0,0,0.31749279128682356,25.225006668364585,0
5,794.14,1,0,0,0.05205517823875691,253.52270690802547,0
0,4823.39,0,5,0,0.591035050128384,13.978450464852171,1
11,356.1,1,0,0,0.25597879830633774,14.149968748128291,0
13,465.62,0,0,0,0.08174230878754776,99.3786875767389,0
7,55.86,0,0,0,0.08241189596930919,7.1777142606586954,0
16,1860.79,0,0,0,0.20357807482644627,17.457581625172686,0
10,623.27,0,1,0,0.08449480153928121,131.64213504144473,0
0,4823.39,0,1,1,0.5803307659214589,1.628276491855258,1
22,365.97,0,0,0,0.11584322723902726,120.40459569939581,0
10,174.59,0,0,0,0.14883775097761584,478.8188890628726,0
12,563.77,0,0,0,0.21677686588503486,115.8980405210953,0
19,151.9,0,0,0,0.056401234283105325,376.42873516655806,0
18,1012.31,0,0,0,0.2024039063326757,240.3178925049798,0
14,2645.27,0,0,0,0.109898999361854,358.46435978021583,0
5,104.49,0,1,0,0.30116293072099726,483.0658286190674,0
23,4823.39,1,0,0,0.8196999004613866,3.9778188113956188,1
14,395.38,0,0,0,0.11104748284748354,18.375556990466333,0
18,387.37,0,1,0,0.1330202582352801,61.03149322350264,0
16,1776.3,0,0,0,0.02238215336121244,89.20486393219986,0
17,223.65,0,0,0,0.02945250561823915,134.35656328589533,0
9,173.72,1,1,0,0.05824348703040356,122.33903782878484,0
19,319.85,0,0,1,0.08710158370975979,429.2201192161146,0
8,340.89,0,0,0,0.13894167327466814,295.90808281808427,0
14,373.66,0,0,0,0.05412638132645543,168.29350373641088,0
21,1339.77,0,0,0,0.05313664329921123,226.72976791967443,0
17,1120.99,0,0,0,0.20156897584865763,77.13168439177385,0
18,256.99,1,0,0,0.1798668079326725,119.30951064523775,0
9,99.38,0,0,0,0.0180889295478729,181.7468354409241,0
10,740.01,0,0,0,0.277020494917247,510.890493625653,0
9,283.89,0,0,0,0.015931158879298715,83.84866763641276,0
18,473.37,0,0,0,0.2118501568832063,212.61687598503227,0
17,632.55,0,1,0,0.10194329034729005,186.18379252747292,0
21,966.17,0,1,0,0.045335816581338624,65.89065913192687,0
9,58.42,0,0,0,0.1631586879062506,32.492159845293365,0
13,2903.47,0,0,0,0.05065797583183725,130.22996503214864,0
17,290.78,0,0,0,0.18183366465497555,284.9054981395856,0
14,539.98,0,0,0,0.001623426116940937,18.253554032034376,0
23,187.49,0,0,0,0.29452559072154266,175.57047584354112,0
21,322.12,0,0,0,0.4483956614551409,1.596172957356824,0
7,215.05,0,0,0,0.12012528039136011,287.49948606401193,0
12,541.15,1,0,0,0.2387062795380604,132.49447248757969,0
16,818.98,1,0,0,0.3125894893794545,74.35956276155675,0
8,2903.9,0,0,0,0.02264032116198877,349.0076109398324,0
5,854.33,0,1,0,0.1264153661086251,8.809363686020026,0
20,938.79,0,1,0,0.055161681264269964,429.0633304892766,0
3,601.94,1,0,0,0.2667657124009109,75.18060524124088,0
12,778.5,1,0,0,0.24851425722618598,65.21608262072567,0
8,264.09,0,1,0,0.043599866819485696,11.714158855490624,0
23,118.38,0,0,0,0.18338832086461823,475.2478446594804,0
20,1327.15,0,2,0,0.0664940527954994,51.48147506353352,0
13,226.45,0,0,0,0.3716481393679605,767.8500990298029,0
13,685.44,0,0,1,0.04905893335288135,203.15482410971455,0
16,182.55,0,0,0,0.2300364719588221,98.4739513268514,0
14,806.96,0,0,0,0.11134122168357016,210.25299540829425,0
0,108.85,1,0,0,0.128901547636324,60.01431526724412,0
17,58.86,0,0,0,0.13451234830212583,792.7647506735511,0
11,119.63,0,0,0,0.07351505964586515,27.91705699094988,0
17,99.22,0,0,0,0.10479680180182938,31.5090796456153,0
14,272.89,0,0,0,0.10553229728571091,431.7743243331944,0
3,571.24,0,0,0,0.12343487142167599,158.2461129061727,0
6,150.37,1,1,0,0.2740688889015907,127.01194068983918,0
9,4833.97,0,1,0,0.2856155321295172,240.69029710973868,0
0,274.88,0,0,0,0.03069234610099635,278.9098710966676,0
17,989.14,0,0,0,0.010456521890956477,86.95247578297929,0
12,359.22,0,1,0,0.13758099414000663,283.83533678746943,0
6,224.67,0,0,0,0.3053861744918831,69.2174549339677,0
14,267.51,0,0,0,0.241815929278228,66.7926745236402,0
17,495.32,0,0,0,0.084511972821097,48.059205290087675,0
14,526.07,1,0,0,0.2903686871351259,42.02584302382568,0
21,1167.14,0,0,0,0.1952222381128136,40.425229685260184,0
13,425.47,0,1,0,0.3800823885048396,347.4737609154307,0
11,583.11,1,0,0,0.2820978170272638,467.63312260204765,0
11,524.86,0,2,0,0.11183577609162752,65.09838826145747,0
11,527.7,0,0,1,0.05933518266240936,829.4514694808095,0
19,181.49,0,0,0,0.16883899030152166,485.13735772970136,0
16,531.95,1,0,0,0.15988852271903234,83.00032839663196,0
14,305.58,0,0,0,0.1532822622559543,3.1165638836607665,0
6,550.94,1,0,0,0.3004511614727758,131.39466783251694,0
14,4428.9,0,0,0,0.17012106308291333,21.376559494062896,0
8,463.61,1,0,0,0.2495867332677324,37.68048625034557,0
19,170.44,0,0,0,0.04122243823905451,147.8231232734646,0
12,2044.36,0,0,0,0.1647871302552432,219.56595394750423,0
8,199.01,0,0,0,0.1510542939877255,922.826718014761,0
16,53.59,0,0,0,0.12149797949217957,198.8629006412273,0
10,260.87,0,0,0,0.035751752227617256,33.94513174257778,0
6,918.31,1,0,0,0.1681714890065619,26.470388924548487,0
16,370.1,0,0,0,0.19511797654447935,74.57636577223622,0
19,216.92,0,0,0,0.08349482643910999,62.569751665895815,0
13,255.28,1,0,0,0.39473222562156074,16.05490662289215,0
14,651.53,0,0,1,0.2657393331621898,104.81528085468304,0
13,1180.83,0,1,0,0.07465960027731512,261.7297022628258,0
3,4823.39,1,1,0,0.6385216776874008,2.9588164155881724,1
0,8974.44,1,3,1,0.8333101584413961,11.729513260429929,1
14,206.39,1,0,0,0.4704526982894245,80.22869024288534,0
11,432.1,0,1,0,0.26517021648939787,97.56461595899259,0
12,1621.98,0,0,0,0.06018845243812464,57.09440619245128,0
0,4823.39,1,3,1,0.8342892207776196,12.544357546804356,1
7,318.15,0,1,0,0.1947199750710965,13.110590473140645,0
16,106.53,0,0,0,0.27961111916969494,54.29885258289893,0
4,1395.11,0,0,0,0.05685991895510663,125.38555534570041,0
13,49.48,0,0,0,0.39708857160150357,339.8503305151768,0
7,703.27,0,0,0,0.24394743356797102,4.066937024678828,0
8,206.55,0,0,0,0.1090913916282201,254.59025689137255,0
9,230.65,0,0,0,0.12048306250859275,173.6062760908556,0
13,165.14,0,2,0,0.1356733595514598,234.1940912117818,0
6,169.1,0,0,0,0.13830492524406102,60.545067537348835,0
14,78.02,0,0,0,0.32759427245597544,222.39628672802849,0
10,500.05,0,0,0,0.17922372361744662,63.30435036105498,0
0,8974.44,1,3,1,0.8886858241788079,21.833354852437974,1
23,229.68,0,1,0,0.08988538284409811,274.794546982946,0
13,1241.77,0,0,0,0.3588260322708559,53.847099861231925,0
16,700.19,0,0,0,0.054886600268981095,61.7187236785713,0
2,8974.44,1,6,1,0.848208836329234,7.983262686758581,1
13,120.51,0,2,0,0.02717187513069183,7.791249546311841,0
13,1545.33,0,0,0,0.11789642039551484,2.9958601002024783,0
14,988.8,0,0,0,0.13327081398417673,24.5237023894929,0
12,270.37,0,1,0,0.21441952178277707,33.480637330370115,0
15,712.92,0,1,0,0.02134907265820316,162.95472867998993,0
9,193.64,0,1,0,0.29571398627866036,45.40699584527188,0
14,427.48,0,0,0,0.12095154035864172,156.5948018098674,0
9,660.97,1,0,0,0.07186135199069342,117.79085386682948,0
23,645.66,0,1,0,0.15143098631289895,61.46249767339779,0
11,275.64,0,0,0,0.11180125179409606,426.7691760600987,0
16,662.09,0,0,0,0.13773200895759483,761.2879116728221,0
8,221.41,0,0,0,0.05309682741864888,143.19119108869697,0
16,1029.26,0,0,0,0.14869689722458979,498.00456099422837,0
10,695.95,0,1,0,0.1375262137938989,477.69170966116957,0
17,149.44,0,0,0,0.02068115938163899,271.3047576810699,0
1,4823.39,1,2,0,0.820714987423681,6.182570889916782,1
14,831.86,0,1,0,0.08161141895861895,41.765634302253,0
14,2043.69,0,0,0,0.09939990575998879,252.23941541398185,0
11,486.56,0,0,0,0.10260669590102864,64.67280285637491,0
6,206.14,0,0,0,0.06806061421599875,135.86542901751733,0
9,2806.52,0,0,0,0.12557792881729946,75.27881229886832,0
13,516.26,0,1,0,0.05474176616219848,8.909608238848207,0
10,440.94,1,0,0,0.1971021588030418,34.394242028939054,0
15,551.35,0,2,0,0.20834753959394456,931.0094077255936,0
8,600.0,0,0,0,0.16437410620719353,54.422046196663146,0
13,356.03,0,0,0,0.5164712504355259,254.64044712792682,0
15,145.18,0,0,0,0.030467253791038738,31.131297248776033,0
21,397.26,1,0,0,0.21138886244632862,262.7793513344829,0
15,851.42,0,1,0,0.2715311307378464,309.3179335132185,0
10,970.91,0,0,0,0.054066096671998944,68.57348193476737,0
12,1805.03,1,0,0,0.1148303996641158,113.08935255582718,0
14,811.18,1,0,0,0.4623280106555494,131.36724798831875,0
9,1452.86,0,2,0,0.19689858550452058,291.7034100367973,0
17,316.93,1,0,0,0.30509630895082707,64.59713105986974,0
12,786.79,0,0,0,0.006687534058004066,317.1766376983162,0
17,559.08,0,2,0,0.30244680723850936,116.85491233315115,0
13,404.7,0,1,0,0.07817790674055425,123.85515416952101,0
12,280.06,1,1,0,0.1198389507807599,408.8608102990839,0
18,827.78,0,1,0,0.11839440317419021,333.1711838562493,0
12,209.28,0,0,0,0.12140217096592333,52.46181263667101,0
6,363.8,1,0,0,0.20400735368035391,78.38923880718407,0
11,162.16,0,0,0,0.3677222542038513,66.36146828991491,0
20,639.97,0,0,0,0.2741526463913973,91.31823083622717,0
11,229.58,0,0,0,0.02308654436361882,255.63452831215685,0
10,214.41,1,0,0,0.006770776132625261,83.91027441538247,0
3,649.72,0,0,0,0.16415509462469324,223.34065916410714,0
15,191.36,0,0,0,0.5273163035733996,49.22897024382109,0
17,523.09,1,0,0,0.09826840645565507,63.29499906760003,0
19,380.46,0,0,0,0.01982510080605935,189.68183672119142,0
8,111.55,0,1,0,0.07276049575382645,4.671138936221808,0
18,590.41,0,0,0,0.34582883495964495,13.599410597511538,0
22,1857.6,1,1,1,0.891934466904619,23.429681054820563,1
3,67.21,0,1,0,0.06954956680041129,81.07804749832162,0
1,1857.6,0,4,1,0.6871462766553865,5.074093807162626,1
13,80.49,0,0,0,0.15510921450342127,149.20891696202276,0
15,291.53,0,0,0,0.10266424479962559,406.29956741793643,0
20,503.52,1,0,0,0.05926587343706792,94.28459166401349,0
5,272.83,0,0,0,0.1296337119786489,288.95623998082937,0
17,891.05,0,0,0,0.2975182347560987,26.915225970787098,0
5,583.8,0,0,0,0.1561942221598777,33.75712745537108,0
12,697.49,0,0,0,0.0958762493560302,84.95106897985302,0
14,2367.1,0,1,0,0.02275973181383868,408.8704920285623,0
18,278.93,0,0,0,0.13721382627427717,315.10025962685984,0
10,815.27,0,0,0,0.062361508747501286,128.85528885282272,0
12,1421.94,0,1,0,0.2106042123586605,239.0006543102582,0
8,509.91,0,0,0,0.16095477559858198,233.09468893753333,0
17,380.0,0,0,1,0.1850169843835237,6.512730499054102,0
16,158.99,0,0,0,0.21634846688543496,70.34840507588076,0
20,80.03,0,0,0,0.03768342537365011,358.4089472002082,0
23,444.52,0,0,0,0.23230442851156444,87.57910795304704,0
19,1059.28,0,0,0,0.05737675099087734,121.87248809499982,0
16,155.97,0,0,0,0.18213565758845693,288.83619013794583,0
12,342.56,0,0,0,0.20762394885979338,233.0720186683066,0
16,435.15,1,1,0,0.35574710009224686,448.2878663270514,0
20,836.83,0,0,0,0.1390657750821323,142.8212187777863,0
18,466.72,0,0,0,0.1644947773129334,29.711427627206113,0
10,376.07,0,0,0,0.09258499719472933,523.6974183256725,0
11,1024.66,0,0,0,0.1942711662258002,311.4100638955647,0
13,102.55,0,2,0,0.23773568133794734,388.4379568738338,0
5,4823.39,0,1,1,0.8935766784674053,5.0189529248079054,1
13,609.34,0,0,0,0.2367801055316329,75.17311159013012,0
16,870.96,0,1,0,0.05588467459574179,274.5987659327921,0
6,517.07,0,0,0,0.2762162564793233,129.16063606628921,0
11,885.35,0,0,0,0.11694279760575131,7.201541824638489,0
11,686.14,0,0,0,0.11842269551741995,27.71013044298661,0
23,217.34,0,1,0,0.3105876234089305,48.67402096156787,0
18,228.4,0,0,1,0.16349974763391195,156.36002817191138,0
16,584.99,0,0,0,0.1318462682315448,44.982682192493854,0
22,8974.44,1,1,1,0.8357137629302929,4.434061580703436,1
15,218.68,0,0,0,0.20392793801483525,68.97471045297038,0
13,320.86,0,0,0,0.18815388917185083,206.7407496599702,0
4,113.93,0,0,0,0.00559603760406518,331.5585550801283,0
13,3493.38,0,0,0,0.016943068156041963,462.5498497197293,0
19,235.51,0,1,0,0.24276266477922967,22.738749911054693,0
19,123.43,1,0,0,0.334050213648815,116.40453189394896,0
20,575.18,0,0,0,0.1800193989560184,272.9576085206438,0
13,109.23,1,0,0,0.3295141420452293,95.72134720007126,0
11,158.76,0,0,0,0.05001482982232617,434.94164261692646,0
13,382.95,0,0,0,0.20453202221140157,23.695596956894626,0
17,2390.03,0,0,0,0.16096567533347889,112.90466792098553,0
14,242.71,0,0,0,0.008970655796531524,252.91886516105038,0
11,2354.87,1,0,0,0.3625235436483186,301.35081096840355,0
3,2299.08,0,0,0,0.15869744873582126,66.14503061307776,0
17,383.48,0,1,0,0.1135060657862263,143.31861102008048,0
8,285.71,0,0,0,0.2633978789959449,484.34117704873256,0
16,106.78,0,0,0,0.11741980257726642,498.098224716859,0
13,215.82,1,0,0,0.11480704390632963,56.6908815553545,0
14,528.51,0,1,0,0.19319993463349452,218.12369914580307,0
12,328.02,0,0,0,0.07592119947606626,135.49984647988066,0
18,1230.73,0,0,0,0.029097453406545893,184.53375469847964,0
15,154.27,0,0,0,0.01622916918679228,13.673276458452145,0
13,1169.55,0,0,0,0.15131692413389722,188.24957117961324,0
9,93.9,1,0,0,0.029335396466312082,476.25291317957965,0
23,596.59,0,0,0,0.1280280258368093,64.96467190674787,0
11,1267.17,0,0,0,0.05465631406922869,48.394509336601296,0
9,364.81,0,0,0,0.07022323534509332,147.77427112202088,0
15,1977.78,0,1,0,0.34578664309627916,255.6784941262596,0
15,3825.0,0,0,0,0.020672617479487718,79.92572984104301,0
23,276.41,0,0,0,0.3442366844942209,204.38589824910437,0
17,164.64,0,0,0,0.032760102430944966,337.9335289192598,0
9,161.74,0,0,0,0.190120888262567,193.34980787665546,0
6,1344.68,0,0,0,0.2479857332453157,9.474393203751696,0
13,173.2,0,0,0,0.04680781841902643,2.4343983515110077,0
5,316.04,1,0,0,0.0602985719498101,211.24909915927032,0
12,135.91,0,0,0,0.14940629472173267,15.34452824644071,0
2,44.92,0,0,0,0.03357876715323562,255.11848078262406,0
17,39.18,0,0,0,0.05461115078455589,46.41624526941647,0
12,193.81,0,1,0,0.16116677831752013,404.501941002719,0
10,225.74,0,0,0,0.05304208061490138,203.3535293424347,0
13,140.02,1,0,0,0.17258080477198626,159.81618574131468,0
14,161.57,0,1,0,0.05347128892712393,194.46758006927743,0
16,841.72,0,1,0,0.05930296778790281,56.591467195838824,0
14,622.6,0,0,0,0.0944635049948809,381.0738408366366,0
20,247.6,0,0,0,0.06648373772054296,107.66502085724586,0
20,1045.85,0,0,0,0.1704570910822717,300.01999729957134,0
17,302.69,1,0,0,0.20389598535217482,53.2990993163194,0
10,277.29,0,0,0,0.1585159846116632,179.78365288832845,0
22,76.93,0,0,0,0.09015499702359529,28.313691230155527,0
12,439.02,0,0,0,0.1181533785887698,12.315262578230968,0
9,75.07,0,0,0,0.14825988056984232,20.04752761297916,0
18,737.61,0,0,0,0.5424876404933916,522.5984992979578,0
18,382.78,0,1,0,0.08388657508263009,56.25629526971198,0
17,4149.37,0,1,0,0.05170484611345796,248.79046367542702,0
17,994.33,0,0,0,0.06609690203178827,55.08754293483019,0
15,820.98,1,0,0,0.13029449295934975,540.7610678378002,0
18,44.05,0,1,0,0.4476756202688527,372.39537590249927,0
19,248.02,0,0,0,0.29700850552714314,20.308101102062004,0
4,641.78,0,1,0,0.040324358401787816,27.52744453544401,0
21,81.46,0,0,0,0.16213246839541526,810.3311200426726,0
4,376.72,0,1,0,0.05039990889068692,223.15116438637148,0
22,646.7,1,0,0,0.14567373857705163,67.80657686918762,0
19,679.5,0,2,0,0.18103263736890637,123.06005585120681,0
6,272.65,0,0,0,0.04778862769878867,728.1063798381999,0
13,2087.62,0,0,0,0.09827899881355451,670.6238783633971,0
16,436.59,0,1,0,0.05465627895080403,109.58080385240895,0
7,593.99,1,1,0,0.11445163699424733,196.20764576492516,0
10,196.4,0,0,0,0.012391566710438824,49.84492426666575,0
9,350.93,0,1,0,0.15730036059290825,121.69595994693013,0
16,856.39,0,0,0,0.027710643752295476,34.728817141013984,0
12,158.38,1,0,0,0.2886686280477407,99.99808097150562,0
20,108.61,1,0,0,0.17649117393119837,13.279461687241376,0
16,838.79,0,0,0,0.0772490774426801,176.23964439833378,0
10,413.32,0,0,0,0.20207811210891316,285.7353071890146,0
15,474.38,0,1,0,0.2928381620475871,45.36445440092838,0
12,632.8,0,0,0,0.2843916774770894,258.17898613756756,0
17,407.54,0,0,0,0.14959900330390918,28.253381697450536,0
13,873.41,0,0,0,0.21661600829631417,114.15706542013963,0
15,96.25,0,0,0,0.19900129989234264,171.24774088748404,0
12,116.58,0,0,0,0.18347862177726196,126.08892329890324,0
15,8348.51,1,0,0,0.03784342004683009,109.04543222120833,0
20,227.58,0,0,0,0.1239267951314971,254.4729990823455,0
7,781.31,0,0,0,0.11198475495248032,31.097368228464994,0
9,149.72,1,0,0,0.07597217785461052,187.19208971442274,0
12,610.23,1,0,0,0.028925453604133924,98.44760600363482,0
10,1296.13,0,0,0,0.06057348272789549,189.33445433735602,0
3,1271.2,1,0,0,0.16071702739904928,118.20460200054207,0
16,854.38,0,0,0,0.18888447517467197,2.9617147537023123,0
0,4823.39,0,4,0,0.9450075242039905,2.713577409300652,1
10,1501.0,0,0,0,0.21887150617476758,283.030077885051,0
10,693.96,0,0,0,0.14358577148454343,86.562946711377,0
5,229.73,1,0,0,0.21876894923169118,136.3805334867955,0
14,962.27,1,0,0,0.2108570258313146,346.7040383586482,0
14,1517.75,0,0,0,0.21481558399123676,55.14135054699928,0
16,115.87,0,1,0,0.11686236276599386,59.01495106272342,0
19,1024.03,0,1,0,0.10210797219395655,64.6964345201223,0
21,191.38,0,0,0,0.11197893329322979,26.479508521369187,0
5,514.79,0,1,0,0.3928625719860023,56.69503321707117,0
12,398.92,0,0,0,0.1351748500266963,193.13688909360826,0
15,165.75,0,0,0,0.25985589534918596,69.21454845994062,0
16,282.25,0,0,0,0.20860993728413557,42.24387232474623,0
13,327.37,0,0,0,0.12894358726792482,231.1021774502521,0
21,2649.38,0,0,0,0.113576657459795,268.03916976052096,0
12,350.97,0,1,0,0.24488927426187163,2.085545009502749,0
12,171.94,0,0,0,0.16596010052976815,174.86759943022005,0
19,679.38,0,0,0,0.10443389897383476,73.17674693261868,0
13,2979.1,0,0,0,0.07837464600275082,993.2344999597615,0
15,490.73,0,1,0,0.028957645053996787,11.652697481521388,0
23,3233.01,0,0,0,0.24362886490601074,435.3107802262058,0
16,193.44,0,0,0,0.06228570207307992,131.5522567853582,0
8,746.54,0,0,0,0.5097847716921877,59.93857346293072,0
13,169.97,0,0,0,0.07570295295315572,94.2759614994949,0
22,883.01,1,1,0,0.17288881205734802,153.43793147343004,0
20,97.15,0,0,0,0.17393467312749136,96.47202030521584,0
23,4823.39,1,5,1,0.5967929893034197,0.26855283767130605,1
5,253.93,0,0,0,0.3609186475685982,28.887018404936505,0
17,1229.73,0,0,0,0.06276174354294645,60.419683613058275,0
1,4823.39,1,2,0,0.7508144907582875,3.616018713155577,1
2,51.99,0,0,0,0.2621182663323703,378.45456152369536,0
23,8974.44,1,6,1,0.7505230627190453,2.498203923253376,1
15,1400.67,1,0,0,0.10180058729029302,165.2129890945037,0
12,433.78,0,0,0,0.14448046237432727,49.3617894121188,0
16,182.29,0,0,1,0.1474630533099366,4.056976051796107,0
8,532.09,0,0,0,0.3018436468026079,263.36716790192975,0
10,343.21,1,1,0,0.05685598279031862,278.80867232064736,0
23,355.15,0,0,0,0.31466604028551104,423.4756724938565,0
6,556.1,0,0,0,0.05008766303727279,35.43788672292238,0
20,149.37,1,0,0,0.09834640131275066,159.56663123778648,0
11,185.47,0,1,0,0.1620737595424416,159.3960233716537,0
8,108.25,0,0,0,0.08808312824582488,99.98678181150996,0
17,1293.25,0,0,0,0.3844145008650755,34.44936776163888,0
15,124.3,0,0,0,0.23154726521747193,34.118201765905575,0
20,184.91,0,1,0,0.47062338406465926,209.7698851784756,0
10,283.9,0,0,0,0.05563766693822993,39.00050240858329,0
5,293.77,0,0,0,0.09842035279588841,361.27513135942564,0
21,158.8,0,0,0,0.22378265854133086,779.6859244097471,0
18,539.23,0,1,0,0.1126362654053453,23.108958410716962,0
23,432.41,0,0,0,0.16001135667641334,147.78250530746163,0
7,5592.81,1,0,0,0.16588689822347932,10.622484147959558,0
11,300.99,0,0,0,0.18080882236770418,68.99185768852372,0
16,662.23,0,0,0,0.06219630002169191,167.4188351954495,0
22,98.46,0,0,0,0.32359290163045545,498.4843655841934,0
14,408.6,0,0,0,0.027349031613292843,379.66142390500283,0
16,1371.51,0,1,0,0.02313548495339408,169.72797512932624,0
16,1675.42,0,0,0,0.08669363982738536,156.3516036517033,0
1,1857.6,1,6,0,0.8947601751353444,7.992145509917996,1
18,113.02,0,0,0,0.0599323386619547,132.93686886944585,0
13,1748.65,0,0,0,0.10012300182412888,44.43804179340528,0
3,4823.39,0,5,0,0.7815688139350048,8.644493970346465,1
15,867.61,0,0,0,0.03076001923833181,92.17270692933151,0
14,98.17,0,0,0,0.29721207407091105,127.47873300204603,0
15,160.52,0,0,0,0.15725758118412594,427.4766545891716,0
9,67.45,0,1,0,0.3827876222828562,26.323362345633416,0
16,487.84,0,0,0,0.22018862640177148,183.2132281476695,0
15,1086.06,0,0,0,0.1700903150766675,122.17047548351461,0
16,356.51,0,0,0,0.0614233271616919,112.32560472324056,0
18,459.99,0,0,0,0.0974729316144881,234.2655002211186,0
16,998.06,0,0,0,0.09594242686328691,86.94493889526012,0
15,110.15,0,0,0,0.24744146443933318,212.31622606079995,0
4,635.42,0,0,0,0.18547890795595723,148.83773738820963,0
10,257.93,0,0,0,0.18442000903228106,70.29658518666585,0
6,178.45,0,0,0,0.14870385366646074,40.55915212952652,0
15,4611.9,1,0,0,0.25111576974330024,374.5301531561821,0
18,118.13,0,0,0,0.1189043121584856,317.8490352918069,0
21,77.79,1,1,0,0.13638790413307322,6.380844693339427,0
11,233.58,0,0,0,0.267086674359612,223.9165087350744,0
18,82.35,0,0,0,0.15603386726050691,454.1588681995217,0
20,332.14,0,0,0,0.04278226405029257,168.45728960064264,0
14,215.34,0,2,0,0.11675250492715808,36.298457849586505,0
13,1128.7,0,1,0,0.2649983713198376,27.761486969940716,0
12,151.3,0,0,0,0.19391453086607593,254.67965269445932,0
19,909.6,0,0,0,0.06531249142915371,29.947804568081253,0
13,481.2,1,0,0,0.03820565173307824,143.5105334154491,0
10,7100.8,0,0,0,0.1857651108546119,428.92245058266514,0
12,2936.45,0,0,0,0.0857933925568277,85.67974630706243,0
7,510.11,0,0,0,0.3140199252041939,252.95523289236476,0
16,372.57,0,1,0,0.04683870096299606,61.568475457319146,0
9,15.44,0,1,0,0.11728657430522933,203.53821322359738,0
16,390.72,0,0,0,0.24956733607620324,471.39121057130495,0
10,442.98,0,0,0,0.24346422463521314,45.98152654004022,0
14,597.11,0,1,0,0.18486382534192602,340.4218175379467,0
10,749.96,0,1,0,0.42617526112987625,112.7265471667781,0
12,3035.44,0,2,0,0.4092372763164066,370.97388576163615,0
9,1050.27,0,0,0,0.32752278175526833,990.7738903694983,0
10,402.86,0,0,0,0.46411097260764117,52.489095816416494,0
13,308.27,0,0,0,0.07202179570270464,6.227472896285524,0
19,1026.92,0,1,0,0.1799142258310448,296.5596426371687,0
9,362.15,0,1,0,0.12972831126505147,225.90459318721804,0
10,718.0,0,0,0,0.05433049130776833,215.43254574846443,0
9,1982.72,0,0,0,0.273254957342381,21.805556237436917,0
9,1560.01,1,1,0,0.15314789500893997,92.79793949617078,0
5,185.17,0,0,0,0.22141103631498618,184.00386840262857,0
12,816.29,0,0,0,0.07304552898596205,428.0246073180307,0
9,1153.66,0,1,0,0.18800628904222932,180.4124658647286,0
11,713.09,0,0,0,0.005971443527957611,112.20574143046593,0
11,264.53,0,0,0,0.20796282603951377,26.304530954718594,0
14,257.73,0,0,0,0.16600608209653434,323.1673360035234,0
18,3541.65,0,0,0,0.07414053208157774,211.74867361106524,0
6,395.15,0,0,0,0.4136845081736924,19.95495489541739,0
18,323.6,0,0,0,0.16667306579690033,66.32849043981854,0
13,848.41,0,0,0,0.2518905444364763,67.23088763269287,0
8,137.96,0,0,0,0.16215060928877617,167.23495932832637,0
11,2480.35,0,0,0,0.09271606304295729,50.024045501543725,0
23,576.0,0,0,0,0.034599447344661624,82.25725827301345,0
1,4823.39,1,5,1,0.8442995010255596,5.5769055892213935,1
9,107.68,0,0,0,0.08784951832143995,122.22459814096594,0
7,539.38,0,0,0,0.09607936701513269,326.51565619811146,0
23,120.94,0,1,0,0.02609251278385286,31.77877952972243,0
14,498.45,0,0,0,0.23329168962250948,258.62094418508036,0
15,559.96,1,0,0,0.38393550142353555,13.307741812823869,0
13,804.52,0,0,0,0.09418689317776299,234.78669874163415,0
12,794.33,0,0,0,0.24144731582779638,10.595642890092591,0
18,1084.96,0,1,0,0.038056340925745356,160.0378366830148,0
8,660.65,0,0,0,0.2527756650185624,7.766206559587082,0
8,555.62,0,1,0,0.045638498257162666,166.12864559890977,0
9,2619.24,1,0,0,0.5265996209721114,55.552822367942035,0
10,434.85,1,0,0,0.2705378260799674,9.812719500074204,0
9,176.83,0,1,1,0.11310818490065329,92.76442457536481,0
13,1929.69,0,0,0,0.2206527075376675,162.2977820557035,0
14,460.09,0,0,0,0.046007208415504854,114.66684139602701,0
13,136.82,0,1,0,0.34664279578220547,70.81486105910881,0
22,45.68,0,0,0,0.15989208702033253,690.2462426423828,0
18,307.75,0,1,0,0.24453784021428807,432.06434543225447,0
9,361.59,0,0,0,0.4451752917241852,309.5142245425412,0
16,792.69,0,1,0,0.25923938287944964,175.1591467765855,0
2,296.41,0,0,0,0.22629660887570463,807.0943310768611,0
18,245.84,0,0,0,0.6027155301200118,158.90871425370446,0
6,297.91,0,0,0,0.18798764106974886,151.58176784432186,0
21,470.21,0,0,0,0.10677770967482991,455.5106159907861,0
17,1161.24,0,0,0,0.09998396534935508,266.87174915711813,0
13,885.9,0,1,0,0.14501782084307585,516.4334760194099,0
12,1252.16,0,0,0,0.042550828408046186,230.05802697202577,0
21,268.92,0,0,1,0.0819748031594895,198.25292829304678,0
4,4823.39,1,7,1,0.8444434483476557,2.9604005425185798,1
12,728.9,0,0,0,0.047497788127174465,34.46172403414719,0
6,365.93,0,0,0,0.10000883627686305,510.2060024439935,0
15,774.76,0,0,0,0.14751717172017248,199.00776842926473,0
12,904.79,0,1,0,0.22785034268319815,10.714956191406735,0
9,65.23,1,0,0,0.3396076459701607,104.65603987714422,0
12,101.95,0,1,1,0.09422740513357128,588.2488468732657,0
15,862.88,1,0,0,0.18793941590978605,42.25396427863239,0
8,3050.51,0,0,0,0.20767182002503215,221.54586359412787,0
19,1020.17,0,0,0,0.2052821394946134,136.25575465156948,0
22,237.81,0,1,0,0.1184141336196722,228.29799766833813,0
17,70.65,0,2,0,0.015315663176419945,301.04456886751757,0
14,91.65,0,0,0,0.16400529972666253,276.6484138750561,0
21,410.94,0,1,0,0.046930150167937466,52.345450741205866,0
9,70.51,0,0,0,0.20674817068551332,217.34729105240817,0
14,1130.22,1,0,1,0.2760057614053772,163.7238039463418,0
14,362.52,0,1,0,0.011306133482734296,281.18454494246777,0
14,490.64,1,1,0,0.10113824627321975,122.33710132349321,0
13,302.8,0,0,0,0.12312548934743633,90.24451715614974,0
8,357.46,0,0,0,0.04531459090361105,68.84242506757873,0
15,401.47,0,0,0,0.057776091895914,74.8174434857148,0
17,255.18,0,1,0,0.09664307744144729,103.98523682063939,0
13,410.26,0,0,0,0.08930231899637579,119.97527066722097,0
10,746.39,0,1,0,0.30950113811651614,143.47890697559487,0
15,96.25,0,2,0,0.2415251447369953,94.82896383800167,0
7,199.29,0,0,0,0.33568008827845963,17.724151091505387,0
11,1769.2,0,0,0,0.22565533528919424,86.33435499477736,0
15,2538.62,0,0,0,0.07577262091378253,142.2822562010769,0
5,866.88,0,0,0,0.1867435193694551,253.15774335909322,0
12,5723.25,0,0,0,0.13467457532174232,15.349266903442212,0
14,190.87,0,0,0,0.12098314328696606,316.3930852979595,0
12,436.18,1,0,0,0.2804430048835949,160.55131775420602,0
10,129.88,0,1,0,0.0267651654423888,45.5230772826441,0
17,277.75,0,0,0,0.04470488490718091,9.035254512925158,0
10,1513.72,1,0,0,0.18268612967523726,124.86917955092841,0
17,1455.0,0,0,0,0.29725834472791307,538.7598027608191,0
13,319.04,1,2,0,0.1721848642676403,116.93349770950115,0
21,628.31,0,1,0,0.11814138219780705,158.98654210359385,0
12,30.94,0,0,0,0.17412300962131894,273.1893025390103,0
22,8974.44,0,7,1,0.7826652500285718,6.258461154990408,1
20,919.66,0,0,0,0.07695875572124163,345.7431321035664,0
5,224.86,0,0,0,0.26839847819955354,3.347182024904653,0
16,983.71,0,1,0,0.05885689199347026,617.0477800413496,0
21,150.37,0,1,1,0.09158412615794376,64.07779429967796,0
17,640.87,0,2,0,0.114877667764519,191.86686388291133,0
15,480.68,0,2,0,0.31084723212657134,68.99890562247515,0
8,337.62,0,0,0,0.168780536558566,316.0207803769495,0
17,747.18,1,1,0,0.29739847929846497,759.3426799714888,0
5,92.47,0,0,0,0.23102463696643158,281.1491255936672,0
14,545.78,0,0,0,0.10552932959900718,270.1709938331988,0
17,288.05,0,0,0,0.014436132813460656,463.7964193990036,0
15,21.74,1,0,0,0.11484899645662415,199.18078934381074,0
13,502.79,0,0,0,0.24003314800626396,138.91909225869605,0
5,268.21,1,2,0,0.04212635170321267,147.02550456319128,0
4,530.4,1,0,0,0.1040437266839118,26.62052338513668,0
23,879.29,0,0,0,0.1049715661299901,194.7501980014339,0
22,177.1,0,0,0,0.24208125007743825,358.9387687621124,0
12,466.26,0,0,0,0.12450917387080551,65.36118719039969,0
17,503.31,0,0,0,0.014284783407992973,102.64047533773206,0
15,932.42,1,0,0,0.10747436841762092,251.97163202113072,0
9,1046.07,0,0,0,0.4650880112622461,189.56491577970698,0
18,222.24,0,0,0,0.020777106387808896,163.0091071868548,0
9,348.8,0,0,0,0.12158646129303215,18.991471128744372,0
15,195.79,0,0,0,0.18626596036989645,701.4926164881645,0
23,150.8,0,1,0,0.17111225617311673,463.13460516695073,0
20,364.63,0,1,0,0.04337635391018996,173.35994582798563,0
15,397.71,0,2,0,0.02773576732100258,56.80244565255786,0
14,223.21,0,2,0,0.11809983385570423,468.40708586948637,0
15,526.78,0,0,0,0.36030083689105247,407.940944124689,0
1,4823.39,1,5,0,0.741949176649585,14.306653861885094,1
11,236.19,1,0,0,0.019426419898359765,187.75116496124616,0
2,4823.39,1,4,1,0.46441002580282853,11.314997298352806,1
22,8974.44,1,2,1,0.5013995774405111,12.843137624701752,1
6,204.89,0,0,0,0.25127997069546093,202.50364609850308,0
14,310.7,0,0,0,0.04677962728793133,146.8248863984811,0
8,75.19,0,0,0,0.2585888525783972,94.30176165034383,0
13,2059.62,0,0,0,0.1172179084098091,4.917536862289725,0
16,618.0,0,0,0,0.07096039050265783,262.1790447764058,0
17,100.88,0,0,0,0.03956839631092015,239.88713408716166,0
9,49.3,0,0,0,0.215820443949572,6.752809066597001,0
17,552.0,0,0,0,0.1478156535358366,6.307302767319923,0
22,4823.39,0,2,1,0.7894428326829096,26.825040141619997,1
11,116.81,0,1,0,0.06245791079759401,65.8853849131689,0
16,3997.82,0,1,0,0.045631468760524624,198.07173816099558,0
5,457.38,0,0,0,0.04739334880139882,80.4379745713269,0
10,375.22,1,0,0,0.030575063004998765,118.27142874023485,0
12,718.8,0,1,0,0.12782495718862172,1.0,0
14,251.19,1,0,0,0.12705106623777496,626.7505599831488,0
11,118.39,0,0,0,0.22569283119006972,30.982852981163887,0
22,4823.39,1,3,1,0.7216244534092354,10.002715093342076,1
14,296.1,0,1,0,0.43056437007980514,276.570199236215,0
19,873.65,0,0,0,0.10608821069778408,218.25106242258443,0
17,547.1,0,0,0,0.07694138255496276,589.610851356959,0
4,162.54,0,0,0,0.2627041675763236,318.01255393311123,0
15,129.09,0,0,0,0.06931323067406413,7.331212634480891,0
13,369.71,1,0,0,0.2033815205018905,127.7892787292863,0
18,144.05,0,0,0,0.20384944182763406,25.17214792054951,0
11,367.94,0,0,0,0.173208350904193,4.219828541451064,0
14,953.74,0,1,0,0.2814528850144692,298.329294142167,0
5,1299.94,0,0,0,0.12040440367116524,7.817286205358739,0
16,945.71,0,0,0,0.09265342928800317,567.5788883556767,0
13,617.01,0,1,0,0.27891617054481466,117.44567908042262,0
7,222.21,0,0,0,0.48276482452961,20.87074452416932,0
8,1518.07,0,0,0,0.1850579255552641,222.60273914035403,0
14,925.13,0,0,0,0.18829005426843362,2.716951036006908,0
10,317.77,0,0,0,0.046578237901901,161.02756793068318,0
4,78.57,0,0,0,0.24832420656786514,135.39968966934697,0
19,481.44,0,0,0,0.3644646732650401,148.70117476018635,0
7,354.64,0,0,0,0.0831999145656533,219.8787737365386,0
5,1047.86,0,0,0,0.10274272794554672,12.316797496323703,0
14,1138.12,0,0,0,0.11111694871846306,477.7103940076433,0
20,1042.5,0,0,0,0.1254511489362876,64.17025543938492,0
17,771.57,0,1,0,0.07036943563325719,74.31713746372122,0
15,932.61,0,1,0,0.018915538395142407,11.783602802650048,0
23,1198.66,0,0,0,0.34185356072653744,415.6348137114081,0
9,291.02,0,1,0,0.058413678708895994,100.19886209178652,0
16,483.44,0,0,0,0.0527086657064322,98.47538489145765,0
12,395.93,1,0,0,0.08161936768306496,389.5539687575699,0
11,508.91,0,0,0,0.4827856020807719,24.945730116405926,0
13,764.42,0,0,0,0.1033539184342367,82.81878824098038,0
15,235.93,0,0,0,0.26460584676927185,392.1307857754455,0
12,898.81,1,0,0,0.43971626247598655,34.746414309485836,0
16,326.39,0,0,0,0.17968471905446015,9.849192856847887,0
17,372.92,0,1,0,0.3759796494406168,221.47087729040393,0
15,373.61,0,0,0,0.11072510834218227,216.15430876608178,0
14,188.33,0,0,0,0.13159846533505787,19.45824133328727,0
15,1355.23,0,0,0,0.07121480421231079,112.8510983553626,0
20,503.7,0,0,0,0.1964941608121123,266.7836769672249,0
23,98.58,0,1,0,0.2158435955888733,85.17639960186096,0
17,1592.69,1,0,0,0.11565894606277315,89.63923552072845,0
12,51.19,0,1,0,0.0665561137282659,634.4498672345132,0
11,455.07,0,1,0,0.08122422764771318,50.54840164883393,0
13,758.38,1,0,0,0.03440572971377222,123.1377876096283,0
14,168.61,0,0,0,0.3222789123662883,142.5947213225287,0
12,937.64,0,0,0,0.1111670238686637,162.18438534822315,0
12,996.98,0,0,1,0.3475511245111316,43.472969838976375,0
20,225.79,0,0,0,0.060585581299241034,62.5464807936129,0
12,120.45,0,0,0,0.22726673954211016,31.11168382178989,0
16,546.61,0,0,0,0.12344942247615728,486.178146397643,0
2,203.57,0,0,0,0.04054661729343481,39.32982132151736,0
2,221.44,1,1,0,0.032203272873070475,1.003172299967767,0
8,2514.74,0,1,0,0.18559771697171545,32.5788693434798,0
17,209.41,0,0,0,0.03485934156592862,175.42793040173424,0
13,1610.76,1,0,0,0.1615845113171173,9.993547434858767,0
11,244.52,0,0,0,0.27220193082913147,145.76731760666127,0
17,321.2,0,0,0,0.008222815678436737,115.21602136639183,0
14,47.42,1,1,0,0.1113205749587073,52.73115337610169,0
16,92.34,0,0,0,0.6261641286990415,59.34981025727106,0
11,1302.76,0,0,0,0.04479217402298419,83.96676781722887,0
12,83.38,0,0,0,0.25678991203286283,798.4767446236459,0
12,98.02,0,0,0,0.2431111347844231,155.56380963280645,0
14,626.52,0,0,0,0.47047360695868745,40.06321012102744,0
17,673.54,0,1,0,0.08947714787357977,114.67487120089869,0
7,187.06,0,0,0,0.24897944943214934,24.384687025848798,0
5,8974.44,0,4,0,0.7980388388449955,3.306847880995888,1
17,214.74,0,0,0,0.16956809427783373,455.7714199075623,0
17,1293.36,0,1,0,0.13081963980707287,45.968593349668716,0
13,394.11,0,0,0,0.2527495883503644,82.93794230401244,0
14,94.01,0,0,0,0.06614705726779761,596.3146353948448,0
8,728.66,1,1,0,0.03550354093160735,33.33199165879644,0
8,205.63,0,0,0,0.12553161257997805,132.9548194191393,0
22,529.7,0,0,0,0.4122735474050401,828.0986810256627,0
17,1293.64,1,0,0,0.0990695227727498,144.79403407836634,0
10,680.94,0,0,0,0.12340320099630121,71.24446730792471,0
14,1818.82,1,0,0,0.0878000521327232,117.58115478059668,0
8,1057.77,0,0,0,0.09517610078409296,737.4046392370865,0
23,119.7,0,0,0,0.0003814876435477639,45.39006295545824,0
20,1132.31,1,0,0,0.10401011094768725,483.3549081611174,0
20,200.14,0,0,0,0.07821603426042067,189.12701995968845,0
8,756.01,0,1,0,0.18629602574670287,232.1492125103799,0
17,255.82,0,0,0,0.08872677707803611,8.362355773594313,0
14,358.99,0,0,0,0.11025396823378568,241.07335293160256,0
10,226.89,0,0,0,0.12075734944951515,31.699330964227357,0
20,957.58,0,0,0,0.1116463217371279,81.66319864112135,0
9,885.9,1,1,0,0.18380134691961458,437.57124626241443,0
19,897.92,1,0,0,0.14194387163918423,847.8420182927414,0
16,100.91,1,1,0,0.33065280552924536,335.17429378368763,0
12,598.28,0,1,0,0.11683889490911506,783.3435979653781,0
16,255.97,0,0,0,0.16872882536250605,75.9319647674156,0
8,110.23,0,1,0,0.1290067892300276,136.64168294786214,0
9,242.65,0,1,0,0.4014754869336331,346.86562943780444,0
14,117.43,0,0,1,0.11364229405031125,161.4986800942973,0
17,380.98,0,0,0,0.1971796012834613,79.40832741878741,0
9,430.63,0,0,0,0.1543809748691109,171.02000807557826,0
21,407.47,0,1,0,0.39261136381778194,358.0237622169863,0
11,742.32,0,1,0,0.06813870120849515,780.5970684643435,0
8,121.37,0,0,0,0.01796925475584674,83.0299761810458,0
19,523.53,0,1,0,0.2692088701372677,56.69630471206677,0
7,86.7,1,0,0,0.3429229860987652,75.52868524165733,0
17,275.21,0,1,0,0.1942624752073114,27.37597011192258,0
6,880.56,0,1,0,0.35175288351299977,45.15744041498152,0
20,100.6,0,0,0,0.1297098142052763,86.4585876255495,0
17,1320.99,0,0,0,0.06110463013292479,82.68628741701275,0
18,238.66,0,0,0,0.21362450862467822,49.79216553714805,0
18,762.87,1,0,0,0.17223997251960932,22.323236455782293,0
15,57.1,0,0,0,0.48346157855164434,163.73416754252622,0
14,976.58,0,0,0,0.10796023472565047,183.5086765330387,0
14,609.63,0,0,0,0.05576349271594588,444.0264433147001,0
5,322.93,1,0,0,0.12174741369842634,76.04847517178392,0
18,396.75,1,0,0,0.28220198471664615,344.59961852531666,0
18,434.2,0,0,0,0.04478641845151798,94.90214629400973,0
12,275.29,0,1,0,0.014179689815631663,72.7816329417713,0
14,131.14,1,0,0,0.08816281431888527,36.11108743964826,0
16,970.15,0,0,0,0.0813752857195321,2.077033840631768,0
18,558.58,0,0,0,0.037648501388667564,124.9989144896492,0
0,70.03,0,0,0,0.0842592597489396,2.1122762328846543,0
8,160.69,0,0,0,0.2289084563801158,380.5497126494044,0
13,497.57,0,0,0,0.15446068678635924,140.6845385455213,0
11,84.06,1,0,0,0.11581123650164579,14.687169416440728,0
12,83.44,0,0,0,0.1392123968269153,131.91067210770348,0
1,8974.44,1,3,1,0.7628172104107531,0.11385701560594279,1
11,763.8,0,0,0,0.25661939740244427,23.395430985268902,0
7,87.37,0,0,0,0.12332560399640684,305.01812460994273,0
12,279.2,0,0,0,0.07239149270487512,46.62200018048906,0
18,750.21,1,0,0,0.0570829574321947,25.210098187927976,0
12,71.18,0,0,0,0.16513599418838357,75.62836538983515,0
13,1492.4,0,0,0,0.38518248522391363,243.77814498870129,0
13,772.89,0,1,0,0.30858462215088894,24.509685220060987,0
11,165.87,0,1,0,0.05597853883300718,23.55787786914955,0
15,216.13,0,0,0,0.27653831679448354,104.18823855315281,0
15,39.08,0,0,0,0.09368042071346575,311.07673364804003,0
19,466.28,0,0,0,0.1784864428947141,39.06072778181425,0
18,914.45,1,0,0,0.2883884751514492,45.740926834991654,0
9,1914.06,0,1,0,0.17033471900204195,399.0265352427935,0
19,134.84,0,0,0,0.04639829548117388,23.05371708545797,0
15,1021.13,0,0,0,0.12879686434149332,20.78650443920339,0
13,322.62,0,1,0,0.20082773974688004,219.2443280398422,0
16,174.6,0,0,0,0.016166455561485008,207.8386904951209,0
14,915.1,0,0,0,0.32531258398757323,98.55899158071043,0
21,535.45,0,1,0,0.11769254282051696,252.6441997115754,0
13,481.72,0,0,0,0.2699871972920177,212.5390069246415,0
17,565.55,0,0,0,0.5199542112686889,81.28346988329143,0
11,94.69,0,0,0,0.2675724033376584,269.29290185004567,0
10,243.3,1,0,0,0.15240146524599144,10.10055544304836,0
7,207.96,0,0,0,0.026586650393831523,37.50684619578374,0
19,287.97,0,0,0,0.12445287639929933,29.627090568659835,0
7,255.93,0,0,0,0.07471552234351177,56.16973002663871,0
19,252.89,0,0,0,0.24340324919978848,322.8454158312516,0
15,447.15,0,0,0,0.20949390533883622,751.6544089864142,0
8,30.35,0,0,0,0.12631300038063878,102.93675682421971,0
12,505.81,0,2,0,0.2955471972033507,1025.2047994479308,0
10,92.72,0,1,0,0.1766613273945898,205.986242044087,0
11,640.76,0,2,0,0.024135192345690053,15.296592588302293,0
11,567.04,0,0,1,0.15176122531803465,281.209893212691,0
15,306.53,0,0,0,0.1108596850708663,13.847354042574295,0
14,245.98,0,0,0,0.07535691371448515,303.60020688863693,0
8,143.58,0,0,0,0.33980511831785865,1.6841743571091314,0
11,108.52,0,1,0,0.13675743534414045,71.92308209112855,0
18,889.93,1,0,0,0.1494383446682482,330.80300588410734,0
12,1549.38,0,0,0,0.172883056490402,793.2286419557901,0
11,913.63,0,0,0,0.10450837701093231,201.09488439864782,0
5,8974.44,1,4,0,0.5442967695970055,0.8721617136121875,1
4,499.65,0,0,0,0.2883757200977015,106.25559624544987,0
0,23.03,0,0,0,0.0769039929463133,335.8269993214216,0
9,58.13,0,0,0,0.016303305402860215,80.16494155923154,0
11,1151.79,0,1,0,0.16257429986249597,165.1568904613745,0
19,131.09,0,0,0,0.1499424251199896,27.56102617414566,0
14,758.95,0,0,0,0.03854574578024711,150.14842714813474,0
14,210.06,0,0,0,0.08768959627733842,4.5243209238591335,0
12,93.48,0,0,1,0.01871960722698406,117.43974311401698,0
23,399.09,0,0,0,0.1509045506298315,71.70786487964493,0
22,310.47,0,0,0,0.037246037899954045,52.7394262770393,0
8,819.59,0,0,0,0.31650386168820566,24.75106572801498,0
19,437.46,0,1,0,0.20698225306152426,423.2867568322365,0
12,200.02,0,0,0,0.04028318243053754,49.488261938350455,0
18,1449.46,0,0,1,0.1393288918532436,137.55469100830544,0
13,625.69,0,0,0,0.030203816989756133,569.1477993160514,0
13,1367.01,0,1,0,0.0523178555989955,31.443108336488216,0
15,473.39,0,1,0,0.04762581657978205,506.4029760627682,0
7,424.01,0,0,0,0.031614844569778026,335.81692673209875,0
2,243.17,0,0,0,0.08646776785771697,24.4797609471364,0
17,60.06,0,1,0,0.009781111952052394,363.4310128063632,0
13,1526.98,0,0,0,0.20100806535007246,39.99530097732347,0
11,1054.07,0,0,0,0.1459651274434354,42.0818399967959,0
8,164.8,0,0,0,0.09529975393288294,30.781803161853897,0
14,197.06,1,0,0,0.22150047777854076,24.865819464875482,0
9,117.06,0,0,0,0.08464699865671654,79.12847685570298,0
9,77.42,0,0,0,0.2300835612015738,28.689143538014168,0
15,151.61,0,1,0,0.16242141150193473,460.0576372326407,0
12,267.01,0,0,0,0.10825258752014665,159.22166261853943,0
9,675.42,0,0,0,0.398216031387243,34.66528559336084,0
17,153.16,0,0,0,0.07586789268616892,26.490059555792502,0
14,118.73,0,0,0,0.05796511089465941,304.81940356224203,0
15,1978.0,0,0,0,0.3113054862754581,209.78822673006835,0
14,431.19,0,0,0,0.22390614837488854,434.80044486316257,0
7,208.0,0,0,0,0.02094938980333506,117.80228104759082,0
18,99.47,0,0,0,0.1442770682394923,761.7160162775376,0
17,613.59,0,0,0,0.3374724702551178,52.4315607722063,0
11,281.46,1,0,0,0.07943769894965871,122.86735048369954,0
11,330.24,0,0,0,0.30000588615080115,25.64341671484864,0
21,111.3,0,1,0,0.18771463563407112,73.31184024041569,0
12,2584.09,0,1,0,0.12676946431832636,12.890331402722898,0
11,129.18,0,1,0,0.10557980134525853,94.92123667559142,0
13,1543.84,0,0,0,0.19908214519650266,58.64206144284321,0
16,297.18,0,0,0,0.6102500562749827,205.52258939233786,0
8,846.14,1,0,0,0.18661848411333948,638.2888765740896,0
21,684.83,0,1,0,0.11078696765714784,113.95349999184259,0
5,474.96,0,0,0,0.12099675500655381,51.61737057155703,0
21,70.94,1,0,0,0.05432819209456706,80.38071607210568,0
12,222.57,1,0,0,0.4423917088581341,210.34111226266373,0
22,1494.32,0,0,0,0.17072041535209406,17.018513049665803,0
12,513.05,0,0,0,0.18341105581729916,291.7327164357539,0
18,760.15,1,0,0,0.06314761645161589,96.4437803341328,0
11,342.02,0,0,0,0.2998910956631721,25.525263854934988,0
12,654.14,0,1,0,0.5654922473788638,99.10712070006313,0
17,143.84,0,2,1,0.10169316648425793,138.49408045595342,0
10,136.19,0,0,0,0.09663233370226076,831.3112460782045,0
11,47.65,0,0,0,0.09159807008461142,87.64510580599084,0
18,5449.98,1,0,0,0.15637099750859934,93.16795984474872,0
12,1769.01,1,2,0,0.11309172972181844,128.2670650955132,0
15,792.6,0,0,0,0.24745099232175577,40.72232056332734,0
16,1158.78,0,0,0,0.48725350462135725,210.6252004705706,0
23,293.55,0,0,0,0.2579260620484998,142.50944881610468,0
2,1857.6,0,6,1,0.6605077599757722,11.93432260398602,1
20,845.79,0,1,0,0.04633217589953572,441.3677882877511,0
14,161.06,0,0,1,0.1648665773603361,63.774260339949805,0
23,1857.6,1,2,1,0.8946184872053806,22.123307624190467,1
14,597.22,0,0,0,0.10656456886777893,736.6517932632923,0
23,424.06,0,0,0,0.3694749804802819,227.08923911975708,0
23,278.74,1,0,0,0.12832316915545347,114.82752386891782,0
11,89.27,1,0,0,0.021246576382919508,8.707733286723673,0
17,414.43,1,1,0,0.09237203563149382,6.887984911836049,0
15,83.79,0,0,0,0.09265292608387718,119.03047951267445,0
18,208.87,0,0,0,0.0675416604112422,80.04575511938549,0
12,379.29,0,0,0,0.09625541721987324,224.82254561562303,0
22,4823.39,1,2,1,0.8956630567359847,4.308656311908169,1
7,242.84,0,0,0,0.048162481490683966,112.33758617917691,0
21,422.72,0,0,0,0.30452313738292464,22.40884631109009,0
20,183.23,1,0,0,0.12513788394671183,394.941167762207,0
22,4823.39,1,2,1,0.9579079056415732,2.198882380046066,1
9,1577.96,0,0,0,0.4377287015965865,424.90753993049196,0
23,407.2,0,0,0,0.024038068327464055,617.3191540833357,0
23,862.68,0,1,0,0.0008503429237951908,201.81420137848676,0
8,263.59,1,0,0,0.24015419795369894,303.0634749415801,0
5,1639.04,0,0,0,0.12309091872241448,286.32936560654576,0
14,46.11,0,0,0,0.12591785264262817,342.05673809257144,0
12,2208.81,0,0,0,0.06997545089871364,101.30742506574421,0
16,843.32,1,0,0,0.13485945469819646,29.538637782678244,0
17,609.92,0,0,0,0.03292948114681635,5.78180442872103,0
15,1224.16,0,0,0,0.042247171439401744,163.6947170621625,0
13,576.25,0,0,0,0.1073084097333588,459.3770450457606,0
7,987.25,0,0,0,0.026114026688040352,108.46478228028207,0
5,311.44,0,0,0,0.08919795984473192,97.71721571840492,0
11,860.89,0,0,0,0.021722272643153538,36.97424217978816,0
6,864.54,0,0,0,0.11263642761985095,29.52252476802945,0
7,528.86,0,1,0,0.29159806657556603,31.590159014297214,0
14,381.46,0,1,0,0.17601939172521258,338.9476088836303,0
22,512.29,1,1,0,0.10406517024944648,154.89593120055525,0
16,1771.46,0,1,0,0.04131537696105972,191.27374473303516,0
19,324.53,0,0,0,0.3343579246591498,22.631304970269646,0
16,450.11,0,1,0,0.07902968780992917,70.02326477015605,0
16,704.93,0,0,0,0.11463894915826418,7.029769076720018,0
17,705.68,0,0,0,0.11974258622131209,455.0645453650789,0
4,1646.1,0,0,0,0.21205973936480194,83.51636812283132,0
10,991.41,0,1,0,0.08573726649124482,55.43660292617923,0
16,84.09,0,0,0,0.12257884147636096,290.6777498667492,0
16,331.01,1,0,0,0.27396337713821617,34.447761643084085,0
11,489.51,0,0,0,0.27559270770156397,148.05036695280884,0
23,161.74,0,0,0,0.16501264817633324,64.4444987672816,0
10,161.97,0,0,0,0.07788845234205587,6.9127832264594735,0
15,340.96,0,0,0,0.049709938989499027,246.59196093516087,0
15,337.76,1,0,0,0.07492920686431498,56.308647313398815,0
12,171.29,0,0,0,0.10442364022021781,341.62013007051314,0
17,1854.55,0,0,0,0.2004913198398964,84.46423745740499,0
15,207.95,0,0,0,0.07007274976015584,133.28003310819878,0
12,228.11,0,2,0,0.03949601338119611,73.82219057850477,0
14,647.78,0,0,0,0.07818317358121211,61.51229209999726,0
12,568.16,0,0,0,0.1064437995486339,21.087071860863734,0
7,1618.44,0,0,0,0.1143194556323714,496.7285485093472,0
3,4823.39,1,7,1,0.4595559967174555,1.3115570317390937,1
12,273.79,0,0,0,0.1552971915918893,96.5689565751109,0
5,989.69,0,0,1,0.08897415064419571,121.67858711032923,0
13,1057.04,0,0,0,0.051878396166131754,459.9599514148402,0
17,1209.22,1,0,1,0.166978276784011,43.093130970744575,0
16,169.17,0,0,0,0.16193619823207728,49.988047963253145,0
11,193.88,0,1,0,0.21829045307561937,25.825248619552195,0
22,34.97,0,0,0,0.035262297404763,319.3557016783029,0
13,496.22,0,0,0,0.08098741559689106,28.316552708627714,0
12,1000.51,0,0,0,0.09521357591318837,190.35323478676503,0
11,154.59,0,1,0,0.13678803677302184,89.83959739220465,0
10,1631.77,0,0,0,0.12975045400243868,415.6457234205134,0
12,302.65,0,2,0,0.13489614133452538,31.909832979713354,0
14,179.54,1,1,0,0.18225024568407672,635.2066105641276,0
6,408.05,0,0,0,0.4119233154810844,62.46447735657909,0
16,625.69,0,0,0,0.023056997426803092,318.20370105019396,0
9,613.32,0,1,0,0.20249750808287975,15.512706528062054,0
23,415.08,0,0,0,0.1142134125684941,389.6064509845363,0
12,1113.02,0,0,0,0.04582477142518022,118.6577502912805,0
8,345.47,0,1,0,0.3085960022325022,29.31923160882202,0
19,385.78,1,0,0,0.38484083592873314,297.50520072824173,0
11,6830.95,1,0,0,0.06760192988705302,135.57532246561289,0
12,786.22,0,0,0,0.055181793538715065,299.5238625901855,0
8,36.72,0,0,0,0.05450764054578141,12.456417150968043,0
12,978.53,0,1,0,0.3560681194069761,86.79993219821726,0
23,788.09,0,0,0,0.035874581085572066,111.36139159398864,0
20,3545.68,0,0,0,0.05747971949648639,611.1916141758248,0
12,271.87,0,1,0,0.22207934805076218,59.0030994458362,0
5,1857.6,0,3,0,0.767390096537398,17.903487139017326,1
4,4823.39,1,1,0,0.7894607894409872,0.5085567094700916,1
19,664.92,0,0,0,0.2941284372708123,429.1173724058902,0
11,681.55,1,1,0,0.08612835828976792,8.679094833426667,0
23,50.73,0,0,0,0.3322105052579607,23.15612140354331,0
14,160.92,0,0,0,0.3304949294851014,80.56063095026865,0
14,254.8,0,0,0,0.16156036492293108,63.37726859172694,0
14,162.79,0,0,0,0.07508979560458676,222.37605433806348,0
8,839.93,0,0,0,0.3614466006920715,26.261431548435834,0
15,874.17,0,0,0,0.11489560094984573,771.3241036382885,0
5,1305.31,0,0,0,0.49922013454538694,7.104047289780853,0
20,333.79,0,0,0,0.02870525356888202,2.216638592894392,0
0,8974.44,1,5,0,0.5319503207853954,11.539741625784245,1
23,446.44,0,2,0,0.4063619113953476,161.76850588149364,0
1,1857.6,0,3,1,0.8045955951295598,15.39830972144051,1
8,1286.07,0,0,0,0.3573630857090616,276.3768692430423,0
0,4823.39,1,3,1,0.792067028737908,0.1,1
4,1857.6,1,2,1,0.8576318045898611,13.001177736704133,1
11,137.81,1,0,0,0.029446156286723833,883.2734534347655,0
5,2748.44,0,0,0,0.07189896499216868,693.8277946949224,0
15,950.33,0,1,0,0.04525059085953334,319.4449606397426,0
21,1374.12,0,2,0,0.08171258313775344,90.47002098674562,0
13,405.11,0,0,0,0.016485982641787005,109.75785932664564,0
1,4823.39,0,2,0,0.792518329403693,9.142292548023397,1
9,244.43,0,1,0,0.08583155554896524,213.22741927540696,0
11,1027.64,0,1,0,0.2606353619270837,55.48099001669424,0
16,797.69,0,0,0,0.3276983615422901,357.14691766323034,0
10,164.58,1,0,0,0.044025830991591325,160.1130867266972,0
11,388.12,0,0,0,0.12853140080738107,365.0594093377063,0
19,741.01,0,1,0,0.18758695072213757,15.571515250332371,0
14,4072.72,1,0,0,0.07792097799603045,120.27501068724197,0
17,465.23,1,0,0,0.07478024558231383,87.97594925043703,0
8,176.89,0,1,0,0.16246474148987927,181.7410396132459,0
13,495.93,0,0,0,0.013063380713762143,456.57148170345454,0
23,600.22,1,0,0,0.07345655897858372,23.896064957835645,0
16,192.93,0,0,0,0.1008968320931642,61.814398009376184,0
0,532.57,1,0,0,0.015207316440556878,609.0793308473212,0
9,1202.38,0,0,0,0.018107423284792184,41.36542528657978,0
13,467.77,0,0,0,0.12541668468294107,99.81724786608656,0
2,1857.6,0,1,1,0.8578865704692764,16.519283120613974,1
14,71.78,0,1,0,0.13497992293299477,209.92829444799074,0
11,248.95,0,0,0,0.058965041502939235,14.509691643882247,0
13,490.88,1,0,0,0.16490525430672942,86.36247714746136,0
9,1216.44,0,0,0,0.3274572875247777,74.83438041320711,0
13,1025.71,0,0,0,0.13984227676714026,116.2430552575353,0
5,1091.34,0,0,0,0.435744028986006,13.79797043500217,0
17,1549.85,0,0,0,0.0669307719302655,69.9124401689762,0
22,969.14,0,1,0,0.23717094680927672,42.76621775423333,0
10,1113.94,0,0,0,0.08701931618448085,115.5922264496371,0
12,137.28,1,0,0,0.3022434911515569,38.208720996357414,0
13,1220.85,1,1,0,0.07630787155886412,48.666324045302915,0
5,8974.44,1,5,0,0.9205461907189457,1.1606824059989034,1
4,437.12,1,0,0,0.10060112105934045,142.0841542392319,0
19,980.88,0,1,0,0.19407149127372034,45.84663994038723,0
8,620.1,1,0,0,0.11639491172414991,206.28535531737742,0
14,410.97,0,0,0,0.07442956506551117,36.65124699399561,0
14,303.44,0,1,0,0.08368133428109613,35.176723754366265,0
13,1136.69,0,1,0,0.11567306500708358,154.55284434721014,0
15,1298.85,0,0,0,0.1558083559540516,181.6369192365049,0
13,429.78,0,0,0,0.1648984974150905,46.93304676363162,0
18,183.94,0,0,0,0.08031000123516964,141.7722168834239,0
13,2691.61,0,0,0,0.14053046518132623,665.9126265046399,0
14,312.87,0,0,0,0.005192052262816988,274.1268556030007,0
23,427.95,0,0,0,0.219572710812354,663.721660812284,0
12,274.07,0,0,0,0.4656882844724212,143.12206112252517,0
22,416.05,0,0,0,0.043891857520352226,84.94703509021942,0
17,82.62,0,0,0,0.19525726995787065,806.0875860222466,0
3,8974.44,1,3,1,0.7717027676769088,4.8403521749208505,1
22,4823.39,1,0,1,0.9345151134406967,3.3106497951492617,1
13,469.66,0,0,0,0.17923229355154244,38.266838193271994,0
21,433.57,0,0,0,0.29590191854457715,116.35070624545605,0
3,155.26,0,0,0,0.12205383786133421,217.32676048484558,0
11,567.91,1,0,0,0.34251534617411716,34.16994970101276,0
17,123.11,0,0,0,0.13656635181132737,152.60882055260444,0
20,757.03,0,0,0,0.09518798905508365,229.26890124414444,0
7,652.15,0,0,0,0.12801933069640833,483.77212563470584,0
21,760.17,0,0,0,0.2292293242782024,7.538990698425122,0
15,972.78,0,1,0,0.03207117928157222,26.181032951200372,0
12,90.07,1,0,0,0.06809478419488275,5.380595545616245,0
7,142.61,1,2,0,0.0807498632483864,112.06035687664715,0
9,191.7,0,0,0,0.11887797472957334,128.1787695570656,0
20,543.51,1,0,0,0.33477504575727335,198.40581878501075,0
17,1110.48,1,0,0,0.4172813962744671,323.574092473281,0
9,339.58,0,2,0,0.10471185283503635,204.84255352925635,0
10,115.24,0,0,0,0.10821072351392283,51.13777973552765,0
10,513.92,0,0,0,0.04901970200640134,594.1955323834698,0
23,616.78,0,0,0,0.31142374662008454,146.43335388607514,0
10,369.84,0,0,0,0.07249522564410175,121.91251208419166,0
7,268.46,0,0,0,0.15741029355214162,226.69037186533572,0
6,88.14,0,0,0,0.014770254864385487,48.84887107709351,0
10,558.5,0,0,0,0.2215269998983738,400.28654945133576,0
14,247.66,0,0,0,0.037944997473579,81.7219549707615,0
12,2848.34,0,1,0,0.4061910124330914,22.066959562073784,0
10,180.89,0,0,0,0.24734183610629623,198.5894513364877,0
11,1359.38,0,1,0,0.04638597124607857,209.2837679414863,0
10,990.42,1,0,0,0.15669599121804992,54.931127621408024,0
17,156.86,0,0,0,0.03552014132143952,239.76824315427527,0
15,77.82,0,0,0,0.31806891972504603,176.25166562116058,0
14,82.15,1,0,0,0.10836183312933259,250.22976587351326,0
16,603.17,1,0,0,0.16693249776291416,411.963445197564,0
17,161.67,0,1,0,0.27300950564885007,755.6732323671827,0
17,1363.8,0,0,0,0.15173267344978136,68.50524731645453,0
17,1052.13,0,0,0,0.20199329374554695,180.45002289020584,0
21,444.61,0,0,0,0.07124558403552932,63.53279353495767,0
5,169.42,0,0,0,0.05335055854400844,25.1907294888731,0
9,1944.42,0,0,1,0.08709234354133391,198.2328855806282,0
9,648.09,0,0,0,0.13505372703625582,188.04245580622444,0
20,284.94,0,0,0,0.21520462505091542,107.77348786214655,0
9,189.48,0,0,0,0.045949465340066976,39.47357152524788,0
10,1775.91,0,0,0,0.07521975336420475,63.05566103056063,0
8,429.81,1,1,0,0.21196564519807964,18.933767812357466,0
19,264.96,0,0,0,0.11205972311738742,564.0918792005212,0
8,1342.77,0,0,0,0.05729242894748881,111.13249106007845,0
21,1191.23,0,0,0,0.10408630862791692,123.85747663779286,0
15,133.32,0,0,0,0.15927869036032127,98.74835216075641,0
13,643.73,0,0,0,0.14549361164222238,555.7620798140061,0
18,203.36,0,0,0,0.1510789602980777,3.7610504863849963,0
12,373.16,0,3,0,0.3271833560109412,140.25825012384448,0
23,1184.52,1,1,0,0.0771420378198044,179.2892970091941,0
11,285.43,1,1,0,0.17054709691658956,20.261391727385593,0
13,1018.56,0,0,0,0.09781691772826749,286.91649412511873,0
12,1093.12,0,2,0,0.12096018898500477,102.68484404051003,0
21,777.0,0,0,0,0.060256517384005386,180.03013118276633,0
13,468.42,1,0,0,0.4509121895107808,137.68179769428707,0
14,489.85,0,0,0,0.21977944791180398,645.6187561787486,0
15,231.17,0,0,0,0.006431744415420893,107.26741559462103,0
23,615.5,1,0,0,0.18936050066135107,256.3786443452112,0
23,70.11,0,1,0,0.2513572183202243,302.44486884377926,0
23,1411.9,0,1,0,0.36180168465189644,100.08744153545123,0
10,302.21,0,1,1,0.1082653704255894,317.108688017554,0
7,456.2,1,0,0,0.06182291702500766,65.37655777846295,0
16,453.63,0,0,0,0.012335250407772192,82.81093125638523,0
4,618.09,0,1,0,0.29127115070205517,13.30102076216871,0
13,360.86,0,0,0,0.06945026285661442,26.139752579942044,0
5,522.5,0,0,0,0.19742565153196906,148.41658660861754,0
23,1857.6,1,1,0,0.40787686647614996,2.787155118025549,1
16,445.34,0,0,0,0.052353258678935866,218.45720496700946,0
10,201.18,0,0,0,0.22943568484773363,64.65434584340503,0
22,4823.39,0,2,1,0.6368816827286681,4.7758519274817415,1
12,926.07,0,0,0,0.152997317397216,291.2888202016483,0
4,366.64,1,0,0,0.3189069624740075,220.3192615702999,0
21,747.67,0,0,0,0.0884764140523815,131.0879980844259,0
16,679.08,0,0,0,0.0689239571412084,39.38326973838936,0
17,314.16,0,0,0,0.07817338337894043,151.06610738447384,0
11,428.7,0,0,0,0.013601524721403878,27.18800678731459,0
11,1680.59,0,0,0,0.23842313609229773,46.32237961497431,0
13,378.75,1,0,0,0.13235920172801796,29.06973322321049,0
19,1041.82,0,1,0,0.0491535522989348,90.27660142160019,0
21,61.03,0,0,0,0.08886166453506537,29.410796080991478,0
10,284.17,1,0,0,0.2540974547279015,300.49183313280423,0
13,178.05,0,0,0,0.21180461102644865,205.68038976767116,0
10,311.22,0,0,0,0.23441175507469894,11.385845320622765,0
5,157.15,0,1,0,0.042517593474246065,4.037250944527006,0
20,2275.32,0,0,0,0.06553923966900915,253.05501222152049,0
10,1700.59,0,0,0,0.11339062534343618,20.10629710982182,0
6,574.57,0,0,0,0.08612227936153027,344.55393917773745,0
13,4262.88,0,2,0,0.02094974214861877,42.82836120051246,0
10,563.53,0,0,0,0.21323699340723773,147.86336892961418,0
11,826.8,0,0,0,0.06954189855711472,64.44450534684916,0
14,147.57,1,0,0,0.14138674502369086,132.5527403733547,0
13,1110.2,1,0,0,0.42602719527316574,216.9439145203732,0
11,61.93,0,0,0,0.2512992463655662,333.1498116586497,0
18,336.01,0,0,0,0.04089767466871928,325.72779676430685,0
14,234.95,0,1,0,0.1467224447835964,10.361206117939108,0
16,1462.26,0,0,0,0.07573532109354646,371.66665386751345,0
11,403.22,0,0,0,0.19759903147461896,82.02026176974513,0
11,207.1,0,0,0,0.09901334455851181,74.84313751729199,0
13,611.56,1,0,0,0.05695305359426171,269.65634404667543,0
0,8974.44,1,3,0,0.5656452285510013,7.991637133046444,1
11,1275.57,0,0,0,0.03508534471930517,41.62637055908219,0
16,87.01,0,1,0,0.0031124682094491227,95.53760523730662,0
14,253.72,0,0,0,0.08401694423677929,579.0045127839777,0
15,394.53,0,0,0,0.14741174181635097,370.7091006964018,0
7,723.31,0,0,0,0.28231607666064895,104.73489013665892,0
12,420.62,0,1,1,0.34002090769393195,34.25371040724991,0
20,143.7,0,2,0,0.15124919430969774,55.5670417278182,0
18,924.91,0,2,0,0.09729310330097671,34.25911384181936,0
20,229.64,0,0,0,0.16095177152718115,14.785729612189964,0
13,999.25,1,0,0,0.03779895141688916,17.622934698771395,0
7,187.89,0,0,0,0.1665339337904398,72.99999078918553,0
5,135.5,0,0,0,0.06013739024563623,36.040251532133105,0
21,1861.9,1,0,0,0.07585420474640973,5.737475124718752,0
7,3406.13,0,1,0,0.16966092549745684,27.742283888418996,0
13,479.29,0,0,0,0.09462074218964613,227.5127593536831,0
16,1089.82,0,0,0,0.06623913323210746,32.119086295822456,0
13,32.02,0,0,0,0.05264528233990923,653.8257617664805,0
16,1102.9,0,0,0,0.11186028576384019,321.8723735199172,0
8,189.41,1,0,0,0.3869122676752881,110.41538537818963,0
17,181.21,1,1,0,0.019633123625454985,172.50855487450613,0
14,369.17,0,0,0,0.3981874818317486,193.94415175630448,0
16,115.14,0,1,0,0.2192469835727973,194.20311883828555,0
13,568.61,0,0,0,0.22949649003891248,154.90340392502134,0
14,127.94,0,1,0,0.12844251867677356,598.8737365806385,0
13,172.91,0,1,0,0.2505428345714281,168.76219466859064,0
3,1857.6,1,6,1,0.6395804917484352,0.5535974772485985,1
19,780.24,0,0,0,0.07845268884879768,120.89537343719975,0
14,691.61,0,0,0,0.4410998665450288,157.52276171383042,0
21,203.62,1,0,0,0.02282558510732306,40.62407640769697,0
4,4823.39,1,1,0,0.6631901384218437,1.641748632518715,1
12,141.7,0,0,0,0.05309789075230736,428.38406184426094,0
11,533.06,0,0,0,0.14644254121203792,141.08765745694353,0
0,3405.07,0,1,0,0.09985704390246186,146.1686540818371,0
4,577.09,0,0,0,0.25227283796929567,156.97098431429595,0
8,1205.81,0,0,0,0.5358419093642728,76.76274505474643,0
11,406.87,0,0,0,0.3738658267744239,169.54498134269966,0
19,479.23,0,1,0,0.05920628150561503,63.23109759064323,0
10,762.92,0,0,0,0.009099848660355113,81.81275198868101,0
10,34.99,0,0,0,0.3471950187410972,180.49388145925653,0
9,678.86,0,0,0,0.2211794750861077,34.55441068478091,0
10,234.02,0,1,0,0.1864408986820299,1.2710707688688292,0
13,48.97,0,0,0,0.13451372559831953,5.508849163141178,0
10,986.29,0,0,0,0.18448358880609145,1.8422721377567404,0
8,392.96,0,1,0,0.033063448897065986,8.544162372073082,0
14,1273.73,0,1,0,0.0459813682755971,208.39138164348964,0
15,602.35,0,1,0,0.22833475006987833,670.6367847294291,0
22,8974.44,0,2,1,0.7494187071234233,13.086276793807741,1
13,361.74,1,0,0,0.04416265457431694,7.508403444345251,0
11,852.67,0,0,0,0.1447159969236188,275.91967713389977,0
10,518.85,0,0,0,0.05759146210892138,10.780827462379134,0
11,388.39,0,0,0,0.10686366363784762,574.2231143842961,0
15,35.56,0,2,0,0.20707173463917472,16.76901883724311,0
4,498.55,0,0,0,0.15180423097046097,218.89491008276408,0
10,285.41,0,0,0,0.025026058965409218,245.4018423003095,0
8,448.16,1,0,0,0.10723695719285245,307.2992761817389,0
7,409.45,0,0,0,0.08344623571200754,145.83387562949645,0
9,408.79,0,0,0,0.07764151891210884,77.0875609734785,0
15,694.04,0,0,0,0.20814215249222082,15.80355397241076,0
15,96.0,0,0,0,0.05418361234491097,471.650056151446,0
8,1080.29,0,0,0,0.26384947477928394,169.15943870050913,0
15,496.74,1,0,0,0.30189394817091625,154.4560407656282,0
9,379.34,0,0,0,0.20477784937137947,675.7760741270932,0
15,663.1,0,0,0,0.031743510774551,26.070076617191987,0
11,154.96,1,0,0,0.11368504723904194,57.616604437129965,0
1,78.62,0,0,0,0.03699872749047315,192.14917866836387,0
5,1917.02,1,0,0,0.02975855988557762,17.65887661092032,0
15,213.15,0,1,0,0.1708201398903864,46.0729602419101,0
6,762.16,0,0,0,0.032208549905494765,128.64399222618957,0
11,417.98,0,1,0,0.4241487131600059,71.06852468397382,0
8,798.74,0,0,0,0.06391361231680606,29.94937827483795,0
10,182.61,0,1,1,0.0776623290833516,160.21344765421304,0
10,81.64,1,0,0,0.2412438844216828,118.52408050940808,0
22,472.98,0,0,0,0.09196802769547885,157.1341585322636,0
13,1463.65,0,0,0,0.28238345842541557,43.19276093453257,0
8,347.12,0,0,0,0.18882919976381043,245.05324555476727,0
23,2175.22,0,0,0,0.27709902770961975,100.41291400365884,0
16,1446.88,0,0,0,0.03976886351194845,119.22800509647169,0
13,226.32,0,0,0,0.16322407595638055,145.11244267725323,0
14,956.75,1,1,0,0.18798454696334502,61.45495273951916,0
16,224.43,0,1,0,0.011494653375245245,42.81497873366975,0
21,615.84,0,0,0,0.19485648217106924,195.98948885079434,0
12,361.4,0,0,0,0.05383256925341833,817.3164714752246,0
16,321.81,0,0,0,0.072580640123099,170.143219819415,0
20,417.61,0,2,0,0.1693453845218321,135.26313158676456,0
15,536.15,0,0,0,0.10425020849833218,115.06833307299452,0
2,1857.6,1,2,1,0.9321397688576771,2.412105498466117,1
10,798.41,0,1,0,0.05675987400431637,188.91080348412518,0
10,91.01,0,0,0,0.11668429705848783,203.04959914184593,0
20,1032.48,0,0,0,0.37248373614637736,25.15220553940019,0
16,216.31,0,0,0,0.07454478673376379,109.99616097836312,0
13,3516.22,0,0,0,0.03882872007498673,180.47523180909243,0
12,708.57,0,1,0,0.07489441950936784,98.26689797161896,0
2,8974.44,0,2,1,0.8286929556709709,13.959192647598911,1
17,232.15,1,1,0,0.047606452618860186,131.4626027552656,0
17,87.97,0,0,0,0.2644250964858428,14.349158728404566,0
4,434.84,0,0,0,0.16178938855920796,14.814837213048163,0
12,3767.53,0,0,0,0.07036958703287474,58.648132441984664,0
23,4823.39,1,5,1,0.8748117952953964,3.4648378741803803,1
16,2752.58,0,0,0,0.10579506758417435,65.02972196373777,0
19,631.49,1,1,1,0.1829588099310493,282.73474004457904,0
10,730.3,0,0,0,0.0660801908936004,8.230391689648359,0
8,717.57,0,0,1,0.028448446244524223,16.265110309355297,0
7,263.37,0,1,0,0.18183705411978102,241.5777724511122,0
16,1345.8,0,0,0,0.07405666234166604,603.3432483794345,0
14,251.73,0,1,0,0.14052984148237282,169.68810146995827,0
15,492.83,0,0,0,0.26411174908092133,345.6137587486403,0
12,51.87,0,1,0,0.19228783433429744,3.3673591788960535,0
20,208.42,0,0,0,0.05721167565933167,123.62734021558931,0
7,438.9,0,0,0,0.15575605718798588,124.72948723328771,0
7,619.38,0,0,0,0.029744296002900336,275.8501130138678,0
8,313.44,0,1,0,0.07510762374278726,13.449336968179237,0
6,1014.86,0,0,0,0.020641095277383805,21.31993677316593,0
7,190.35,0,0,0,0.04407934806883179,69.85077059017375,0
23,454.95,0,0,0,0.08239262748582535,92.89630156357448,0
12,565.71,0,0,0,0.24595263314806617,22.456964545537797,0
14,362.39,0,0,0,0.0341997222783331,35.170104518285065,0
15,396.4,0,0,0,0.44018818411877375,295.4778250554287,0
12,1718.08,0,0,0,0.2975019393769829,352.1065116513329,0
9,282.48,0,0,0,0.07884295822222437,220.12548921282354,0
14,572.22,0,1,0,0.24700986782433448,61.47897879227503,0
3,8974.44,1,6,1,0.9141976454066425,15.961847961213719,1
17,76.51,0,0,0,0.39979201780749035,358.6835742353521,0
14,1355.05,0,0,0,0.07540173853836574,88.47156008577936,0
7,86.56,0,1,0,0.08474696405933671,327.5954915734213,0
10,332.66,0,0,0,0.42874770609923235,20.11292270847223,0
15,1933.93,0,0,0,0.0769970920859407,124.88574939139178,0
11,419.76,0,0,0,0.13655802901609476,115.11942413245112,0
16,182.79,1,0,0,0.2315577201751612,162.73379414840454,0
23,395.44,0,0,0,0.21539764445080217,225.35474183872273,0
13,1924.96,0,0,0,0.34885457489004423,136.64700848379812,0
11,1369.74,0,0,0,0.22004263366674526,60.68160233619206,0
15,290.74,1,0,0,0.08429133017140979,14.168512566782358,0
10,1225.93,1,1,0,0.133904091238662,105.60728802810002,0
10,2357.5,0,1,0,0.1469593131010097,657.7378492820629,0
10,276.86,0,0,0,0.07039349891749296,20.538580808199214,0
10,120.19,0,0,0,0.1369265340306125,6.428433413573135,0
12,817.66,0,0,0,0.24956390367661183,386.1318439384934,0
20,295.96,0,0,1,0.08601428518507562,513.895606234115,0
23,1295.36,0,0,0,0.20731569621373822,68.93944357830792,0
7,393.88,0,1,0,0.42368772980358155,61.3324938409119,0
13,892.53,0,1,0,0.10358543523959234,44.53868172644795,0
14,329.14,0,1,0,0.03499643967764932,242.85441052183705,0
7,411.27,0,0,0,0.08542815754477476,2.6905149276841054,0
12,278.52,0,1,0,0.23687637751628493,255.59833038953494,0
11,735.62,0,1,0,0.04346947894189057,609.6928183800322,0
9,253.58,0,0,0,0.06924650886609283,11.156075535502326,0
17,1688.53,0,0,0,0.2112493832331882,94.79210716463723,0
12,836.36,0,0,0,0.2179756764618215,32.10158844297999,0
19,74.39,1,0,0,0.050485050711811676,6.789548162287217,0
7,97.33,0,0,0,0.32636936177039855,29.982368816944124,0
12,404.4,1,0,0,0.29732444492939514,81.60939536642125,0
14,410.12,1,0,0,0.03907604657467101,488.36733027702235,0
11,226.23,0,2,0,0.10065556362144917,93.80566285845889,0
14,1607.52,0,0,0,0.112103519903112,116.6922756104242,0
21,1255.02,0,1,0,0.1916943970481648,11.621084960909318,0
14,195.48,1,0,0,0.1805742498999332,117.40176125804567,0
10,596.41,0,0,0,0.20097805389351903,194.41020884662004,0
8,267.17,0,0,0,0.04236021050651658,188.19047791369536,0
14,310.77,0,0,1,0.24291062427190085,393.1820628735363,0
8,352.44,0,0,0,0.06793911979833056,4.468980612060252,0
12,196.77,1,0,0,0.25875856161653016,47.69109167524133,0
7,205.2,0,0,0,0.08912000975025117,209.31361702853945,0
18,457.17,0,1,0,0.16178023993866233,37.367918615055224,0
11,506.23,0,0,0,0.07911776954909022,158.6482267464425,0
11,714.72,0,0,0,0.12454330367320046,156.37253519821516,0
17,1242.42,0,0,0,0.10006864265013381,51.01376508205535,0
14,548.17,1,0,0,0.16674510205304188,95.31777871804964,0
8,153.75,1,0,0,0.07668007466609461,108.23913853529888,0
10,574.42,0,0,0,0.033698238199662826,120.4795158421713,0
19,436.05,0,2,0,0.10520445303282056,264.95426947188315,0
16,331.48,1,0,0,0.07978928462820205,69.04756621450097,0
12,131.61,0,2,0,0.40475000786915605,144.82054818879914,0
0,1010.66,0,1,0,0.13366244974478186,228.13780048744687,0
11,206.21,0,0,0,0.20814606297686825,500.1279077527989,0
10,154.28,1,0,1,0.20820644993088075,197.66187071163986,0
12,649.74,0,0,0,0.04164584129294817,223.58343993672835,0
12,248.96,0,0,0,0.24355962466229497,457.03144423635695,0
10,452.84,1,1,0,0.10883545150105031,42.10089790502736,0
17,427.16,0,1,0,0.299091615971326,1.0,0
15,382.37,0,0,0,0.26068401481041775,41.48872967164852,0
17,364.37,0,1,0,0.09690374969406403,307.4786333184832,0
11,419.59,0,0,0,0.016511216531779296,607.93145069432,0
13,693.66,0,0,0,0.002795046780336592,8.871202750393335,0
16,105.87,0,0,0,0.34400727539391895,392.10667430932136,0
7,2351.31,0,0,0,0.1809389975666151,83.63902358229618,0
18,704.66,0,0,0,0.20445064110036787,144.18802531970246,0
10,299.59,0,0,0,0.39332139017475376,149.56862023800673,0
23,8974.44,1,4,1,0.6448950589024333,1.8473360137077515,1
12,206.1,0,0,0,0.21719804051087196,11.99688213066733,0
17,121.47,0,0,0,0.20300172308989547,242.17243827107853,0
13,261.8,0,0,0,0.2058098639561906,701.5400869863199,0
18,397.01,0,0,0,0.19764661517284582,53.98712659743204,0
9,52.15,0,1,0,0.10485315619377912,5.853236615446248,0
10,366.13,0,0,0,0.02159590202658133,483.6521309003249,0
16,507.01,0,0,0,0.12233828789233556,49.565210263755446,0
11,492.03,0,0,0,0.5329925643083874,86.78228766877535,0
7,495.65,0,0,0,0.3265313437511268,373.0465873498927,0
18,764.42,0,0,0,0.042912036639779584,99.5088950678713,0
11,1337.65,0,0,0,0.5013715608135927,33.84950817071256,0
17,95.46,0,0,0,0.028561379217819483,36.18030261175824,0
9,297.55,0,1,0,0.03806346551363325,10.511686618898764,0
16,147.69,0,0,0,0.20872619187767116,50.58741752685891,0
13,363.9,0,1,0,0.09338119396573376,116.12121437542525,0
13,78.43,0,0,0,0.25512006561724826,8.721997693384278,0
12,37.79,0,1,0,0.043379133965329,260.02446052122514,0
9,487.58,0,1,0,0.0907185701333291,86.9515223328415,0
15,242.17,0,1,0,0.25753085181419133,57.67841640168624,0
17,164.15,1,0,0,0.2999742656768048,205.87450780475928,0
12,223.79,0,0,0,0.14681452874648432,207.00569978368438,0
16,1602.08,1,1,0,0.45172659310332675,129.65407751750723,0
4,317.33,0,1,0,0.2813705634343691,17.745171904070574,0
15,219.04,0,0,0,0.28904131603548494,21.1297126556639,0
18,678.32,0,0,0,0.5519221180172742,275.1136003727491,0
11,171.62,0,0,0,0.1968241396076722,212.3373137681233,0
0,4823.39,1,6,1,0.36948143913208925,3.328928350829241,1
6,411.62,0,0,0,0.26477538785546656,35.786833153537934,0
10,261.03,0,0,0,0.010696419051574165,496.868812916668,0
13,43.85,0,0,0,0.28421043892949605,78.7039077953023,0
12,265.13,0,1,0,0.07055841988684468,30.15784053731244,0
21,54.78,0,1,0,0.33848855922153,106.91166499922844,0
8,495.72,0,1,0,0.014847000138087095,45.216287246109985,0
8,377.14,0,0,0,0.05783119616527751,404.05769517193005,0
13,589.04,0,0,0,0.158871036906592,250.7365852442354,0
19,1297.19,0,0,0,0.0462514034656338,56.68295015703285,0
17,314.38,0,1,0,0.16677049851153425,330.60233636301945,0
12,333.18,0,1,0,0.01665451599931104,135.0937930014939,0
14,516.87,0,1,0,0.1318519739331101,49.60838776232746,0
12,434.08,1,0,0,0.18872132358393323,159.69440775182764,0
17,723.02,0,0,0,0.10561606417548004,31.007912293607877,0
16,186.18,1,1,0,0.058109966067070216,397.37893827245887,0
12,2655.82,0,0,0,0.29080137974302495,122.54141013063489,0
7,1242.98,0,0,0,0.09587621695497747,15.34366880602458,0
18,350.48,0,0,0,0.29006718312139274,363.7038848953435,0
18,305.2,0,0,0,0.25050281167610955,171.45616180774286,0
14,257.24,0,1,0,0.1612461114320305,52.20033934546446,0
13,593.3,0,0,0,0.08999971841572761,88.65569522642686,0
16,606.83,1,0,0,0.16629968864402414,63.95289287123143,0
17,1690.1,0,1,0,0.059113192267496055,186.61422529432744,0
14,1052.15,0,0,0,0.024431915654948948,54.677361140169275,0
16,4239.35,0,0,0,0.13329905314899804,66.59414897207813,0
14,582.51,0,0,0,0.10634084539764666,43.19011691300521,0
7,153.52,0,1,0,0.3113855833782987,111.11878347239508,0
20,588.73,1,0,0,0.03260625090150574,305.16958590680144,0
15,75.05,0,0,0,0.04322970276320573,39.21620497293977,0
10,442.04,0,1,0,0.2432950023744425,536.5995913168274,0
13,993.62,0,0,0,0.06621134164723513,104.13870834375862,0
22,2172.33,0,0,0,0.22098512524900263,66.70601139229707,0
15,207.11,1,0,0,0.422817319764787,85.76363133160665,0
8,273.49,0,1,0,0.016100649505439386,235.0292565697793,0
8,442.84,0,0,0,0.08713947210738075,238.26476475464676,0
15,1003.5,0,0,0,0.2164904969562436,173.58962188251724,0
11,666.24,1,3,0,0.1640494536874595,463.1406045722852,0
19,83.72,0,0,0,0.022441854915797525,1382.0632914205694,0
18,4505.61,0,1,0,0.048461916440100464,30.437395489025363,0
19,536.77,0,0,0,0.05961326220840729,34.89952269358246,0
21,158.67,0,0,0,0.2664689759017288,21.224182265631676,0
9,113.1,0,1,0,0.06473357183736093,159.24608999806892,0
13,33.72,0,0,0,0.13134386134847406,257.64781779710785,0
14,229.45,0,1,0,0.09187630690022182,18.669052742545777,0
9,949.06,0,0,0,0.0004026902033332045,37.46123218210124,0
14,1452.34,0,0,0,0.05549403282652236,211.26770797389847,0
12,168.41,0,0,0,0.35232642114132384,34.83095985321894,0
13,422.67,0,0,0,0.2844389430152104,173.29979771044486,0
1,8974.44,1,1,0,0.6227197073155142,19.403456632908444,1
3,8974.44,1,2,1,0.7999295768403605,1.4916560471027869,1
17,291.41,0,2,0,0.34605285603161334,23.95591447991301,0
21,111.44,0,0,0,0.10260783843234227,769.8169362695266,0
13,526.53,0,1,0,0.07334933530571412,1.0,0
11,243.02,0,0,0,0.03581311478530868,39.32489579702266,0
14,529.67,0,0,0,0.19985068819934085,241.558710741267,0
10,401.32,0,1,0,0.23550142956806752,80.09086332554942,0
13,455.04,0,1,0,0.19035447566435418,131.4676724643302,0
17,2814.79,0,0,0,0.1763414164753953,94.59317399165217,0
8,433.2,0,0,0,0.16366672783831746,137.44222896993986,0
6,76.76,0,1,0,0.12064074394090735,87.91052645611678,0
9,343.09,0,1,0,0.03382969278477957,82.2573250041447,0
5,83.98,0,0,0,0.0922150796562974,45.487169726758474,0
4,55.49,0,0,0,0.061872136094799614,256.5558871051914,0
16,594.59,1,0,0,0.0856450676634064,127.86111870003853,0
12,697.37,0,0,0,0.15235609412027468,804.1382342039796,0
13,1252.33,0,1,0,0.09035365188690152,131.2659375197527,0
19,501.08,0,0,0,0.09919545665688247,463.846463032625,0
11,690.08,0,0,0,0.11363246190899064,162.62441026861828,0
9,125.42,0,1,0,0.03360871365227601,13.22520658732159,0
13,130.88,0,1,0,0.1122656291368836,186.96006523038568,0
21,223.74,0,0,0,0.43189488993211633,94.3062666977367,0
5,853.31,1,1,1,0.04693026797993596,24.02544729872061,0
23,214.07,0,1,0,0.10871617913310107,699.9205698900786,0
15,829.5,0,0,0,0.08493817290869551,40.77154753453739,0
14,604.25,0,0,0,0.4133326928141678,295.59945336860414,0
12,483.59,0,0,0,0.0791678750536507,26.42034819622582,0
6,266.72,0,0,0,0.05437228467842229,77.82898542279213,0
23,315.97,0,0,0,0.09029651241491074,29.51760582088682,0
16,582.43,0,1,0,0.2039006855434006,23.552115516376936,0
15,891.06,1,1,0,0.474495621385897,75.95019320704826,0
14,708.77,0,0,0,0.17590231965841027,26.909330138260582,0
16,246.45,0,0,0,0.30702022089433056,187.27053889376464,0
4,8974.44,0,2,1,0.9202214530263437,9.702468858819696,1
14,786.77,0,0,0,0.006646851185743008,285.0906376661098,0
19,322.17,0,0,0,0.11814046491100084,89.76538316122627,0
12,643.9,0,0,0,0.03499447153855569,448.24036231573723,0
19,33.91,0,0,0,0.256200542068781,6.552235428325206,0
16,757.6,0,1,0,0.3073339801667048,13.85382010666201,0
11,332.95,0,0,0,0.08765732014647182,323.88940675328985,0
11,107.48,0,0,0,0.20537171349190594,148.8617338934611,0
0,4823.39,1,2,0,0.8635622069902936,6.385341463670841,1
10,1193.15,0,0,0,0.061323447109465586,538.0735387835282,0
22,246.26,0,1,0,0.2546839594804894,51.164770164283944,0
13,1122.81,0,0,0,0.0756223336477597,178.76446934219607,0
16,46.92,0,0,0,0.4613083562632228,656.5111918882131,0
19,186.93,1,0,1,0.08964833624603663,99.65085496425486,0
12,427.79,1,0,0,0.025991347656507884,66.57065859961595,0
19,1180.91,0,0,0,0.0323752307618172,11.764322679097365,0
21,167.2,0,0,0,0.4181750154839035,405.07156884401473,0
13,341.59,0,1,0,0.42133161872254143,102.64405298118722,0
21,394.66,1,1,0,0.42372413925695174,42.98875589263233,0
17,263.9,1,0,1,0.4692593453728162,24.4608190613102,0
20,2198.84,0,0,0,0.3215135421915128,359.89994125610286,0
18,560.17,0,0,0,0.14732892076032467,101.4420329094388,0
17,751.15,0,0,0,0.05677453363195255,184.04490981810576,0
18,2841.44,0,0,0,0.15952206118980888,106.07797687111747,0
20,938.68,0,0,0,0.4903695806666401,49.462192602833994,0
19,687.37,0,1,0,0.2785734150259831,32.70584908006545,0
13,352.71,0,0,0,0.0759441096129551,255.13559051910144,0
15,23.82,0,0,0,0.10972784678010977,368.18042647029074,0
14,266.11,1,0,0,0.10439365560467373,590.0527596948522,0
13,279.49,0,0,0,0.03941317000895793,170.8562770786835,0
15,292.93,0,0,0,0.30633386572221416,249.78852899178995,0
12,587.71,0,0,0,0.1043646705449166,238.51860629451906,0
7,227.98,0,0,1,0.20749361466581007,107.04513933483376,0
2,114.02,0,0,0,0.08654268792573244,43.585377639446584,0
5,280.67,0,1,1,0.08863076803920286,274.6061621322632,0
18,764.45,0,0,0,0.15324544442658053,80.25096869389387,0
16,77.1,0,2,0,0.08355369363407182,376.1598980234099,0
5,104.59,0,0,0,0.21550976203323755,400.68520864070354,0
22,8974.44,0,1,0,0.6357858283553043,1.415338146987525,1
16,259.19,0,0,0,0.1096456071873598,79.63643303634757,0
19,1157.49,1,4,0,0.2379537389016576,78.8869794626561,0
16,771.11,0,0,0,0.18870214476924407,86.40997281711412,0
15,57.06,0,0,0,0.26342816838522204,391.44672890377296,0
14,23.78,0,0,0,0.07243599372047173,13.47509059540807,0
4,607.8,0,0,0,0.012637644223367373,466.6539164752235,0
20,266.88,0,1,0,0.1920132229467959,77.54990634170001,0
3,1857.6,0,3,1,0.6530733021703267,28.923765411095182,1
11,2400.63,0,0,0,0.27991972162197115,440.6327769916207,0
11,316.16,0,0,0,0.27102190828354644,288.56450457357056,0
16,1237.55,0,0,0,0.19344620348984426,277.8100053563272,0
15,1331.05,0,0,0,0.1486638389574622,81.61359978571612,0
19,92.85,0,1,0,0.14413550218555513,152.91410053116647,0
17,148.29,0,0,0,0.3250432557666775,125.70460561889503,0
11,882.47,1,0,0,0.24062674782712193,133.9846462994528,0
12,431.78,0,0,1,0.29599511569820103,165.5003323862279,0
9,320.8,0,2,0,0.004077359826934053,38.64009506511683,0
15,70.97,0,0,0,0.1122043618298541,84.19472495904249,0
8,769.09,0,0,0,0.1371988606881915,281.33722614969,0
11,330.61,0,0,0,0.2100705850276813,92.83900364231722,0
11,20.61,1,0,0,0.0867047114710922,79.38171132323467,0
20,356.69,0,0,0,0.139702256019216,9.757524836103814,0
6,648.93,0,0,0,0.10557379910262632,47.02283338170816,0
10,67.82,0,0,0,0.11207381609657954,40.56220763452463,0
15,447.32,1,1,0,0.050773218685546226,158.35657487087911,0
20,620.65,0,0,0,0.4630272801614181,265.95020801648957,0
17,467.72,0,0,0,0.13361479583642907,83.45732446514417,0
17,601.01,0,0,0,0.06567668174822575,1081.482248004383,0
23,224.96,0,0,0,0.1033668871534172,366.0371133647734,0
21,379.25,0,0,0,0.30504804691166576,343.78825530387405,0
16,399.93,0,0,0,0.08896207259748262,643.426280195095,0
11,169.57,0,0,0,0.09064175040386323,26.260913343963917,0
7,1456.22,0,0,0,0.013325959434269405,62.16925060581794,0
12,464.18,0,0,0,0.24341699218015242,160.3481988659285,0
11,438.73,0,0,0,0.24838361818451937,3.0040897767109564,0
17,194.05,0,0,0,0.06466491751571682,524.169798859001,0
12,214.48,1,0,0,0.4641014632492191,107.81189781751291,0
17,149.98,0,0,0,0.15538789110016563,38.505423484387556,0
19,638.41,0,0,0,0.11182100205197981,257.6296887713909,0
17,102.05,1,0,0,0.13648896169195066,62.45953489561552,0
18,2369.82,0,0,0,0.16911214406373878,217.6854008565794,0
17,466.05,0,0,0,0.05453952851388771,19.980301036566825,0
12,302.35,0,0,0,0.23376784787060004,195.33798629218097,0
23,147.18,0,0,0,0.09560914213136443,80.49219596554869,0
17,100.06,0,0,0,0.3439762695745772,360.62783724239506,0
11,144.35,0,0,0,0.03056656110045708,364.4620062571306,0
6,657.13,1,0,0,0.10534370221179676,146.62190505670603,0
14,962.3,0,0,0,0.1365101020922384,120.40750714928944,0
0,4823.39,1,4,0,0.8894803458345967,6.131684211743668,1
15,472.82,0,0,0,0.06974196272039174,91.38202857096759,0
11,94.23,0,0,0,0.039271020246673484,94.74379493766105,0
12,385.73,0,1,0,0.10662650327983998,518.9156926627588,0
14,86.68,1,0,0,0.04347055507022044,154.5200178535579,0
20,298.65,0,1,0,0.08397167198642286,141.22705904616384,0
13,1418.39,0,0,0,0.32759901726479795,242.43545565042473,0
23,4823.39,1,3,1,0.9172000940572312,3.3947333979288485,1
23,4823.39,1,4,1,0.9500293235477065,6.175205028547813,1
16,597.25,0,1,0,0.28852399776403,20.026711076143545,0
16,452.08,0,0,0,0.34255226488689433,696.4455272059357,0
8,1112.43,0,0,0,0.14255609839465624,181.29599496818676,0
16,1164.22,0,0,0,0.06937657455486422,302.8482727699096,0
13,215.74,0,0,0,0.4564424620000703,398.44419032473877,0
14,155.9,0,0,0,0.14686542917895937,256.1706602209835,0
19,216.93,0,0,0,0.32438862066598695,26.767473770809385,0
22,1013.13,0,0,0,0.0004941479867649023,277.8014196787787,0
10,2562.61,0,1,0,0.09006483852448434,158.56586754367652,0
8,418.52,0,0,0,0.05886352477339266,178.707422345352,0
18,63.39,0,3,0,0.033409243198232665,18.03523924098816,0
15,3134.76,0,0,0,0.05478485901179724,39.278367989660204,0
16,1069.06,0,0,0,0.2946397685972696,28.56043843527518,0
17,495.62,0,0,0,0.12548456479901116,64.42879904626614,0
7,121.5,0,0,0,0.2057302181142119,143.58376577203418,0
14,707.41,0,1,0,0.039550016419869424,105.53116428394172,0
10,535.21,0,0,0,0.10244194699708337,321.4820343771464,0
3,170.44,0,0,0,0.006969009446391068,204.40558195268477,0
9,316.68,0,0,0,0.20123865479147382,45.531376659893304,0
14,789.47,0,0,0,0.13252111209722303,115.41508931523285,0
8,1899.64,0,0,0,0.1448869592351219,3.811270182792004,0
15,626.79,0,0,0,0.27144402205014245,13.138960528629093,0
6,58.95,0,1,0,0.21285139804198433,1.8908112669056056,0
10,427.56,0,0,0,0.19237124369176117,233.00694308784315,0
17,825.26,0,0,0,0.07585055928370156,16.93005003126926,0
17,606.01,0,1,0,0.22696756181937544,38.39858746035311,0
14,161.21,0,0,0,0.14090532387363358,55.50632906273351,0
17,324.44,0,0,0,0.12973417720264763,21.823774257460173,0
0,1857.6,0,3,1,0.6769936865122345,13.047992388237152,1
13,2335.44,0,0,0,0.12627499866365702,597.8709566960473,0
17,97.02,1,0,1,0.2947428830820909,80.68807440640043,0
11,352.44,0,0,0,0.01821186984303927,20.31657501961114,0
14,111.35,0,0,0,0.045314119028582574,346.1937272242433,0
13,1564.75,0,0,0,0.07713127063653655,35.828258163520104,0
7,155.17,0,1,0,0.180246395434216,100.19898973776415,0
13,1299.32,0,0,0,0.14057917519202415,14.527572029623409,0
6,2306.14,0,0,0,0.053828112123062315,260.61739042219045,0
15,248.27,0,0,0,0.3074452420494013,99.98124765143916,0
6,126.3,0,1,0,0.10358677565121759,78.73546240315034,0
16,309.33,1,1,0,0.053795675684666665,24.426659096685537,0
15,214.51,0,0,0,0.12438234520076255,232.2560277975441,0
7,530.72,0,0,0,0.22263770609286812,247.6597094844057,0
13,36.1,0,0,0,0.16097150855710513,5.6272908124496785,0
17,277.37,0,0,0,0.32030598980989655,232.79920838344287,0
15,2540.05,0,0,0,0.09132560011769003,122.43628349292706,0
21,99.94,0,1,0,0.12612989702325975,148.638266418758,0
11,412.88,0,0,0,0.11569051543343628,222.6879788093973,0
15,796.52,0,1,0,0.07238071878423245,183.55577155513907,0
1,1857.6,0,2,1,0.6319280261134618,0.44603597056440397,1
16,758.09,0,0,0,0.12109935104725127,132.07327853825282,0
18,294.25,0,0,0,0.12216008608075848,291.8610150048621,0
9,300.95,0,0,0,0.24296652167833743,434.7792344180522,0
16,501.36,0,0,0,0.03284295778348366,9.802912000162527,0
21,311.73,0,0,0,0.0587867753148843,115.5556625776229,0
17,96.76,0,2,0,0.06566132419006887,138.60317840995168,0
13,484.91,1,0,0,0.19903694859965765,501.24515570331005,0
14,463.44,0,0,0,0.3698921049255908,581.2155432861135,0
10,171.8,0,0,0,0.05664676997377081,75.35102414277787,0
12,923.41,0,0,0,0.07123094631151647,21.256281163706696,0
14,144.04,0,0,0,0.4123719239483302,22.92643678446771,0
22,596.14,0,1,0,0.23910469571647472,210.33722896377455,0
17,281.38,0,0,0,0.09421803492311324,372.0255875711863,0
17,921.51,0,0,0,0.09902126505816265,35.677534977753226,0
11,99.19,0,0,0,0.14659328734062732,531.3291730559192,0
15,331.47,0,1,0,0.0543440558259282,291.0638842706972,0
1,141.78,1,0,0,0.34250754059578803,280.9576595324101,0
6,78.98,0,0,0,0.19068727722689946,84.01476076812162,0
9,86.3,0,0,0,0.024950377629771824,25.12001443920361,0
22,184.92,0,0,0,0.1029369999574551,6.603417062456609,0
20,450.54,0,1,0,0.15594014077988677,219.03018748454886,0
0,431.66,0,0,0,0.27582298898641766,114.70484535976605,0
11,1068.52,0,0,0,0.010839082433946866,205.06886313339956,0
17,235.17,1,0,0,0.23178391104127297,90.40924012856098,0
12,117.24,0,0,0,0.10726535830125783,52.44982103863778,0
12,145.64,1,1,0,0.18364047883239212,301.4441185295632,0
18,771.66,0,1,0,0.044148371789104336,95.52105943307937,0
18,272.65,0,0,0,0.02628790277417907,150.6423126385603,0
15,1423.5,0,1,0,0.20324678785085745,5.521532429140466,0
23,1195.88,0,0,0,0.3214706162925298,163.89740925351757,0
9,407.0,0,0,0,0.12045529502451105,21.352443201856502,0
14,53.03,0,0,0,0.39324955193658495,199.26500658022607,0
16,401.13,0,0,0,0.32796314311105473,69.22543334415148,0
11,89.89,1,1,0,0.15840697563404232,31.71082138819634,0
13,282.74,1,1,0,0.322148807761805,87.87218906302806,0
18,638.41,0,0,0,0.2692135938949307,44.00047578357201,0
16,893.81,0,1,0,0.09165642421700916,6.49179829708056,0
11,354.81,0,1,0,0.3490756031187594,122.7859128077921,0
11,1245.64,0,1,0,0.0641932023658461,63.81262776272276,0
14,1557.99,1,0,0,0.23768935186754994,192.44494159688648,0
20,423.27,0,0,0,0.2003718425508004,250.19438417191546,0
6,107.5,0,0,0,0.02535815456070939,276.94451201502557,0
16,335.6,0,1,0,0.04202286089476833,135.67165473763046,0
1,8974.44,1,2,0,0.8706114391837805,26.715195594794125,1
14,191.97,0,0,0,0.2776808122426508,194.6648427045138,0
19,781.58,1,1,0,0.06442508857804365,396.751849829986,0
20,94.7,0,0,0,0.3105274589664137,503.0661423309127,0
15,1006.92,0,0,0,0.13375662112524725,128.6796886574322,0
16,239.18,0,0,0,0.19524584655406063,124.65302260069863,0
13,417.14,0,0,0,0.15970804478236136,123.90575271167717,0
19,206.75,0,1,0,0.07911198431823563,422.65144101674923,0
17,593.16,0,1,0,0.15136815694823835,273.019708840639,0
13,139.36,0,0,0,0.10470962023025798,712.8852474584343,0
9,220.59,0,1,0,0.03014068263040294,220.87635712231548,0
17,302.08,1,1,0,0.1458096192224822,135.24156919207113,0
10,133.81,0,1,0,0.23563574217699404,108.34219364721517,0
14,223.66,0,2,0,0.06937285060192765,17.021956431808547,0
16,73.38,0,0,0,0.30366186524961064,237.9313052352453,0
2,493.82,0,0,0,0.07952032613462233,13.232559772818014,0
14,1106.38,0,0,0,0.25381341260184537,222.62667001921827,0
9,222.75,0,0,0,0.2416928420983884,118.2925435228706,0
12,485.71,0,1,0,0.12325221929013629,40.712967003614565,0
11,4212.92,0,0,0,0.22944291536219855,92.92399591381557,0
13,285.85,0,0,0,0.37734167636154353,125.72639869720035,0
23,254.16,0,0,0,0.04863648136301301,251.66778899899717,0
14,1228.08,0,0,0,0.05930468783998472,324.80402604407664,0
16,528.91,0,1,0,0.31940860959814465,389.16790036267247,0
14,426.84,0,0,0,0.17222606336534804,165.27563776915161,0
14,1591.52,0,0,0,0.010222030993657913,180.7574610248955,0
12,277.99,0,0,0,0.24279914876356387,61.89708558798587,0
15,491.97,0,0,0,0.27021608445645606,4.755266435686775,0
22,1576.0,0,0,0,0.3750899246933196,55.019750973582,0
13,311.56,0,0,0,0.20066655553836538,22.875245040496363,0
5,324.48,0,1,0,0.16637682850513005,44.97863823805549,0
18,281.53,0,1,0,0.18952641331554254,397.3845359288394,0
16,277.41,1,0,0,0.06177861587071685,227.71904446020196,0
6,788.2,0,0,0,0.2661782213383084,11.828826263467375,0
21,606.14,0,0,0,0.019854126929032007,189.75612047053687,0
13,250.37,0,0,0,0.07922236467651433,196.89780266699861,0
20,675.92,0,0,0,0.284408210352936,234.85728724979285,0
19,50.22,1,0,0,0.1856952757097687,31.385355612989574,0
8,381.19,0,0,0,0.1403894622304497,254.44026891214665,0
12,302.18,0,1,0,0.18419416847409842,6.617072914860512,0
20,1860.37,0,0,0,0.20835466085699053,209.07618018317098,0
23,251.77,0,0,0,0.015297069117887434,17.136546246969132,0
19,144.61,0,1,0,0.36829431048433026,91.2704176414263,0
5,4823.39,1,4,1,0.44068708414434477,6.336685750352969,1
21,65.28,0,0,0,0.17777247033663232,117.67026436648707,0
13,2276.8,0,0,0,0.006690144964231885,177.0827116832877,0
16,157.17,0,0,0,0.09677521477277899,75.75764536050274,0
17,173.92,0,0,0,0.094574959390757,268.5179355817253,0
10,130.72,0,0,0,0.04312675177931915,207.19160999763628,0
18,141.12,0,0,0,0.09863022310462577,211.40473930822498,0
12,260.8,1,0,0,0.16945501666232637,275.1710217840866,0
14,336.69,0,0,0,0.16258644999421656,112.4776463664339,0
8,270.29,0,0,0,0.11409461021646702,497.58287855084836,0
14,177.65,0,0,0,0.02815512894061271,115.18315226034278,0
18,880.12,0,1,0,0.2562789465110942,108.94141666737745,0
18,674.82,0,0,0,0.1214387151947436,275.1553575489863,0
9,269.61,0,0,0,0.017526185471544036,435.81222511283335,0
4,8974.44,1,1,0,0.7210189093332902,38.02480518457812,1
19,65.27,0,2,0,0.0496720924319093,47.06926182011697,0
12,888.99,0,0,0,0.04723321047691954,374.049754707825,0
17,307.47,0,0,0,0.24884796321156746,155.03847231252217,0
17,1859.88,0,0,0,0.2555985760857831,10.957702402373302,0
10,3550.24,0,0,0,0.16575068549141175,50.748153549818234,0
3,176.15,1,0,0,0.12150679707808545,79.36349427144216,0
17,667.41,0,0,0,0.26019672726981335,243.29020147240047,0
17,910.05,1,0,0,0.05072640357085944,688.7417890740489,0
12,372.44,0,0,0,0.08121793204241315,73.1027956782848,0
9,307.3,0,0,0,0.15223870997725877,157.22846393418766,0
13,62.38,0,0,0,0.11834872807103025,220.08564345773442,0
20,782.32,0,0,0,0.05870064792232724,142.87708976880702,0
15,298.62,0,0,0,0.13211994203367752,147.2043072056839,0
11,856.77,0,0,0,0.21482080111899565,306.4227670663762,0
4,351.36,0,1,0,0.20678214585740862,214.2998490156741,0
15,688.48,0,0,0,0.22396200081671144,172.60789616844812,0
16,604.43,0,0,0,0.21405218723257755,103.04297694981015,0
7,635.55,0,1,0,0.07556913167308557,196.5183772832409,0
16,387.27,0,1,0,0.1649374943711074,362.9045570113696,0
6,177.27,1,0,0,0.07101817655127915,93.7464266637607,0
17,871.59,0,0,0,0.1768564612457184,204.08344876504643,0
9,192.92,0,1,0,0.022032942992263698,213.57564968825312,0
23,1857.6,1,2,0,0.7761032990770247,3.474778823845804,1
13,1318.88,1,0,0,0.016890391533427782,29.774196392197517,0
18,312.12,0,0,0,0.1084795816203547,211.51243772578704,0
9,125.05,1,0,0,0.08740895893813037,396.35596133862424,0
22,1857.6,1,3,0,0.8791352743187647,15.296669669391612,1
18,188.82,0,0,0,0.14434585467250344,383.61737917654085,0
16,1570.47,0,0,0,0.040804108283025685,38.38311667547217,0
19,1157.98,0,0,0,0.02630100134345282,10.787050815381287,0
19,150.46,0,0,0,0.28099752444672293,197.1445156997471,0
17,97.18,0,0,0,0.17733048990814101,44.22681267211659,0
3,1857.6,0,0,1,0.739041159377719,10.688981515437542,1
18,316.55,0,0,0,0.20462279803963568,289.06239700116794,0
14,321.87,0,1,0,0.16778267542789266,133.47327103283556,0
8,406.01,0,0,0,0.0978239546000448,105.22747412450981,0
12,1509.16,0,0,0,0.13839224963612135,15.738484591773508,0
7,813.48,0,0,0,0.06319639983194186,214.4185612371193,0
12,908.47,0,0,0,0.5449331346847204,186.6203754980212,0
22,414.33,0,0,1,0.021816287163311555,168.85969525827701,0
4,8974.44,0,0,1,0.8192475173521729,6.602339760203345,1
13,854.35,0,2,0,0.13631848610791453,557.922458439488,0
15,31.16,1,0,0,0.331535252413015,50.22258218518475,0
14,1050.08,1,0,0,0.08274605070921133,198.22533978387426,0
6,1595.14,0,1,0,0.04845949683161155,530.4459191720201,0
5,520.8,0,0,0,0.1759911820339712,124.08831345272701,0
11,1797.21,0,0,1,0.1108544685250393,10.909798447481185,0
0,80.26,0,0,0,0.11345799642423295,195.03366524361255,0
9,587.76,1,0,0,0.02643434994997977,243.73466226338653,0
20,226.41,0,1,0,0.24177072935361896,297.17246176683943,0
8,1175.02,0,0,0,0.04405555076784016,37.46480916074721,0
14,319.06,0,0,0,0.12178815508243018,220.65517789935973,0
12,1751.18,0,0,0,0.24674770197005044,210.4211450869745,0
15,342.63,0,0,0,0.2105471470082944,86.48286968683071,0
17,206.02,0,0,0,0.11993756565590834,143.73765857933324,0
17,589.23,0,0,0,0.17170354277358693,50.5572470010713,0
5,105.57,0,0,0,0.02655404324622469,516.3860927633458,0
12,269.95,1,0,0,0.15065627510900897,185.61441610120247,0
16,246.51,0,1,0,0.3243293061727712,377.37379209728624,0
8,389.2,0,0,0,0.3994186481149413,121.13402449963012,0
17,993.57,0,0,0,0.21447682405229573,121.37119174737484,0
19,895.2,0,0,0,0.045962590147675356,325.99335472769724,0
8,423.55,0,0,0,0.24365653390463243,378.66918365721057,0
15,587.84,1,0,0,0.0366832331377282,140.31360551904257,0
7,178.75,0,0,0,0.08920783518874421,274.392697905623,0
17,3176.52,0,0,0,0.3446373665098133,13.508587192390667,0
16,249.57,0,0,0,0.39224875302642254,431.280523203549,0
5,306.73,0,0,1,0.05509818127059439,179.65705754194977,0
15,233.79,0,0,0,0.032894501376741575,328.8051319165612,0
23,309.86,0,0,1,0.09108725848442477,46.823460443491584,0
16,309.69,1,0,0,0.06562560119984057,9.092676082465522,0
23,344.06,1,0,0,0.010020452856079378,150.73900910440344,0
12,564.22,0,0,0,0.16632599853936916,16.930063089183975,0
16,803.13,0,2,0,0.264511659326257,227.08321024123248,0
9,611.54,1,0,0,0.07115102796354691,152.63808226106116,0
23,237.05,0,0,0,0.022603041708579616,287.8408538360835,0
1,3048.46,0,1,0,0.2577653383546249,1.0,0
11,169.74,0,1,0,0.09839064027099333,59.60724311881633,0
16,206.64,0,1,0,0.3742212333636499,215.470371697405,0
6,49.99,0,0,1,0.16916600589521322,21.214040814124573,0
4,155.96,0,0,0,0.160579791023154,83.18148042913562,0
13,666.31,1,0,0,0.25992428206067025,37.595375835001576,0
22,239.29,0,0,0,0.21626091693893698,772.8859105968247,0
5,1857.6,1,5,1,0.9684069650364264,5.217095727931759,1
20,275.03,0,0,0,0.021385786674647796,163.83930669984005,0
4,404.59,0,1,0,0.07970267037875543,145.2941674650313,0
16,225.0,0,0,0,0.05818180338928796,130.0751623313794,0
10,754.97,0,0,0,0.015113029459438109,226.75699062851805,0
15,256.42,0,0,0,0.15424816322488974,268.2010420998291,0
7,414.72,0,0,0,0.2279910349906895,100.86745702626555,0
11,608.52,0,1,0,0.24713483344002285,106.51063449244563,0
7,1653.12,0,0,0,0.2900451083909874,289.6212629743256,0
17,334.91,0,0,0,0.18020734201603616,6.473630283197734,0
11,41.29,0,0,0,0.012563973235366665,40.41311068462711,0
11,92.5,0,1,0,0.04006913898516581,73.55812536027983,0
9,396.61,0,0,0,0.011024986457401409,60.91757951597338,0
9,208.6,0,0,0,0.052255352211366776,557.6815993231319,0
16,177.62,0,0,0,0.08245764879265802,67.02248357798462,0
8,434.94,1,0,0,0.031029692643402787,513.8639043376498,0
10,361.63,0,0,0,0.40158962085325633,62.95980660712917,0
9,469.26,0,0,0,0.07067239921190784,64.08363895125082,0
23,167.26,0,0,0,0.4441485329367786,166.21779913555093,0
17,2052.47,0,0,0,0.3779754324454474,601.6295859277615,0
13,374.9,1,0,0,0.18464268343003343,119.30148163143453,0
12,1205.42,0,1,0,0.30704302346789486,724.1397569568462,0
18,636.63,1,0,0,0.07310125670584722,328.1524495397055,0
18,1208.69,0,1,0,0.10056794079602677,154.28425762416728,0
4,562.69,0,0,0,0.11752845858610521,265.3594678594688,0
10,144.99,1,0,0,0.19774994399960108,78.9267840336874,0
11,383.24,0,0,0,0.042851134700786254,262.6077405982224,0
9,2776.7,0,0,0,0.15949737017320248,147.69673345706863,0
22,963.92,0,1,0,0.06505283837890309,312.2887295860406,0
23,618.69,0,0,0,0.09449247661098936,24.817882440665493,0
8,128.58,0,0,0,0.06766877584948525,50.93330580606316,0
7,244.74,0,0,1,0.11216996153468047,23.394370959673356,0
14,280.68,0,0,0,0.2222537416142796,91.23527287695339,0
13,132.79,1,1,0,0.27238449035853873,26.27293178557274,0
12,158.51,0,0,0,0.16042410503151452,107.1908150196636,0
17,446.21,0,0,1,0.3123367211229028,20.277285679840148,0
21,556.69,0,1,0,0.14776521667154516,293.826439104505,0
15,544.85,0,1,0,0.37845184034595986,84.42483202058612,0
6,615.55,0,0,1,0.11399980926174555,284.99696296011416,0
13,266.57,0,0,0,0.09759803862679867,1178.071735587166,0
9,189.62,1,0,0,0.22763162972206671,205.0190625318333,0
19,693.74,0,0,0,0.06082498200825125,91.83972925302369,0
9,393.16,0,1,0,0.23731602102873234,145.6553815722031,0
5,4823.39,1,1,0,0.8114435872046196,5.443794472031172,1
22,85.69,0,0,0,0.21939295584961047,29.578922819700978,0
14,247.96,0,0,0,0.03402229632794379,131.6955498442049,0
13,328.2,0,2,0,0.13967969424490442,184.5056751771958,0
1,8974.44,1,1,1,0.6557651038758688,17.346499866921807,1
19,563.96,0,0,0,0.14764739160791326,135.40206089689397,0
8,93.81,0,0,0,0.10120641648760734,172.8887367999157,0
13,88.1,0,0,0,0.018978886600642494,422.08959500491204,0
19,434.75,0,0,0,0.20127487451480902,320.4016901106247,0
15,1895.09,0,0,0,0.3448748998802653,106.27282244450029,0
17,496.38,0,0,0,0.10791001383888442,38.187905486898245,0
7,57.71,1,0,0,0.11760914650722162,195.7097952395011,0
10,529.83,0,0,0,0.4654058367313104,10.463945233052526,0
12,884.15,0,1,0,0.07330948929962065,75.99055169676704,0
19,216.7,0,0,0,0.09160664241274305,19.336105962185783,0
16,524.74,0,0,0,0.1617192986877622,94.9597060886017,0
13,410.82,0,0,0,0.05188248217843284,8.203625314221329,0
20,446.79,0,0,0,0.11506570667110735,161.67048307795872,0
13,253.94,1,1,0,0.2875926714005898,239.02021027074557,0
6,4106.11,0,1,0,0.12064075207832495,82.70473988459254,0
9,126.91,1,0,0,0.10895462102674132,84.55646952412495,0
21,107.87,0,0,0,0.07849060366614423,9.789219629165471,0
9,611.95,0,0,0,0.12444685704442635,136.10636385604548,0
18,103.46,0,1,0,0.1743976004748768,49.361779862518624,0
15,584.09,0,0,0,0.12164320588704931,3.8148314512571058,0
16,47.08,0,1,0,0.2505099253258598,147.4204673892156,0
2,8974.44,1,6,0,0.6352135284350536,8.112799072763647,1
16,290.32,0,0,0,0.217545090530191,99.95283469782764,0
17,1273.87,0,0,0,0.24993860021549566,24.28701617009985,0
17,331.95,0,0,0,0.2036058439471366,60.54380370625579,0
13,186.95,0,1,0,0.060886329058602126,189.14749661208262,0
13,1745.68,0,0,0,0.12344726091536855,92.31872629354164,0
7,452.5,1,0,0,0.11878293660213343,112.68256515094386,0
15,293.97,0,0,0,0.22133221733610128,963.1929758560667,0
16,723.79,0,0,1,0.323057629253586,409.21100110617374,0
16,8063.72,1,0,0,0.19469015286793273,174.1349509188753,0
19,177.18,0,0,0,0.2314622428222153,31.169532326635238,0
14,655.48,0,0,0,0.2869818579955248,462.53959627693786,0
18,108.14,0,0,0,0.10060787396566058,72.3816323736945,0
9,337.72,0,0,0,0.38627024484518796,121.37645858118063,0
21,64.25,0,0,0,0.22560431116845214,226.65122916081876,0
18,621.93,0,0,0,0.05782469810069686,198.25140286230945,0
23,181.31,0,0,0,0.05628896485127205,173.5688022705609,0
11,2495.48,0,0,0,0.14261858957873208,494.82198001802766,0
17,714.9,0,0,0,0.10342672646565014,48.36085233125214,0
0,4823.39,1,4,1,0.9530230317122462,11.215353338072923,1
12,534.17,0,1,0,0.3002749641906081,104.56625771458599,0
12,205.47,1,0,0,0.16205904406460261,221.151844705936,0
13,630.33,0,0,0,0.13411850627601615,6.57684763332194,0
22,482.19,0,0,0,0.13528410236097352,37.66825317899829,0
19,2475.64,0,0,0,0.03618146111173136,80.83288490537545,0
11,4479.76,1,0,0,0.08642087256297494,83.90114473793479,0
13,1192.69,0,0,0,0.07342178826222168,8.860021557399103,0
6,162.42,0,0,0,0.052129829571258175,19.542742387160725,0
16,547.69,0,0,0,0.2915296058507123,18.354216235471647,0
22,192.32,1,0,0,0.12467510641333875,8.13080769234876,0
19,919.72,0,0,0,0.17976928334697537,70.07529097660003,0
12,378.68,0,0,0,0.2763171414312267,57.32744690249985,0
14,450.79,0,0,0,0.18144794854684568,526.9898277757591,0
8,1218.86,0,0,0,0.4987345359071132,157.83893013901655,0
20,52.14,0,0,0,0.33618296629957783,77.54605150062277,0
21,939.06,0,0,0,0.17440095908663153,119.971383849003,0
10,372.95,1,0,0,0.2923424332926364,4.07388687294548,0
13,119.69,0,0,0,0.09254135773611562,68.55420501853592,0
18,112.73,0,0,0,0.12642390527723696,78.10926802080157,0
23,1857.6,1,3,1,0.7902926700779699,8.369489308721057,1
20,216.23,0,0,0,0.11291976623903334,164.471595815424,0
11,456.97,0,0,0,0.45200418593232594,446.71033227778526,0
20,570.13,1,0,0,0.1109109277344972,225.96621552150765,0
7,234.66,0,1,0,0.10132917107652678,519.8988072580185,0
14,751.13,0,1,0,0.20733791526686618,272.00297326324863,0
20,207.65,0,0,0,0.05112812145467775,272.51038814652793,0
10,429.36,0,2,0,0.15531276774627145,69.87248079204498,0
15,152.11,0,0,0,0.03552660934192782,81.27591049538397,0
14,484.47,0,0,0,0.06977910412518533,420.45075163381694,0
8,1412.14,0,1,0,0.08364592377590266,154.39681044445612,0
17,720.06,0,0,0,0.11246689561189566,126.23160248449386,0
15,260.66,0,1,0,0.0796746226300819,31.014477396426614,0
14,61.47,0,0,0,0.17608317905160958,641.8393839947698,0
9,82.31,0,0,0,0.03210836187149103,62.109084091715516,0
5,1857.6,0,2,1,0.8736313506607198,13.024052222545864,1
6,907.17,0,0,0,0.09545836468253724,78.69309704764976,0
4,1341.47,1,0,0,0.12335450370632652,170.21338234627208,0
8,91.12,1,0,1,0.3343886668802874,280.39541911889944,0
3,247.35,0,0,0,0.3169992723641953,33.12899576137936,0
9,141.78,0,0,0,0.34097839181195777,70.31202492510351,0
15,731.62,0,0,0,0.15176832713237157,64.111594939835,0
5,8974.44,1,2,1,0.9145499400030177,1.102341617223976,1
14,405.32,1,0,0,0.02770408012884082,255.4118445922286,0
13,81.26,0,2,0,0.10773658049519505,415.69280242679673,0
22,899.8,0,0,0,0.14248697528353912,23.628567382303604,0
12,341.48,0,1,0,0.005594289882573946,135.82314164220844,0
22,78.63,0,1,0,0.02247516943844834,17.67069050537708,0
14,462.57,0,0,0,0.1679089841871577,115.75336911567874,0
17,22.7,0,0,0,0.06190305881675658,101.96825882808707,0
15,1517.25,1,2,0,0.26107527046513596,108.91102726911319,0
19,86.66,1,1,0,0.30517514749564106,6.271320619551903,0
23,8974.44,1,6,1,0.891495745556471,2.0293962946824737,1
13,241.32,0,0,0,0.05847130074645922,517.275860951217,0
23,54.14,0,1,0,0.11889318683047065,373.28455408113064,0
11,48.32,0,0,0,0.11780466112436967,22.75520867169002,0
6,5576.91,0,2,0,0.16669047347387297,124.44159827355608,0
23,1324.37,0,1,0,0.00818747908150065,31.836712497107882,0
3,1857.6,1,1,1,0.6704518295403945,8.146102346338207,1
11,1342.15,0,1,0,0.05513674960302208,249.0827165102915,0
17,369.76,0,0,0,0.05890093634962903,26.7746943957329,0
15,1625.73,0,0,0,0.027282534108352092,104.00928009069766,0
4,561.15,0,0,0,0.14141511281897812,451.9069962028456,0
10,94.21,0,0,0,0.07367462126182625,137.05202549024764,0
19,960.45,1,1,0,0.047697253385836,156.12841984392952,0
15,2179.44,0,0,1,0.05937148522689617,303.9116933399769,0
17,198.42,0,0,0,0.17283339623423852,82.82316757534824,0
11,366.16,0,1,0,0.07605341164091381,99.32078568278845,0
14,579.22,0,0,0,0.05533043451200987,144.50377237783826,0
12,228.77,0,1,0,0.028688543807298846,45.39116985520134,0
14,252.59,0,0,0,0.040465794180035285,98.34610750555076,0
6,442.37,1,1,0,0.2136946912296045,133.39596195364263,0
20,449.44,0,0,0,0.06663916985652366,58.122893261218444,0
8,1656.05,0,0,0,0.2064835717756716,137.16253281029336,0
6,102.83,0,0,0,0.1920939650972903,55.62760488323435,0
17,251.82,0,0,0,0.2520878305521472,75.24465378966204,0
14,899.2,0,1,0,0.10270102469745443,27.676991188966,0
17,90.06,0,0,0,0.304233008548459,63.68391063310181,0
19,471.38,0,0,0,0.16500239346673443,156.34432440163565,0
20,312.36,0,0,0,0.39514629623448877,136.31235245825184,0
9,941.35,0,0,0,0.18326728086416255,375.92724428071267,0
22,267.24,0,0,0,0.0448439496354038,109.0168618620299,0
11,368.79,0,0,0,0.0008030593189220998,20.23563077109944,0
23,9899.53,0,0,0,0.16490548453420292,99.96977305145452,0
0,8974.44,1,3,1,0.8337721745555351,5.794693959654195,1
15,789.58,0,0,0,0.043851516346835887,12.848304901232217,0
8,133.12,0,0,0,0.03312849105857144,271.32126120661945,0
15,391.83,0,0,0,0.18495306453688654,151.23570283130385,0
11,228.49,0,0,0,0.06615490980505216,116.3705754737759,0
12,178.64,0,1,0,0.2631140532078691,274.56117744089886,0
14,536.29,0,0,0,0.2399626839252335,97.02787003974879,0
20,140.52,0,0,0,0.1868378611929276,2.060530382161923,0
11,231.92,0,0,0,0.1897181221385356,588.4001042462336,0
20,384.46,0,1,0,0.1605340399409541,45.54742872164207,0
23,8974.44,1,3,0,0.6852021612678937,3.997115367992579,1
19,1970.79,0,1,0,0.06343293930608915,151.32960850346728,0
17,303.29,0,0,0,0.21638111391102455,17.34887990658077,0
7,485.27,0,0,0,0.5638810175512502,274.51092033809846,0
22,382.34,0,0,0,0.17328226522017232,418.7475981647022,0
12,229.71,0,1,0,0.04298655336537116,228.16767080508254,0
21,181.81,1,0,0,0.015313961903185805,232.96063743881044,0
16,133.74,0,0,0,0.05024174919704666,81.70972379638056,0
15,887.54,0,0,0,0.12734224415427312,50.79880385095304,0
13,123.53,0,0,0,0.18062029060988669,29.6283583395029,0
11,190.65,0,0,0,0.272587182062522,50.867366739186664,0
12,888.29,0,0,0,0.13667247385219902,75.21854804781017,0
18,1119.71,0,0,0,0.22837328502320856,112.65464098067599,0
11,71.14,0,0,0,0.1997831902339886,17.668323411445435,0
7,318.29,0,0,0,0.17553372111310855,180.66354739756702,0
14,47.69,0,1,0,0.22913630195481868,198.2633002449609,0
14,318.96,0,0,0,0.014230745366867319,121.97963900908768,0
9,670.22,0,0,0,0.10965739980551277,712.0168053040333,0
16,1467.97,0,0,0,0.01654360388756307,36.892198988331934,0
5,4823.39,1,2,1,0.9300148620717524,6.756643630916493,1
11,143.17,0,0,0,0.10667471019513503,759.2111337396954,0
12,162.86,0,0,0,0.07504040879213313,173.60288367108987,0
5,76.84,1,0,0,0.2359664599212947,75.74882891614256,0
15,140.21,0,0,0,0.17699248930114,553.7995632099238,0
19,477.47,0,1,0,0.12233409678376787,11.213591300298745,0
10,238.4,0,0,0,0.26194445280771433,10.157762202249538,0
10,449.54,0,0,0,0.20499928930858133,342.8241927361168,0
15,4583.89,0,0,0,0.30254210377891455,26.405820457835663,0
13,171.93,0,1,0,0.14740657100257248,76.88058463590973,0
13,182.34,0,0,0,0.21700969346331755,305.4572856739821,0
23,115.98,0,0,1,0.14740447801891154,482.7245816679513,0
4,324.2,0,2,0,0.013045701018207326,443.9781763107829,0
12,294.19,0,0,0,0.26168921010837504,15.216808745486379,0
19,286.58,0,1,0,0.10730013647711155,31.610997468660578,0
17,529.19,0,0,0,0.23583857312034626,174.82382784733343,0
15,268.76,0,0,0,0.16320967617749058,29.365125170761736,0
13,8321.95,0,0,0,0.4281005718380506,26.836732442254096,0
13,317.34,0,1,0,0.1254343929668153,2.4029279468496516,0
9,144.6,0,0,0,0.07398311035838745,232.54075709663795,0
19,47.97,0,0,0,0.22688662404709448,321.6399616007734,0
8,62.66,0,0,0,0.18826872626590663,60.34488620609247,0
15,1248.09,1,1,0,0.07590741777090351,61.5478588997522,0
10,243.79,0,0,0,0.1055543199090684,185.81120242779582,0
14,1521.71,0,0,0,0.12166477549337422,173.04259656555797,0
14,2558.2,0,0,0,0.4138567263490002,286.8963021290669,0
17,194.41,0,1,0,0.23546349801901728,234.8822739992619,0
23,8974.44,1,2,0,0.5633047332944339,0.361568273785736,1
15,491.94,0,1,0,0.19545052003440228,215.30187038223633,0
4,8974.44,1,3,1,0.6401945728868926,5.06970030914873,1
14,602.97,0,1,0,0.33070490512228345,27.13596990952165,0
17,307.78,0,0,0,0.2595531546859115,476.7630022249536,0
17,533.06,0,0,0,0.07935852988214655,382.46123679093853,0
23,313.46,0,1,0,0.0676837078536537,416.56495731143156,0
9,444.57,0,0,0,0.018358292849037512,208.19289151911522,0
16,297.7,1,0,0,0.20427118176587117,98.45967412079686,0
14,391.64,0,0,0,0.16455514093283724,167.56919259793435,0
11,115.32,0,0,0,0.41721566179797814,301.8375501412389,0
15,1277.92,0,0,0,0.12726809294360197,20.75145034988322,0
22,461.64,0,0,0,0.006523080888551302,178.98989791514467,0
19,980.49,0,0,0,0.05981586792787139,1.0,0
23,1117.91,0,0,0,0.22783625240354907,776.0691083668454,0
19,270.35,0,0,0,0.03763766638248644,147.46260536177866,0
0,141.19,0,1,0,0.2796174183060794,161.34976677777937,0
11,147.41,1,0,0,0.11488616787272898,258.0797345142379,0
14,195.93,0,0,0,0.0029499937309448833,275.3832143172913,0
9,244.73,0,0,0,0.1844322158862717,10.120366412189835,0
16,494.8,1,0,0,0.3953217923353026,268.74689091135565,0
8,272.0,0,0,0,0.0506777018796004,20.08614530480926,0
15,114.54,0,1,0,0.1276528243057587,127.98477311523291,0
11,169.83,0,0,0,0.48554370950086495,26.12172330341725,0
8,122.67,0,0,0,0.025926833763581434,80.75157951123356,0
12,140.14,0,0,1,0.06598464480531839,81.24496880886396,0
23,8974.44,0,4,1,0.7722643419013359,2.0752017460927408,1
19,1519.06,0,0,0,0.025790128583727503,45.39232340491639,0
14,440.1,1,0,0,0.10484527864312448,111.95593119719426,0
9,309.05,0,0,0,0.05269379142687842,159.76750837311076,0
16,735.99,0,0,0,0.31712114424036314,16.262391838678205,0
15,458.27,0,2,0,0.08169762407225006,5.335970633478721,0
14,124.0,0,0,0,0.29104602894859577,219.6615592394574,0
15,121.94,0,0,0,0.20511234487792868,746.9306055842211,0
9,495.29,0,0,0,0.06807930738868552,391.34244885620865,0
5,1857.6,1,2,1,0.6345774074311605,10.871518864137233,1
17,604.58,0,0,0,0.17674065202695946,117.87909712662831,0
17,1809.08,0,1,0,0.10464248891879246,1.3398554249796941,0
16,2379.59,0,0,0,0.07899194475650048,1.0,0
15,248.45,0,1,0,0.14136169819107217,195.72415592974093,0
16,2270.96,0,0,0,0.06168344996881686,224.31992879026134,0
8,390.41,0,0,0,0.035556471943784015,258.82344080098073,0
10,3516.32,0,1,0,0.19244217215372528,47.54359374078295,0
18,2123.8,0,0,0,0.05117731212568364,173.84986272311875,0
3,1857.6,1,3,1,0.7112187481821246,1.4513389700737132,1
13,81.23,0,1,0,0.40947031397831346,263.52806250083705,0
8,691.77,0,0,0,0.016550829377182847,154.34408765793933,0
11,89.37,0,0,0,0.07773227639711867,126.8052562083805,0
13,1591.68,0,0,0,0.308847549685477,42.44417613187544,0
19,602.9,0,0,0,0.2530179079022154,19.76925391908292,0
17,229.79,0,0,0,0.16655513971031596,11.128008795590812,0
7,451.15,0,0,0,0.1814301109126245,806.1894528301212,0
12,477.55,0,0,0,0.0368291650947306,223.87334562097374,0
13,3090.28,0,1,0,0.08181899768207497,53.8009227302114,0
18,215.37,0,0,0,0.06827042183224706,89.2841551700843,0
10,933.77,0,1,0,0.2655612959001838,29.54928670668732,0
18,304.11,0,1,0,0.16139647325795328,91.62957740966236,0
12,235.27,0,0,0,0.10804547824987372,308.51193001504146,0
16,110.33,0,0,0,0.22045021355284833,169.61328040984125,0
8,331.91,0,1,0,0.01618254309001319,142.86588745057338,0
15,535.87,1,0,0,0.28316588370455736,16.81499266099671,0
1,111.13,0,0,0,0.08497099387932669,168.31551546392248,0
12,31.93,0,2,0,0.14534671414136774,29.597688282098847,0
16,461.27,0,0,0,0.40934843762465667,733.1490257691135,0
4,81.08,0,0,0,0.16802107905038008,7.145129709906524,0
22,4823.39,1,3,1,0.8108932463583108,5.534787890786061,1
7,587.55,0,1,0,0.11297135756697549,185.46898974475172,0
15,166.36,0,0,0,0.07644065510212836,546.0429696944191,0
6,806.35,0,0,0,0.526020462939104,79.00467912067457,0
1,4823.39,1,4,1,0.5346923584817285,15.004192153057684,1
8,1004.28,0,0,0,0.13972036740122895,298.9219297090446,0
12,352.81,0,0,0,0.20396133466872773,191.83253019970056,0
23,289.56,0,1,0,0.08115521323578569,75.55916978189666,0
13,280.0,0,2,0,0.0390206133567073,455.6254043887822,0
21,240.97,1,2,0,0.14793655299288655,60.427143546722085,0
10,941.21,0,0,0,0.19704356960913386,778.3743912749329,0
10,288.17,0,1,0,0.089763080474224,19.849460676968793,0
6,661.62,0,1,0,0.1004912138518559,54.75049224423232,0
2,8974.44,1,2,0,0.8784728130349405,5.092178883140743,1
17,2584.03,0,1,0,0.08051140273874742,127.57473639741701,0
23,571.76,1,0,0,0.18202078343543818,235.56851448821217,0
11,337.53,0,0,0,0.35596038654715173,33.11224760100285,0
16,459.46,0,1,0,0.08375820990012041,90.59545226912975,0
8,696.91,0,0,0,0.20629097726099288,174.60227358713115,0
17,44.59,0,0,0,0.20672688444121726,22.30961662063695,0
3,4823.39,1,3,0,0.6381285975555447,6.248900978885371,1
13,101.98,0,1,0,0.1269868961984388,256.11431697721093,0
13,357.12,0,0,0,0.007060305589148628,456.2033826937835,0
13,280.32,0,0,1,0.3769756490918029,102.65847487809296,0
8,823.21,0,0,0,0.4140943292293502,1.0344498132140418,0
18,202.25,0,1,0,0.0977878916532261,11.448945654514757,0
19,445.7,0,0,0,0.03948447512693577,37.75473242718734,0
14,239.48,0,0,0,0.09361330090584379,107.88516556985623,0
23,1299.69,0,0,0,0.06847202444880084,228.65128952773313,0
17,172.36,0,0,0,0.21170076338408048,154.48197590580077,0
0,8974.44,0,4,1,0.9205990319356018,2.8530460683531267,1
7,232.69,0,0,0,0.09037778548235215,179.62466581436163,0
13,837.58,0,0,0,0.01292663398754195,77.0995974847011,0
17,127.26,0,0,0,0.2177604156423589,358.521785954402,0
13,306.98,0,0,0,0.21314310705771977,126.3940821737906,0
7,595.31,0,0,0,0.2748319510991116,123.85938825492441,0
8,606.43,0,0,0,0.15769322086113266,49.58267811258553,0
8,831.51,0,0,0,0.22835566392905066,26.898175565724564,0
9,1624.35,0,1,0,0.15168494815935948,220.42531058677505,0
20,322.7,0,0,0,0.33918697860341823,91.0969921003421,0
12,2250.36,1,0,0,0.08726438148450151,323.57446765917473,0
16,107.27,0,0,0,0.07872347441767687,182.3915639454478,0
11,73.99,0,0,0,0.10363067994030298,652.5608815842912,0
11,1332.95,0,0,0,0.02016158339169781,163.6674925398099,0
15,345.04,0,0,0,0.07777729820834749,62.49788365513908,0
10,126.82,0,0,0,0.49570314507720287,46.172332738987706,0
19,121.08,0,0,0,0.2637297797538006,690.0362085728334,0
13,211.07,0,0,0,0.09371849521136169,58.23548844427836,0
7,709.14,0,1,0,0.31088766667881423,26.746929829022413,0
22,55.29,0,1,0,0.027375731881386825,356.27045719478616,0
17,52.07,0,0,0,0.08008645677164082,288.00456341681775,0
15,81.12,1,0,0,0.24227480268487783,150.18588357376441,0
13,162.85,0,0,0,0.06084567220598521,177.38800582286058,0
11,1049.84,0,0,0,0.15375034932403728,3.2720291207753425,0
5,523.75,0,1,0,0.09492666047628794,80.56917264885345,0
15,1448.31,0,0,0,0.062481324047462476,444.1600961490595,0
9,806.31,0,0,0,0.1512408128348256,285.09683470126913,0
14,1173.19,0,0,0,0.4885692572142694,119.48366600067635,0
15,268.49,0,0,0,0.31621658016856086,60.618736455057025,0
19,1122.13,0,0,0,0.048911136687754035,138.13056167405801,0
11,2363.58,0,0,0,0.16279896670978913,332.2837792937224,0
10,943.18,0,0,0,0.26663512701764813,304.2046977154215,0
0,399.29,0,0,0,0.16857044741935553,54.29885327484963,0
17,197.13,0,0,0,0.08013707526853638,301.42315944204245,0
17,513.37,0,0,0,0.21226703106718772,19.447447243623447,0
17,331.42,0,1,0,0.1703664269013804,45.78632042441578,0
13,246.5,0,1,0,0.06098287488092284,64.60336152711265,0
15,410.4,0,1,0,0.2648072601723311,45.15595923557112,0
19,721.88,0,0,0,0.16968967762735193,70.7719501682791,0
14,1877.52,0,1,0,0.18572901473571155,178.25039940083542,0
20,156.39,0,0,0,0.27943934583613006,30.085843582991306,0
3,4823.39,1,2,1,0.9179955126051766,4.9128533132368855,1
13,566.48,0,2,0,0.06501830458330381,111.68424191905848,0
12,1447.48,0,0,0,0.14818659649892288,99.30258928020761,0
15,1024.61,0,0,0,0.10802992446403249,709.5798857688776,0
10,1146.44,0,1,0,0.0426279981012605,421.5220163663637,0
23,4823.39,0,4,1,0.9770474413044564,5.859111776151063,1
7,118.68,0,1,0,0.11031451627236147,31.46066357383637,0
7,274.14,0,0,1,0.27718917381673935,448.35793219216083,0
4,1857.6,1,3,0,0.8943358590322724,2.0114151729307177,1
21,566.34,1,0,0,0.2082174463020613,173.47479618221496,0
14,2304.32,0,0,0,0.020715214900585758,178.2343955796161,0
13,487.86,0,0,0,0.15702796091112484,4.705556039461059,0
10,233.51,0,0,0,0.07009477153804099,243.55661563089757,0
17,529.41,1,0,0,0.21120663167951984,26.492146552296536,0
15,547.59,0,0,0,0.12923490116740613,230.02897024628936,0
16,91.8,0,1,0,0.2592011864582203,211.9745773553915,0
11,239.58,0,0,0,0.17898796056297733,544.5222548194566,0
17,125.33,0,1,0,0.16339765384055616,80.9640043026741,0
8,369.25,0,0,0,0.3244500200699024,365.003029862407,0
18,216.17,0,1,0,0.19946285979126518,120.10763904529493,0
16,359.48,0,1,0,0.05712290527403228,113.31113563133412,0
18,404.13,0,0,0,0.08797679348437028,1.0,0
22,692.64,0,0,0,0.3497219149824484,401.99440964844644,0
20,692.21,0,0,1,0.11924431505810865,594.0938165787389,0
14,70.17,0,2,0,0.25641680403048295,193.30776295579923,0
5,230.61,0,2,0,0.04315762222082865,288.5271267434456,0
11,811.76,0,0,0,0.028484827965866332,67.70550086235941,0
14,107.62,0,0,0,0.10157331033968742,485.1543929131441,0
12,403.62,0,2,0,0.06230167426254981,17.431127859133138,0
16,324.03,0,1,0,0.1257771877899869,30.501809554490396,0
10,94.35,0,0,0,0.2286707937145268,376.55453888092114,0
12,855.41,0,0,0,0.31905919415070233,265.4881718277269,0
19,104.22,0,1,0,0.006710436403872568,496.6808214245987,0
7,247.88,0,0,0,0.052633665355443914,373.4234436375269,0
19,254.4,0,0,0,0.09563051290637044,28.012037909601656,0
15,1937.09,1,0,0,0.0281145713512263,264.1744399460899,0
16,976.95,0,1,0,0.20311212707207113,25.38224558113672,0
13,1114.21,0,0,0,0.08009756736759885,40.489576953445116,0
16,954.12,0,1,0,0.06362811540188269,379.6528442279792,0
14,532.22,0,0,0,0.2159729005617843,61.30118921071734,0
6,714.78,0,1,0,0.15580573217896113,454.51345799177955,0
11,91.35,0,2,0,0.10781127800333556,135.7033390896984,0
14,948.19,0,0,0,0.23031806527479812,15.794614152775498,0
18,65.67,0,0,0,0.1935012122907409,862.5542063999616,0
8,260.52,0,0,0,0.10248099458913094,88.47752134479303,0
14,1025.9,0,0,0,0.09528216738890898,69.16215072820626,0
0,599.93,0,1,0,0.1442490822471982,19.973350599589427,0
7,834.11,0,0,0,0.11889352837122441,322.1512332662379,0
23,293.99,0,0,0,0.20290369720179138,17.62386797934734,0
10,153.36,0,1,0,0.4069584722440091,324.47919605090476,0
15,996.3,0,0,0,0.0695567962092775,71.48262148123317,0
16,379.68,1,0,0,0.11314136569655543,4.788205289286516,0
15,513.84,0,2,0,0.14841616802357305,124.76519609649974,0
14,479.14,1,0,0,0.23749790317924147,303.6094885264488,0
11,382.34,0,0,1,0.04503260403881336,430.75772373219206,0
15,241.6,0,0,0,0.06267558275155269,45.74027343956333,0
18,309.95,0,0,0,0.11247766815874755,217.6147145334193,0
3,4823.39,1,1,1,0.7842827740709823,1.980445672143676,1
12,952.65,0,0,0,0.19546094218890395,118.01013807312702,0
11,515.33,0,1,0,0.05164743329240107,241.7924933987813,0
3,8974.44,0,3,1,0.6527995668788481,1.0500405259292254,1
12,1010.08,0,0,0,0.11840117498864532,60.49809257650694,0
5,606.25,0,0,0,0.17456799946315557,461.98955888948467,0
7,127.91,0,0,0,0.09469270995128898,113.2044675667327,0
20,1983.69,0,1,0,0.06638731929012591,77.81439449027926,0
8,1025.83,0,0,0,0.09351882661228572,60.86805373645897,0
14,579.08,0,1,0,0.04031917592228345,111.38910119407598,0
7,474.22,0,0,0,0.10202883148181995,382.951508589131,0
15,478.24,0,1,0,0.11481911439199934,77.23718963458559,0
14,122.29,1,0,0,0.27777993926100986,127.85853307230141,0
10,610.66,0,0,0,0.11870039929119555,350.3140982736068,0
10,716.58,0,0,0,0.0093171614313237,113.33045619820759,0
15,97.54,0,0,0,0.2444534457327055,37.3701605176606,0
10,523.98,0,0,0,0.020169610933765146,130.84705314674207,0
12,519.47,0,1,0,0.16661979275067595,69.59821693614552,0
12,1648.2,0,1,0,0.05983467762104562,177.7022343621773,0
20,128.44,0,1,0,0.12405738374888944,27.487640299519644,0
17,826.34,0,0,0,0.07173441730883123,27.927626097175825,0
6,78.84,0,0,0,0.2397421707546695,4.122955581465778,0
22,1784.74,0,1,0,0.04899278046935099,104.21140166666105,0
15,331.7,0,0,0,0.31762029386314933,211.65641769017446,0
13,294.88,0,0,0,0.029350128257942157,386.30233623081466,0
9,837.36,0,0,0,0.2798269638431955,102.89981421951954,0
15,732.41,0,0,0,0.15989578952327962,9.257765524901002,0
12,125.72,0,1,0,0.18947350453214343,486.58699907950603,0
15,1800.76,0,0,1,0.022676582889944532,1.0,0
5,4823.39,1,2,1,0.7927121007235993,4.955638941456483,1
0,230.76,1,0,0,0.2995705421308364,371.13419155415465,0
6,1083.94,0,0,0,0.0754695925941184,268.8360523893596,0
11,225.61,0,0,0,0.3203062520477318,243.34152436259316,0
19,494.28,0,1,0,0.08130190639223467,1.0,0
7,580.25,0,0,0,0.10321431794788156,96.37797540869994,0
10,232.21,1,0,0,0.12855419126427856,18.822089405187235,0
13,422.0,0,0,0,0.04351135640118202,410.4908238088879,0
18,621.04,0,0,0,0.2183362437997819,81.9451822979465,0
18,373.72,0,0,0,0.39776224106193087,507.99082526629735,0
6,157.55,0,0,0,0.2913266119434979,21.504606456145673,0
19,347.18,0,0,0,0.019442907883685436,745.1547191423422,0
16,641.02,0,0,1,0.20596557039744925,217.6327162499103,0
23,594.96,0,1,0,0.03898961542087487,41.151281711610615,0
9,888.52,1,1,0,0.2467372148084853,77.49801101365384,0
8,517.09,0,1,0,0.07191684644996195,8.746406751924697,0
19,936.41,0,1,0,0.14665037880893028,33.38715229771804,0
18,1301.54,0,0,0,0.2485891336516192,73.6196883199892,0
15,183.09,0,0,0,0.2676781625928769,305.2015602659483,0
5,458.73,0,0,0,0.23623910787895439,37.989370209022105,0
14,319.87,0,0,0,0.07218570861908648,206.32942592842628,0
17,2396.97,0,0,0,0.19751974750727158,12.09100043447796,0
13,159.55,0,0,0,0.13679875627566015,1.6400896123738855,0
23,98.87,1,0,0,0.07530259375345388,54.06244524978735,0
0,8974.44,1,2,1,0.9366794027496831,2.3049423523294617,1
8,28.46,0,0,0,0.046170427279204014,1.9278604301658455,0
3,8974.44,1,6,1,0.7421764910480932,4.400055293936549,1
19,142.97,0,0,0,0.10877035582721965,94.24085717208192,0
9,2081.63,0,0,0,0.2779506693052226,18.368828209622013,0
7,68.82,0,0,0,0.22218389003184208,205.05490157930808,0
3,412.12,1,0,0,0.4912464648658304,84.9159742426307,0
11,450.71,0,0,0,0.15876257300545066,73.96346292098382,0
20,287.93,0,0,0,0.11832025287125744,158.606890786813,0
18,376.84,0,1,0,0.16267749886569033,61.138827482826585,0
14,623.39,0,0,0,0.24039970588432483,20.02113541215113,0
12,110.02,0,0,0,0.0977308641893807,198.36142249758038,0
11,153.16,0,0,0,0.38375447839496307,192.14475244833108,0
14,329.02,0,0,0,0.25333182466776305,818.9094726787088,0
13,323.27,0,0,0,0.03724526025084431,8.087162287078922,0
9,1258.48,0,1,0,0.38535840791504095,89.08290802461842,0
11,592.22,1,1,0,0.16018725715837764,93.62202709905026,0
18,236.39,1,0,0,0.14410855775238313,330.65092434969824,0
20,299.3,1,1,0,0.06600085669582881,160.48113747442784,0
15,204.17,0,0,0,0.1402732580279789,164.79950189649193,0
13,1279.71,0,1,0,0.07412054491643942,199.23804754459994,0
11,139.08,1,0,0,0.07300927273869598,372.8023613206574,0
10,471.14,0,0,0,0.07593692076678497,382.78792866485975,0
12,153.84,0,0,0,0.1714649790393278,51.84765114077623,0
15,899.72,0,1,0,0.18785498495955358,13.087276884273246,0
14,844.11,0,1,0,0.024538430969394974,303.35215801512845,0
23,80.12,0,0,0,0.1308350034382449,1.0,0
16,3254.24,0,0,0,0.13653931796910823,41.33677334024147,0
7,4263.3,0,1,0,0.12371123393349229,98.18594072952314,0
17,108.71,0,0,0,0.09375824527792818,8.297956186829866,0
10,595.14,1,1,0,0.2155995798321001,111.19595148893185,0
13,171.91,0,1,0,0.047383443782835225,117.36478508539439,0
0,1857.6,1,0,1,0.9428863021748449,7.315078936912318,1
15,509.6,1,0,0,0.2711965397199725,177.9479938593211,0
18,452.13,0,0,0,0.038473394954298024,4.0777616414488875,0
9,577.27,0,0,0,0.06099786443422505,2.451313816765627,0
20,1187.46,0,1,0,0.047511228912238974,82.67339364553774,0
10,122.24,0,0,0,0.009499791412423665,50.16327656276587,0
16,7210.43,0,2,0,0.07137740241812905,440.369706230934,0
2,4823.39,0,2,0,0.9612424289890843,1.4188747165870776,1
0,1857.6,1,4,1,0.708115721295573,2.4104072592049333,1
16,219.39,1,1,0,0.0914714147719194,309.7680938178382,0
2,338.23,0,0,0,0.06103713035996428,628.2054494176889,0
12,411.87,0,0,0,0.17482534373093103,1242.20528193232,0
8,1398.76,1,0,0,0.07125977460059173,301.36135585843874,0
15,1451.18,0,0,0,0.32290534906504303,74.26254093185088,0
15,340.03,0,0,0,0.22189172679461677,270.9497647345822,0
8,457.78,0,0,1,0.06427979912394075,74.2177649236562,0
12,559.39,1,0,0,0.11754318545865002,100.89014532334737,0
19,380.92,0,1,1,0.17304381525989754,662.574356508579,0
7,875.01,0,0,0,0.09294081707821612,227.26279653636618,0
23,8974.44,1,3,0,0.8491492896354735,3.5350131061488077,1
13,183.6,0,0,0,0.08105276235335307,931.8158813418581,0
20,2401.52,0,0,0,0.3210805607882088,112.94885325668514,0
18,84.66,1,0,0,0.23176173566212077,234.50004767452378,0
14,72.95,1,0,0,0.4822369565633524,127.32710590313363,0
19,1823.22,0,0,0,0.15190205919872604,195.43570125171405,0
16,1261.46,1,0,0,0.19454567219497512,3.8522313119570972,0
9,1176.23,1,0,0,0.11173794615058827,191.33658118245808,0
0,4823.39,1,7,0,0.8838000609424955,1.3184852244972851,1
15,400.79,1,0,0,0.1875738162151758,719.2664437437687,0
13,699.02,0,2,0,0.12644788066269025,161.5428080722019,0
4,1857.6,1,5,1,0.6461297819999909,22.6481300756617,1
10,611.62,0,0,0,0.07388594864902598,340.28522630364745,0
13,1452.42,0,0,0,0.16273804377268614,1.0,0
11,264.59,0,0,0,0.038153445371996025,39.45913550286534,0
22,1804.76,1,1,0,0.29368294116834914,3.468683237635435,0
23,1857.6,1,8,0,0.7365346938339833,3.664218238620302,1
18,505.52,1,1,0,0.045677920791399734,54.09078258029466,0
20,328.32,0,0,0,0.1143855242683481,107.0678951043162,0
12,704.76,0,0,0,0.08420644848585429,93.31922714393073,0
18,351.84,1,1,0,0.03707683139985947,169.51760320558324,0
14,871.41,0,0,0,0.12623889622501844,298.1827131283561,0
14,3293.91,0,0,0,0.15623927757532471,407.4583591227599,0
8,322.01,0,0,0,0.09520337627482041,97.58879006932648,0
11,634.41,0,0,0,0.11798187330764286,22.3653671023708,0
19,177.36,0,0,0,0.1610372884723222,180.80946001924,0
18,483.41,0,0,0,0.15496567022166782,35.98827079140204,0
22,228.83,0,1,0,0.08477021309559123,4.934429922056828,0
11,1055.98,0,1,0,0.06811278089938262,90.0087764598624,0
16,969.78,0,0,0,0.28064226264275094,150.16991485913724,0
22,145.43,1,0,0,0.3894214001071939,75.93064929289038,0
16,553.21,0,0,0,0.10615443473739938,132.4957756313284,0
10,127.28,0,1,0,0.5008047183722765,40.458893734501736,0
11,3043.74,0,0,0,0.41253267011984623,11.14818258183606,0
14,236.2,1,0,0,0.0789518333039641,122.8871449223967,0
11,439.54,0,0,0,0.1605571878945919,76.00005779028518,0
9,988.51,1,0,0,0.29824558299120274,197.1705811461146,0
6,1407.07,1,0,0,0.04757657798508929,181.93906207671262,0
13,73.47,1,0,0,0.024105298326471743,3.2581749270036298,0
18,496.06,0,0,0,0.1090441091360112,450.4751688755024,0
16,119.21,0,0,0,0.0914690218305169,321.97414126062733,0
10,361.66,0,0,0,0.09655802024975232,30.95026307525155,0
15,535.57,0,0,0,0.097797231481467,523.7835190014488,0
16,1578.58,0,0,0,0.15541342172620845,66.76925561771286,0
8,587.72,0,0,0,0.3551726661308932,84.44199526856943,0
16,1313.6,1,0,0,0.28948954660742204,58.803815264038626,0
22,1857.6,1,2,1,0.48879553706060114,5.176466865071386,1
11,1839.53,0,1,0,0.15647307837134788,53.87189187139584,0
22,269.66,0,0,0,0.09940462278065634,78.43124475649465,0
10,706.48,0,1,0,0.16862944106848485,30.097484501982503,0
15,306.93,0,0,0,0.2439175073464455,114.6802329564514,0
7,179.45,0,0,0,0.20116720051232126,423.02381650185555,0
0,8974.44,1,7,1,0.9591704819555698,4.166207132708364,1
21,277.17,0,1,1,0.08414070620939637,229.79534478661182,0
19,356.64,0,0,0,0.10423218706797284,239.66543118347806,0
14,1193.13,0,0,0,0.09051087206755049,48.56144490299108,0
16,2653.3,1,0,0,0.04394282857610466,52.818896581018684,0
5,144.18,0,2,0,0.08464760882314573,33.111666080727936,0
8,193.57,0,1,0,0.30261887977081225,70.65185865562454,0
11,90.38,0,0,0,0.2528496777725876,156.77841754978374,0
16,681.96,0,0,0,0.257619134342378,10.543245481512514,0
11,518.64,0,0,0,0.2557830725299095,617.5845227087192,0
13,1277.03,0,1,0,0.01917222264281454,668.3852084777055,0
9,717.32,0,0,0,0.23143985368847586,68.07524933989605,0
12,98.92,1,0,0,0.042882191191614516,33.934943371476194,0
15,2859.28,0,0,0,0.1919017058534457,122.66630683402806,0
15,487.18,1,1,0,0.05984560480861636,26.71327052005886,0
9,1725.96,0,0,0,0.15546853927798598,60.657441084814245,0
11,229.7,0,0,0,0.008381481502245493,251.4717183584779,0
4,8974.44,1,6,0,0.5850170217031817,5.269135747125498,1
11,39.23,0,0,0,0.1528034175431785,66.80057102397167,0
10,184.64,0,0,0,0.0393119309662758,678.3940425702172,0
20,813.35,0,1,0,0.2533086062915711,206.8050178612515,0
15,205.19,0,0,0,0.12343712950918435,133.58224572294446,0
10,951.25,1,0,0,0.19514857483942522,151.1700941847004,0
16,298.5,1,0,0,0.10197488481911754,875.0511753748524,0
13,311.78,0,1,0,0.13146061977378953,3.4172309406928174,0
4,42.49,1,0,0,0.17135565155289903,36.70630626328073,0
21,219.18,1,0,0,0.11376099854504537,40.97219938842325,0
19,79.45,0,1,0,0.2551627298571079,33.18904846744352,0
12,71.71,0,1,0,0.5600701002702496,572.8657304082245,0
16,52.68,0,1,0,0.018243623643356032,323.5575755359585,0
16,231.27,0,0,0,0.14742425726615394,45.82259703780119,0
23,842.2,0,1,0,0.029054031714760807,245.55993537705436,0
12,1299.88,0,0,0,0.20652146693404358,17.85736416819874,0
9,105.12,0,0,0,0.20996758933859785,31.7499198588695,0
14,2779.69,0,1,0,0.03142742657123954,239.74155052933446,0
11,218.85,0,1,0,0.02925149859265717,102.30022560876701,0
12,402.01,0,0,0,0.2948239971868748,308.60286129733277,0
17,69.76,0,1,0,0.1564976596166644,36.788899242335305,0
8,106.74,0,1,0,0.20167980265119909,20.805618256572803,0
12,182.84,0,1,0,0.07977394872236135,139.39093513173157,0
14,502.11,0,0,0,0.34792826467877236,10.01011648819057,0
17,1722.6,0,0,0,0.09044600833780198,198.70591378383529,0
13,110.02,0,1,0,0.14897490267932437,40.407086420108655,0
17,734.12,1,0,0,0.213617924289643,63.853468771897475,0
15,990.46,0,0,0,0.07269189305161357,67.70905580454422,0
18,370.99,0,0,0,0.024281857691084714,825.6385704628443,0
18,174.35,0,0,0,0.17382370957746224,263.2678334592722,0
18,2161.01,0,0,0,0.0923150949095203,328.3529167763515,0
11,96.41,0,0,0,0.04255721936664301,31.851664039728867,0
9,351.96,1,1,0,0.1367072971341186,454.02010386440816,0
15,809.57,0,0,0,0.12287569141722024,58.504161548971,0
12,614.3,0,0,0,0.15364377268108462,408.7497703339196,0
20,289.07,1,0,1,0.16114071272826277,386.8232173276241,0
22,497.89,0,0,0,0.19673883639064874,5.755945994583006,0
15,310.71,0,0,0,0.3186197070172412,92.60350717521183,0
19,481.79,0,0,0,0.1640796770612137,4.844136073508671,0
1,333.82,0,0,0,0.11024145303948464,27.776115569161654,0
20,344.5,0,0,0,0.36768303606520036,45.67571756463344,0
6,1431.88,0,0,0,0.1875412397925514,183.37945544473016,0
15,403.95,0,0,0,0.2510987508044553,160.6363195491573,0
13,429.73,0,0,0,0.07121954585312605,179.59873781449465,0
19,906.46,0,0,0,0.06489530319610078,41.900056799765025,0
23,935.81,0,1,0,0.15588857339841214,196.95727078095013,0
19,365.84,0,0,0,0.04299698173771047,65.98310845897615,0
10,227.84,0,0,0,0.2527483797310985,57.791939789602274,0
7,128.46,0,0,0,0.007635148377163199,207.3778120115385,0
23,881.61,0,0,0,0.21271980331574222,123.20802095849936,0
11,561.73,0,0,0,0.2354237765163105,1.0,0
10,125.67,1,0,0,0.21035431967226434,26.302800910848106,0
20,1565.63,0,0,0,0.18097436304707465,22.19913563793566,0
13,1560.35,0,0,0,0.18428337377273718,466.2942365172174,0
13,77.68,0,0,0,0.008051054278955217,24.886899702503737,0
13,483.05,0,0,0,0.016495935674475472,5.269458944428452,0
13,1189.72,0,0,0,0.32269805691779924,168.87358024174108,0
17,69.63,0,0,0,0.14273318103530905,86.18775598248078,0
12,567.04,0,1,0,0.06314768406018047,159.86007446221032,0
21,807.8,0,0,0,0.19568182295467443,7.797911064633582,0
11,614.34,0,0,0,0.042839084731555455,16.71988661769541,0
14,182.22,0,0,0,0.2847508410650618,36.34140022733959,0
5,4823.39,1,4,0,0.7852560105351661,16.826418129565692,1
15,205.44,0,0,0,0.15465652244859532,265.4267614023049,0
17,277.79,0,1,0,0.3419211514516919,203.13312927591133,0
8,2775.38,0,0,1,0.12770523886849136,285.2898538858542,0
11,778.12,0,1,0,0.17938628427231598,109.90820472815811,0
19,165.18,0,0,0,0.04022353391400159,52.190793184244605,0
13,640.73,0,1,0,0.12003284362980761,91.85226960988722,0
6,194.94,0,2,0,0.10440132776875699,124.54592764321026,0
19,557.03,0,0,0,0.09597219248333869,69.90286986722909,0
5,8974.44,1,8,0,0.7049698672214408,14.462900905021675,1
16,366.01,0,0,0,0.20620911582558285,47.52554874023054,0
21,72.93,0,1,0,0.1060033959946769,115.52929611994193,0
19,357.41,0,0,0,0.0211413958590539,37.083495098393136,0
15,281.34,0,0,0,0.056337817622297046,81.79914063168019,0
17,186.38,0,0,0,0.051956015140365346,15.257704457994826,0
17,1081.01,0,0,0,0.36808329085038094,24.30307214508652,0
12,98.01,0,2,0,0.1613770685703321,149.2814800753819,0
11,1785.23,0,1,0,0.12583443757081345,498.04398303639033,0
18,554.1,0,0,0,0.1656260426761924,20.4616888762922,0
15,2085.61,0,1,0,0.36410563817677005,431.36235141288034,0
20,1395.58,0,1,0,0.03624883727965683,125.21760622826818,0
22,316.54,0,0,0,0.07737731043941674,34.48603693549245,0
3,1857.6,1,2,1,0.7714989527649512,6.907325017974039,1
14,133.25,0,1,0,0.33778711640074754,276.4955367785322,0
7,219.93,0,1,0,0.3152240276967693,131.27602951893977,0
19,721.19,0,0,0,0.13020965464211162,59.19761129780478,0
13,1205.2,0,0,0,0.05624305768800444,54.04935976097538,0
14,59.79,0,1,0,0.30801184398573533,537.5088865366681,0
13,206.19,0,0,1,0.05801965613361338,36.771056023527805,0
16,973.16,0,0,0,0.03187779768190439,31.906581010810225,0
23,116.66,1,1,0,0.14412517254307017,180.9689432922163,0
14,1212.93,0,1,0,0.15775602234539654,238.4352876242541,0
15,583.43,0,1,1,0.03630751472144301,533.7147065987785,0
13,330.7,0,0,0,0.2243038102800807,88.3803187735017,0
12,264.11,0,0,0,0.2501934234578288,360.7146668323129,0
21,1738.56,0,1,0,0.18502413654280872,950.7145593799742,0
23,336.72,0,1,0,0.07289659759471508,105.76726481896374,0
18,482.18,0,0,0,0.06969017735153822,447.9102126007306,0
13,962.17,0,0,0,0.14254823202469122,8.229754227875171,0
19,402.3,0,0,0,0.08770918314899709,74.98540294537254,0
8,228.81,0,0,0,0.04698360991435085,150.2796514802146,0
10,57.2,0,0,0,0.3369980507845178,177.79188758831032,0
13,646.8,0,0,0,0.2899060311347498,6.010132485712697,0
0,236.97,1,0,0,0.053759561682237965,357.880123258341,0
18,808.64,0,0,0,0.04479179267971664,470.64336335454084,0
13,95.38,0,0,0,0.14092682090721317,12.334099650862242,0
15,337.23,0,0,0,0.18082598838958092,108.08245559683758,0
16,1217.86,0,0,0,0.1362809885819604,281.4468790088514,0
23,86.62,1,0,0,0.26145667191996286,172.02882129729943,0
15,719.89,1,0,0,0.06633835497027274,779.8349189441877,0
18,1685.07,0,1,0,0.08754717946285981,24.40083409442002,0
18,262.3,0,0,0,0.18870553800882728,20.691413233164344,0
22,1064.85,0,0,0,0.1270996132061559,103.63964434516889,0
17,929.3,0,0,0,0.2556831057863458,155.24871450031665,0
8,206.18,1,1,0,0.3259955927304608,37.15482283870888,0
10,1993.1,0,1,0,0.044466811740363085,16.804237180892898,0
10,495.26,0,0,0,0.24600001950618544,48.16398774063136,0
15,121.42,0,0,0,0.08665658664055376,456.8086692097939,0
19,5977.46,1,0,0,0.22400586726863042,187.78398119039284,0
13,790.64,0,0,1,0.03347724885095721,354.9528462281525,0
15,667.56,1,0,0,0.3629885062659696,8.35645548863043,0
15,521.58,0,0,0,0.07511388121007424,192.89422568150027,0
16,246.24,0,1,0,0.10391074188860895,232.29296618960294,0
16,35.47,0,0,0,0.11485361439305898,85.48063175655389,0
4,1857.6,1,4,0,0.825838507318671,2.29121497362597,1
14,195.36,0,0,0,0.3251026238911344,103.59358708305967,0
5,614.58,0,0,0,0.11814666212380961,330.65304146116307,0
20,395.27,0,0,0,0.27443481900862177,98.66386443628076,0
10,123.21,0,0,0,0.4229126783427787,106.10401931580226,0
15,76.2,0,1,0,0.0862869349566624,627.1284403499595,0
15,307.79,0,0,0,0.09783809390392656,96.43492467232417,0
13,164.45,0,0,0,0.1292292987881744,98.91109963506136,0
13,241.68,0,0,0,0.07486759365163276,218.91967771674217,0
8,1502.76,0,0,0,0.01937208447930475,354.70653320364283,0
15,3333.73,0,0,0,0.14630904471045816,88.01769093141978,0
5,165.42,0,1,0,0.029853937823499817,281.9347286068542,0
16,1634.39,0,0,1,0.11516836078431783,79.67790260137717,0
7,392.46,1,0,0,0.12015928519668928,344.3410954591726,0
14,378.05,0,0,0,0.2023223010162428,255.18475668781787,0
14,136.57,0,1,0,0.12051685264190508,29.944532606465113,0
15,814.58,0,0,0,0.10921363599881125,25.838723229253535,0
12,584.29,0,1,0,0.4546797903971128,467.9922766402352,0
8,257.32,0,3,0,0.1287973395023865,42.267704754828074,0
8,1903.95,0,2,0,0.16581850295089276,27.486574338845198,0
15,199.1,0,0,0,0.2537616593796366,11.455023743342617,0
13,134.38,0,0,0,0.02860637282232115,100.15553899990627,0
14,590.34,1,0,0,0.030427638639049143,46.69011862107784,0
5,358.68,0,0,0,0.21313788971944572,91.90279187143554,0
11,506.32,0,0,0,0.15167153768686542,172.4272434025223,0
14,123.87,0,0,0,0.29925785741412086,607.3701842892385,0
18,209.76,0,0,0,0.17610069045028653,159.91944543139468,0
11,775.28,0,1,0,0.34754135575230527,147.7336941580987,0
17,263.92,0,0,0,0.006648971573186113,117.26591974917146,0
21,228.74,0,0,0,0.4502829902038374,240.3398237526904,0
19,1381.95,0,0,0,0.05879371781653341,160.72729889858834,0
13,334.8,0,0,0,0.26928043751386366,133.6757501474453,0
13,692.1,0,1,0,0.11912621705898435,55.910296396263064,0
17,834.42,0,0,0,0.014272186182187122,701.5036283322287,0
5,1857.6,1,4,0,0.5804778949731689,32.001755996166864,1
20,267.95,0,2,0,0.2464712043332959,270.26290367525985,0
13,138.53,1,1,0,0.24703255064813762,330.5831744956522,0
16,1602.7,0,0,0,0.14759446596851766,283.465660944312,0
15,464.53,1,0,0,0.3932687026994506,152.68775105639497,0
21,533.5,0,0,0,0.04978158842924979,99.6255048929185,0
9,2272.11,1,0,0,0.15400975124579813,73.51504977159738,0
13,386.53,0,0,0,0.2813455143293018,144.75204170499634,0
12,1197.5,0,0,0,0.29490297162736345,39.697552917803655,0
12,80.32,0,0,0,0.19614222342280613,309.7059690156216,0
16,235.86,0,0,0,0.13964559874691992,133.38872902886516,0
15,784.63,0,1,0,0.6789793344442043,31.069182550350334,0
13,121.11,1,0,0,0.1559512132675646,396.2239273360116,0
17,134.36,0,0,0,0.038106314990369525,204.1472481512436,0
4,80.02,0,0,0,0.1977731436175532,163.157486046327,0
11,95.36,0,0,0,0.1421308900898546,75.21864332156949,0
4,2551.16,0,1,0,0.08031170996937458,179.36261766511396,0
16,414.84,0,0,0,0.07571475895735452,241.35304335835386,0
2,260.31,0,0,0,0.20467422156351475,2.932187699376493,0
21,336.14,0,0,0,0.17748135709354362,10.45434423232108,0
16,1093.68,0,0,0,0.15746437839000468,250.12856431307233,0
1,4823.39,0,1,1,0.7967669684700099,45.058294197511536,1
11,775.05,0,0,0,0.034365739768609044,67.78977942085572,0
16,621.24,0,0,0,0.5224361422797303,53.97608676883401,0
5,208.95,1,0,0,0.047229167979167486,65.92766634585689,0
13,1557.47,0,0,0,0.46655047652463694,453.8071121620427,0
14,287.26,1,0,0,0.30233160056279446,149.03904255092678,0
12,1000.43,1,0,0,0.029643905848135407,46.74682147742404,0
11,1026.0,0,0,0,0.2038104871739367,67.38422998143093,0
2,8974.44,0,4,0,0.7470511699209407,7.584378268237986,1
18,2009.04,0,0,0,0.13318292653325337,26.690502967488825,0
16,1013.28,0,0,0,0.03558700902437664,79.90777830126616,0
17,367.55,0,0,0,0.25623002697630926,92.90862555817964,0
6,310.16,0,1,0,0.25476253503583196,49.36918623909657,0
18,1688.28,0,0,0,0.09432097743099642,298.74276332079484,0
19,1939.52,0,0,0,0.079155115826006,192.80504676975954,0
16,1409.95,0,0,0,0.05100053558850559,62.313358053285455,0
15,265.85,0,0,0,0.024837620924965796,109.31013410185331,0
17,241.44,0,0,0,0.0909954440096013,29.938379495777216,0
18,1050.81,0,0,0,0.11217577145441199,128.22030845030676,0
16,340.46,0,0,0,0.13799333635918526,282.06662064512545,0
12,5513.25,0,0,0,0.034411327916715334,78.31332299956154,0
12,286.11,0,0,0,0.08350940225904595,19.893513257714236,0
10,966.39,0,0,0,0.08708389775296888,123.10002980005476,0
0,192.71,0,1,0,0.036180335679598746,201.9233179430825,0
11,209.02,0,1,0,0.24987655386751148,513.519237873684,0
8,170.45,0,0,0,0.1043334874282577,137.2323679292498,0
13,609.04,0,0,0,0.09394483604644414,404.42572502278773,0
15,1716.16,0,1,0,0.11605516506542482,84.24140581776143,0
16,243.84,0,0,0,0.1465388082829735,122.19713472918998,0
19,321.15,0,0,0,0.48292754796867454,556.2446764766966,0
16,612.75,0,0,0,0.1543498870417104,143.85248859825842,0
1,290.22,0,0,0,0.34319294854035576,380.8606073198637,0
8,53.38,0,0,0,0.05478855718321927,271.5191887327734,0
17,1671.1,1,0,0,0.07946782295131506,432.16966380611046,0
10,68.58,0,0,0,0.2377222934300053,212.6846992755094,0
3,1318.09,0,0,0,0.13276370991180514,10.45937215132018,0
3,1857.6,1,4,0,0.8390969294641583,2.333792801218775,1
17,125.38,0,0,0,0.2272546284685828,926.0656881174674,0
11,2320.53,0,0,0,0.1108380530316845,1129.9269572803933,0
16,203.71,1,0,0,0.06916619882049821,631.9251010171937,0
17,150.0,0,0,0,0.20418642366417442,116.41182235690242,0
5,136.64,0,1,0,0.3531432296395811,48.492564916389675,0
5,190.75,0,0,0,0.0878154178470211,323.29011745599377,0
15,590.58,1,0,0,0.1870647204115954,301.43040875068664,0
14,388.09,0,0,0,0.08683667360965197,102.21183381985607,0
7,309.74,0,1,0,0.052193047800771594,177.42058037435493,0
12,326.89,1,1,0,0.003140615314718964,57.166634188273534,0
10,3967.9,0,1,0,0.0979440779082544,46.3075353523181,0
14,170.24,0,1,0,0.12499547757091187,293.6027829394907,0
11,526.81,1,1,0,0.2930717734659872,55.411630179248704,0
16,150.22,0,0,0,0.11978265105280413,151.44925126517788,0
18,366.28,1,1,0,0.08902028531770308,484.63339578957584,0
18,918.71,0,1,0,0.25532399668666705,149.05178058366815,0
10,1064.41,0,0,0,0.13298704891787047,157.78343601569208,0
12,577.92,0,0,0,0.12058506626259113,164.64819061398381,0
12,489.97,0,1,0,0.10335964781647364,260.59594591721907,0
7,933.93,0,1,0,0.39329010890611077,241.18572775876277,0
13,584.46,0,0,0,0.2271613777694275,645.1591642834381,0
4,8974.44,1,3,0,0.9807736442058285,12.557753969775302,1
14,1170.44,0,0,0,0.3631655299739845,79.75901892519182,0
11,143.39,0,0,0,0.10140893235172381,205.16782677931295,0
9,524.46,0,0,0,0.05900367098367318,97.18274085831816,0
10,176.96,0,0,0,0.2119814391189083,66.07486929808039,0
13,429.7,0,0,0,0.2944152365636987,698.2848577902407,0
0,550.57,0,1,0,0.17764289750517362,90.89398266804197,0
19,306.73,0,0,0,0.0834216427396808,35.13657229054634,0
16,282.06,0,0,0,0.07488898427972297,466.3810749159417,0
11,1093.15,0,0,0,0.08053615834308579,58.773090796066874,0
14,1123.96,0,0,0,0.2359847598376733,16.952725765181803,0
0,547.59,0,0,0,0.06735037644779993,1.6613762602214976,0
16,102.46,0,1,0,0.06549043405086258,217.34425642509976,0
6,877.28,0,0,0,0.08021448910198786,113.07712906312247,0
13,3870.63,1,0,0,0.08581514891491732,284.27326296391766,0
6,743.07,0,1,0,0.21712635130258895,141.65370752625248,0
12,3709.73,1,0,1,0.1291046742353858,26.72301009364196,0
12,374.89,0,0,0,0.1834304228429399,267.67915088767325,0
17,197.88,0,0,0,0.2773393534714217,63.85384906534044,0
14,101.99,0,0,0,0.06329562900138049,1.8689000828105227,0
5,918.44,0,0,0,0.15498283159421547,18.15711721287352,0
22,493.15,0,0,0,0.019744042865285968,318.3241773940706,0
23,1335.6,0,1,0,0.06191307573239041,78.42656365911103,0
14,199.24,0,0,0,0.1303310921416115,49.92600237610791,0
16,662.03,0,0,0,0.21490945249629811,66.39630195438866,0
11,1156.53,0,0,0,0.35355927526927045,168.3797257794598,0
9,237.91,0,0,0,0.08537089629219848,188.1532775310294,0
16,74.61,0,0,0,0.05749163186692054,298.37921921724774,0
16,254.42,0,0,0,0.189464215558849,235.77846685664252,0
9,330.44,0,0,0,0.083859996705487,29.851149540584228,0
10,296.34,1,0,0,0.10105529329580808,1.5927180642339667,0
7,196.42,0,1,0,0.17668518389317683,139.15862657891003,0
23,1051.81,0,0,0,0.10049880448023014,233.2911270225739,0
13,1540.3,0,0,0,0.1328347350769096,82.04090687116208,0
16,575.81,1,0,0,0.2633422689520066,101.62799828357228,0
16,3849.67,0,0,0,0.18176530550057612,138.57510970784688,0
17,608.04,1,1,0,0.02765375865796976,91.30302355868571,0
12,234.82,0,0,0,0.16984636003913897,506.65603781826894,0
23,4823.39,0,2,0,0.7507736414363562,15.013222406635435,1
15,403.69,0,0,0,0.1952162926892025,67.8788807721879,0
7,223.46,0,0,0,0.15917916644106334,137.89224560893965,0
16,152.85,0,1,0,0.1265833781069552,142.89316075352136,0
23,32.28,0,0,0,0.051385315330030386,75.69828627006325,0
16,1174.2,0,1,0,0.03734246192605739,61.68731567597129,0
14,946.88,0,0,0,0.1393940077338173,11.532982607429046,0
5,531.65,0,0,0,0.36944962882476867,85.95707079735288,0
11,97.38,1,1,0,0.603509787491471,77.69379310723933,0
9,185.58,1,0,0,0.03718516749330384,436.2903648854041,0
15,734.74,0,2,0,0.08483301889291373,101.80458734832636,0
19,80.03,0,0,0,0.0599051191354601,31.972286793792122,0
7,285.87,0,0,0,0.47643105558758414,72.73186899633511,0
21,4040.15,0,0,0,0.19939907887225916,66.4867462062093,0
6,204.87,0,0,0,0.05046760151919246,32.890727922026954,0
23,768.72,0,0,0,0.46671218222145994,99.50465706234544,0
21,468.94,0,0,0,0.10348397270788853,21.747486146036476,0
13,1293.48,0,0,0,0.17143161045388597,108.703152553383,0
14,1438.32,0,0,0,0.04699492875307579,423.6150793746391,0
17,950.11,0,0,0,0.05354176642952995,220.06463900038923,0
14,361.75,0,0,0,0.07452826710085876,8.415359546261831,0
20,879.14,0,1,0,0.33421121564065476,63.42617177380651,0
7,1200.26,0,0,0,0.13172188175233537,62.66440675164499,0
17,131.73,0,0,0,0.24539049369917754,394.93859664742877,0
14,166.47,0,0,1,0.2221416127944623,197.83674242343287,0
15,1488.32,0,0,0,0.13298663033739117,41.24662229267522,0
14,640.2,0,0,0,0.0853836398941538,96.25382676978931,0
16,159.61,0,2,0,0.1843275796316618,98.7029203318277,0
3,1857.6,1,1,1,0.49171386104462356,3.7097748517966465,1
7,542.34,0,0,0,0.27409274151603097,48.7396461844177,0
14,267.62,0,0,0,0.33991009280311657,205.84860751420473,0
16,214.78,0,0,0,0.15759524459493976,118.55384882030154,0
9,1191.76,0,0,0,0.19042096902584624,53.1395712779455,0
12,2075.72,0,1,0,0.04415765185702152,14.124002173723591,0
7,310.6,0,1,0,0.15955141710613752,394.71397713598634,0
17,645.74,0,0,0,0.34911573514085636,112.74584284211645,0
23,94.78,0,0,0,0.23420497223887463,8.507429634212109,0
15,1079.79,1,0,0,0.428732103887959,225.09914587830042,0
10,406.03,0,0,0,0.20349802808833106,422.1725375394887,0
